path,text
C:\Users\user\Desktop\audio\audio\000_episode-95-gibran-khalil-gibran\9903480-gibran-khalil-gibran_chunk0000_000000000-000022911.wav,هاي رنا عفوا تاخرت لاوصل بس طولت للقيت سرفيس ولا يهمك مريم ما حسيت بالوقت كنت قاعده عم بقرا مقال عن حياه جبران خليل جبران فيه كتير تفاصيل اول مره بعرفا عنو ما عندي مانع ابدا نتذكر شويه معلومات عن جبران وحياتو
C:\Users\user\Desktop\audio\audio\000_episode-95-gibran-khalil-gibran\9903480-gibran-khalil-gibran_chunk0001_000023940-000025503.wav,عظيم عن
C:\Users\user\Desktop\audio\audio\000_episode-95-gibran-khalil-gibran\9903480-gibran-khalil-gibran_chunk0002_000028959-000054992.wav,خلق جبران ب بلده بشري بشمال لبنان سنه ال ألف و ثمانمائة و ثلاثة و ثمانون انا زايرتا للضيعه طبيعه بتجنن فيا وفيا شجر وخضار كيف ما برمتي جبران خلق بعيله فقيره وتعلم بمدرسه الضيعه كان واضح انو هالطفل عندو مواهب رسم مميزه وصار استاذو يشجعو لينمي موهبتو
C:\Users\user\Desktop\audio\audio\000_episode-95-gibran-khalil-gibran\9903480-gibran-khalil-gibran_chunk0003_000057569-000063807.wav,بسبب هالفقر هاجر مع عيلته باستن بامريكا كان عمره شي عشره او
C:\Users\user\Desktop\audio\audio\000_episode-95-gibran-khalil-gibran\9903480-gibran-khalil-gibran_chunk0004_000065099-000066879.wav,مزبوط
C:\Users\user\Desktop\audio\audio\000_episode-95-gibran-khalil-gibran\9903480-gibran-khalil-gibran_chunk0005_000068219-000090419.wav,كان عمرو اثنا عشر بسنه ألف و ثمانمائة و خمسة و تسعون و هونيك بلشت تظهر موهبتو بالادب لتبلش مسيرتو الادبيه بعدين هالهجره سمحتلو كمان انو يكتب باللغتين العربيه والانكليزيه بنفس القوه و الابداع وتميز بالكتابه عن الحب والدين والفلسفه
C:\Users\user\Desktop\audio\audio\000_episode-95-gibran-khalil-gibran\9903480-gibran-khalil-gibran_chunk0006_000090620-000103360.wav,واكيد ذاكرين انو صار يعتبر احد رموز عصر النهضه العربيه للادب العربي الحديث وخاصه بالشعر النثري او يعني الشعر الحر اللي مش موزون و عالقافيه
C:\Users\user\Desktop\audio\audio\000_episode-95-gibran-khalil-gibran\9903480-gibran-khalil-gibran_chunk0007_000104580-000121540.wav,اكيد ما كان اساتذتو اهتمو فيه كتير وقدر يعمل اول معرض رسم سنه ألف و تسعمائة و أربعة بجامعه كامبريدج ببريطانيا وكان عمرو بس واحد و عشرون سنه
C:\Users\user\Desktop\audio\audio\000_episode-95-gibran-khalil-gibran\9903480-gibran-khalil-gibran_chunk0008_000122815-000144360.wav,اول كتاب الو سمي الموسيقي ومن بعده كتاب عرائس المروج واللي كان فيه ثوره وهجوم علي التعصب الديني والفوارق الاجتماعيه بين الناس يعني انجازات كبيره بعمر صغير بتدل علي عبقريه جبران خليل جبران
C:\Users\user\Desktop\audio\audio\000_episode-95-gibran-khalil-gibran\9903480-gibran-khalil-gibran_chunk0009_000144360-000152360.wav,مش هو قبل اول معرض الو رجع علبنان وعاش أربعة سنين ليتلعم و يتقن اللغه العربيه مبلا
C:\Users\user\Desktop\audio\audio\000_episode-95-gibran-khalil-gibran\9903480-gibran-khalil-gibran_chunk0010_000154008-000178679.wav,ورجع بعد لبنان علي بوسطن ومن بعدا انتقل لل عاصمه الفرنسيه باريس سنه ألف و تسعمائة و ثمانية والتحق ب معهد الفنون الجميله درس هونيك فن التصوير والرسم و النحت ونشر كتاب الارواح المتمرده ومن بعد باريس انتقل عنيويورك و نشر روايه الاجنحه المتكسره
C:\Users\user\Desktop\audio\audio\000_episode-95-gibran-khalil-gibran\9903480-gibran-khalil-gibran_chunk0011_000180756-000186343.wav,انو اول كتاب صدر لجبران باللغه الانجليزيه كان اسمه المجنون
C:\Users\user\Desktop\audio\audio\000_episode-95-gibran-khalil-gibran\9903480-gibran-khalil-gibran_chunk0012_000187720-000189520.wav,بظن كان عمرو بوقتا خمسة و ثلاثون سنه
C:\Users\user\Desktop\audio\audio\000_episode-95-gibran-khalil-gibran\9903480-gibran-khalil-gibran_chunk0013_000192168-000213291.wav,بقولو هالكتاب لاقي نجاح بالولايات المتحده و تترجم مباشره بعد طباعتو لاربع لغات وهني الفرنسيه والالمانيه والايطاليه والاسبانيه ووقت توسعت شهرتو بين الكتاب اكتر بهالفتره اسس جبران مجموعه ادبيه ضمت عدد من الكتاب
C:\Users\user\Desktop\audio\audio\000_episode-95-gibran-khalil-gibran\9903480-gibran-khalil-gibran_chunk0014_000217817-000220462.wav,اللي هو رمز
C:\Users\user\Desktop\audio\audio\000_episode-95-gibran-khalil-gibran\9903480-gibran-khalil-gibran_chunk0015_000222279-000248279.wav,صح واستمر عطاء جبران بالادب فنشر سنه ألف و تسعمائة و ثلاثة و عشرون كتاب النبي اللي ضم اثنا عشر لوحه قام جبران برسما وهالكتاب هو من اشهر مؤلفاتو وكتبو باللغه الانكليزيه تمت ترجمتو لاكتر من مائة لغه و مصنف ضمن اكتر الكتب المترجمه عبر التاريخ
C:\Users\user\Desktop\audio\audio\000_episode-95-gibran-khalil-gibran\9903480-gibran-khalil-gibran_chunk0016_000249449-000259036.wav,جبران نفسو عبر باكتر من مناسبه انو ما توقع هالكتاب ينتشر وينشهر هلاد اما بالجانب الشخصي والعاطفي
C:\Users\user\Desktop\audio\audio\000_episode-95-gibran-khalil-gibran\9903480-gibran-khalil-gibran_chunk0017_000260431-000270051.wav,جبران علاقه حب الفلسطينيه مي زياده وعاشو هالعلاقه بدون ما يلتقو عن
C:\Users\user\Desktop\audio\audio\000_episode-95-gibran-khalil-gibran\9903480-gibran-khalil-gibran_chunk0018_000273140-000281212.wav,وهالرسائل انجمعت بعدين بكتاب اسمو الشعله الزرقاء ضم سبعة و ثلاثون رساله بيناتن
C:\Users\user\Desktop\audio\audio\000_episode-95-gibran-khalil-gibran\9903480-gibran-khalil-gibran_chunk0019_000282640-000287101.wav,بس بتذكر انو في سيده تانيه كانت بحياه جبران
C:\Users\user\Desktop\audio\audio\000_episode-95-gibran-khalil-gibran\9903480-gibran-khalil-gibran_chunk0020_000289108-000301338.wav,دور كبير حسب ما بينحكا بدعم مسيره جبران الادبيه والفنيه ماديا حتي اني قريت مره انا كانت تدققلو لغويا كل كتاباتو وكتبو باللغه الانكليزيه
C:\Users\user\Desktop\audio\audio\000_episode-95-gibran-khalil-gibran\9903480-gibran-khalil-gibran_chunk0021_000302480-000330764.wav,عم تحكي عن ماري هاسكل كاتبين عنا كتير بالمقال ماري كانت اكبر من جبران بحوالي عشر سنين كتبت عنو مذكرات يوميه و اتبادلت هي وياه حوالي ال ستمائة رساله بين سنه ألف و تسعمائة و ثمانية وألف و تسعمائة و واحد و ثلاثون وقت توفي جبران كانت ماري بعدا عم تدقق مسوده اخر كتبو بعنوان التائه
C:\Users\user\Desktop\audio\audio\000_episode-95-gibran-khalil-gibran\9903480-gibran-khalil-gibran_chunk0022_000331040-000341783.wav,وجبران كان اعلن للكل عن فضلا الكبير ب صقل موهبتو لمن كتب لقد اصبحت فنانا بفضل ماري هاسكل
C:\Users\user\Desktop\audio\audio\000_episode-95-gibran-khalil-gibran\9903480-gibran-khalil-gibran_chunk0023_000342839-000344744.wav,جبران توفي صح
C:\Users\user\Desktop\audio\audio\000_episode-95-gibran-khalil-gibran\9903480-gibran-khalil-gibran_chunk0024_000349220-000359934.wav,اتوفي بسببو سنه ألف و تسعمائة و واحد و ثلاثون ومرض السل كان متل اللعنه ععيلتو لان اختو وخيو اتوفو بذات المرض قبلو
C:\Users\user\Desktop\audio\audio\000_episode-95-gibran-khalil-gibran\9903480-gibran-khalil-gibran_chunk0025_000361000-000379760.wav,كانت امنيته يندفن فاختو مريانا وماري حرصو علي تنفيذ هالوصيه وهيك اندفن جبران ب دير مار سركيس ببشري بعد ما رتبو مريانه وماري شرائو واللي بعدين صار يضم متحف الايقونه اللبنانيه جبران خليل جبران
C:\Users\user\Desktop\audio\audio\000_episode-95-gibran-khalil-gibran\9903480-gibran-khalil-gibran_chunk0026_000382440-000388070.wav,بسمع انو هالمتحف كتير حلو و غني بال مخطوطات واللوحات اللي رسمن جبران
C:\Users\user\Desktop\audio\audio\000_episode-95-gibran-khalil-gibran\9903480-gibran-khalil-gibran_chunk0027_000389305-000391702.wav,وبضم الادوات اللي كان يستعملا بالنحت و الرسم
C:\Users\user\Desktop\audio\audio\000_episode-95-gibran-khalil-gibran\9903480-gibran-khalil-gibran_chunk0028_000395102-000416193.wav,لجنه جبران مسؤوله عن المتحف وبتملك الحق الحصري لاداره كل ارث جبران خليل جبران الفني والادبي و حقوق النشر لاصداراتو خاتمه المقال بتحكي عن هاللجنه والمتحف هاللجنه انشات كون اعمال جبران بعدا بتترجم وبتنشر لليوم
C:\Users\user\Desktop\audio\audio\000_episode-95-gibran-khalil-gibran\9903480-gibran-khalil-gibran_chunk0029_000416660-000441940.wav,وتحولت ل مسرحيات واغاني وحلقات اذاعيه وانعمل عنا افلام وثائقيه وكمان ابحاث خاصه حول ادبو ونظرتو العميقه للحياه والموت يلا اخدنا الحديث وما طلبنا شي بعد يلا لكن خلينا نطلب شي دافي نشربو لان بلش يبرد الطقس
C:\Users\user\Desktop\audio\audio\001_episode-94-skit-career-choices\9818304-skit-career-choices_chunk0000_000000000-000024456.wav,ماما ليكي خلصت الكنزه اللي كنت عم خيطا رح صير احلي مصممه ازياء لما بلش شغل واو برافو حبيبتي عنجد حلوه مبين اديه تعبتي عليا ماري بس عنجد بدك تشتغلي كمصممه ازياء تكون هوايه مش اكتر ليش لا
C:\Users\user\Desktop\audio\audio\001_episode-94-skit-career-choices\9818304-skit-career-choices_chunk0001_000023456-000050779.wav,بلشت الشغله كهوايه بس اكتشفت اني كتير بنبسط انا وعم صمم تياب وبحس اني عملت انجاز لما نفذ هالتصاميم عم اشتغل كتير عحالي بكل تواضع بعتبر حالي موهوبه بهالمجال وما عم اتكل بس عالموهبه او الذوق الحلو بحضر دايما فيديويات بتابع اعمال مصممين محترفين وبجرب طور مهاراتي او الskills تبعي
C:\Users\user\Desktop\audio\audio\001_episode-94-skit-career-choices\9818304-skit-career-choices_chunk0002_000052919-000056097.wav,وانا بشجعك تكفي بهال همه وبهنيكي علي تعبك
C:\Users\user\Desktop\audio\audio\001_episode-94-skit-career-choices\9818304-skit-career-choices_chunk0003_000058560-000087480.wav,بس مش هيدا قصدي ما عندي شك بمواهبك الفنيه بس ما تنسي كمان اديه عم تبرعي بالمواد ال علميه بالمدرسه من انت وصغيره بتطلعي بين الاول ب صفوف الرياضيات الفيزياء الكيمياء او الmath physique chimie متل ما بسموهن اساتذتك بالفرنساوي حرام كل هال شطاره ما تدرسي طب او هندسه بالجامعه
C:\Users\user\Desktop\audio\audio\001_episode-94-skit-career-choices\9818304-skit-career-choices_chunk0004_000088199-000115639.wav,كنت عارفه انو بدك تقولي هيك اغلب الاهل بلبنان بدن ولادن يطلعو مهندسين حكما او محاميه كان ما فينا ننجح بغير مجالات مزبوط اني شاطره بال مواد العلميه بس بدرسن لان لازم ادرسن ولان بحب حافظ علي علامات عاليه بس فعليا بلاقي حالي بعالم الموضه بين الالوان ال قماش الموديلات
C:\Users\user\Desktop\audio\audio\001_episode-94-skit-career-choices\9818304-skit-career-choices_chunk0005_000116459-000122839.wav,طيب ما تتخلي عن هالعالم بشكل كامل وخليكي عم تتسلي فيه من وقت للتاني
C:\Users\user\Desktop\audio\audio\001_episode-94-skit-career-choices\9818304-skit-career-choices_chunk0006_000126060-000137872.wav,بس ما صار عازف محترف وعم يدرس هندسه بالجامعه برايي لازم يكون شغلك الاساسي بمجال مضمون وارباحو الماديه ثابته
C:\Users\user\Desktop\audio\audio\001_episode-94-skit-career-choices\9818304-skit-career-choices_chunk0007_000140020-000160809.wav,ماما خيي حر ياخد القرارات اللي بتريحو وانا كمان انا ما بشوف حالي عم بشتغل ب مكتب هندسه من ثمانية للخمسة ولا ب مستشفي كل الليل ما بقدر اشتغل كل حياتي بمجال ما كون شغوفه فيه كتير تعيسه وروح كل يوم
C:\Users\user\Desktop\audio\audio\001_episode-94-skit-career-choices\9818304-skit-career-choices_chunk0008_000162306-000176972.wav,معك حق ماري ما لازم قارنك بخيك ولا اضغط عليكي بس انا عطلانه همك ما بدي ياكي ما تلاقي شغل لما تتخرجي من الجامعه او تتوظفي ويطلع معاشك كتير واطي و تندمي عقرارك
C:\Users\user\Desktop\audio\audio\001_episode-94-skit-career-choices\9818304-skit-career-choices_chunk0009_000178800-000181820.wav,انت بتستاهلك كل النجاح بس
C:\Users\user\Desktop\audio\audio\001_episode-94-skit-career-choices\9818304-skit-career-choices_chunk0010_000189220-000211559.wav,بعدين شكلك ناسيه كم شخص عم يتخرج كمحامي او مهندس وما عم يلاقي شغل التحديات موجوده وين ما كان انا بامن انو اذا شخص عمل اللي بحبو و تعب عحالو بيقدر ينجح اد ما كانت صعبه ظروفو ما في شي بيجي بال هين مش انت هيك علمتينا
C:\Users\user\Desktop\audio\audio\001_episode-94-skit-career-choices\9818304-skit-career-choices_chunk0011_000212259-000239029.wav,كبرتي وصرتي عم تستعمليلي حكياتي الي لتقنعيني باللي بدك ياه انت مبينه واثقه من قرارك بس حابه اعرف منك اديه مفكره فيه كمان يعني حطي عجنب شغفك بالموضه والازياء شفتي مثلا اديه فيه فرص عمل بهالمجال اكيد فيي بلش شغل بدار ازياء محلي
C:\Users\user\Desktop\audio\audio\001_episode-94-skit-career-choices\9818304-skit-career-choices_chunk0012_000028299-000029979.wav,صمم تياب
C:\Users\user\Desktop\audio\audio\001_episode-94-skit-career-choices\9818304-skit-career-choices_chunk0013_000242320-000269201.wav,فيي سافر لبرا كفي علمي بمدن عالميه متل باريس او ميلانو بالنهايه هيدي حياتك وما فيي نقي عنك بس فكري منيح قبل ما تعملي ايه خطوه بعد عندك كم شهر قبل ما تخلص مده تقديم الطلبات للجامعات انك تستشير اشخاص اكبر منك عم يدرسوا او
C:\Users\user\Desktop\audio\audio\001_episode-94-skit-career-choices\9818304-skit-career-choices_chunk0014_000270579-000273199.wav,استفيدي من خبراتن وتجاربن
C:\Users\user\Desktop\audio\audio\001_episode-94-skit-career-choices\9818304-skit-career-choices_chunk0015_000274387-000282253.wav,وبالنهايه شو ما قررتي انا حدك ورح ادعمك فكره حلوه شكرا ماما لتفهمك و دعمك
C:\Users\user\Desktop\audio\audio\001_episode-94-skit-career-choices\9818304-skit-career-choices_chunk0016_000284179-000290959.wav,وعد رح اهديكي اول تصميم محترف او professional باسمي بعد كم سنه
C:\Users\user\Desktop\audio\audio\002_episode-93-skit-wedding-planning\9666507-skit-wedding-planning_chunk0000_000000000-000005383.wav,اووو شو حلو هالمحبس بعدني بمبسط فيه كل ما اتطلع عايدي
C:\Users\user\Desktop\audio\audio\002_episode-93-skit-wedding-planning\9666507-skit-wedding-planning_chunk0001_000006519-000032085.wav,بعد ما فاجاتني يا ماريو باجمل عرض زواج او proposal صار هلاء وقت الجد تحضير العرس حبيبتي ليا منيح اللي امبسطتي بس عمهلك اتفقنا نتجوز الصيفيه الجاي يعني بعد في شي تسعة اشهر بعد بكير لشو بدنا نبلش تحضير من اليوم لما ننعجق اخر دقيقه
C:\Users\user\Desktop\audio\audio\002_episode-93-skit-wedding-planning\9666507-skit-wedding-planning_chunk0002_000031613-000040317.wav,ما بدنا نتاخر بال حجوزات وما بقا نلاقي محلات بعدين في كتير امور لازم نتفق عليا
C:\Users\user\Desktop\audio\audio\002_episode-93-skit-wedding-planning\9666507-skit-wedding-planning_chunk0003_000041354-000054500.wav,الموقع التاريخ الورود الموسيقي المعازيم التياب المصور قولك لازم نطلب مساعده شركه لتنظيم الاعراس ونسلمن الن هالتحضيرات شو
C:\Users\user\Desktop\audio\audio\002_episode-93-skit-wedding-planning\9666507-skit-wedding-planning_chunk0004_000058799-000072090.wav,لا ما بتخايل نحنا بحاجه لهيك خدمات وما ضروري نصرف مصاري زياده عليا اصلا معنا وقت وانت بتحبي تنظمي الحفلات يعني فينا
C:\Users\user\Desktop\audio\audio\002_episode-93-skit-wedding-planning\9666507-skit-wedding-planning_chunk0005_000073718-000098779.wav,واذا انعجقنا بساعدونا اصحابنا اهم شي نتفق عليه بالاول هو تاريخ العرس انا بقترح نعمل الحفله بعشرة حزيران بهالتاريخ كان اول موعد او date ضهرنا فيو سوا ذكري سنويه حلوه منك هين صاير رومانسي ومذكر ايمتي كانت اول ضهره النا
C:\Users\user\Desktop\audio\audio\002_episode-93-skit-wedding-planning\9666507-skit-wedding-planning_chunk0006_000099120-000116379.wav,ما زالنا نقينا نفس التاريخ ليه ما مننقي نفس المنطقه كمان اول مره عزمتني فيا عالعشا كان المطعم بجبيل مساقبه انو انا كتير بحب منطقه جبيل ومناظرا الطبيعيه وقريبه علينا وعلي عيلنا
C:\Users\user\Desktop\audio\audio\002_episode-93-skit-wedding-planning\9666507-skit-wedding-planning_chunk0007_000117459-000128880.wav,بدك بلش نبش عن مطاعم وفنادق او hotels هونيك الاولويه للمحلات اللي عندا صالات خارجيه او outdoor بما انو بكون الطقس حلو بهالوقت
C:\Users\user\Desktop\audio\audio\002_episode-93-skit-wedding-planning\9666507-skit-wedding-planning_chunk0008_000130119-000134462.wav,ايه عجبتني الفكره لكان اتفقنا عتاريخ الحفله وموقعا
C:\Users\user\Desktop\audio\audio\002_episode-93-skit-wedding-planning\9666507-skit-wedding-planning_chunk0009_000135820-000163300.wav,بس بالنسبه لمراسم الزواج او الceremony بحد ذاتا بعدنا عاتفاقنا انو نتزوج مدني اذا ايه فينا نروح كم يوم قبل الحفله علي قبرص ونتزوج رسميا هونيك لان بالدوله اللبنانيه بس فينا نقوم بزواج ديني يمكن بعض افراد عيلتنا واصحابنا ال محافظين او المتدينين ينتقدو خيارنا ويشجعونا عمراسم دينيه
C:\Users\user\Desktop\audio\audio\002_episode-93-skit-wedding-planning\9666507-skit-wedding-planning_chunk0010_000164880-000173628.wav,بتتضايقي بهالحاله صراحه بتوقع بعض ردود الفعل السلبيه اشخاص يمكن ما يتفهموا قرارنا
C:\Users\user\Desktop\audio\audio\002_episode-93-skit-wedding-planning\9666507-skit-wedding-planning_chunk0011_000176267-000196823.wav,فلا ما رح اتضايق لازم كل واحد يعمل اللي بريحو رح اتكل عليك لتنبش عتكاليف عروض سفره وزواج بقبرص خلينا نرجع للسهره عبالي نعمل شي مهضوم و بيلبقلنا ما يكون العرس استعراض تقليدي بيشبه غيرو
C:\Users\user\Desktop\audio\audio\002_episode-93-skit-wedding-planning\9666507-skit-wedding-planning_chunk0012_000264420-000292058.wav,اكيد بدال بطاقات العزيمه مثلا فينا نصمم فيديو مهضوم منخبر فيه قصتنا عالسريع و منعلن تفاصيل العرس منبعتو بالواتساب للمعازيم ومنوفر مشاوير لتسليم البطاقات وتكاليف طبع فينا كمان نطلب من اصحابنا يرافقو اعضاء فرقه الزفه اللي رح يكونو عم يهيصو ويرقصو نحنا وفايتين عالصاله هيك منضيف علين لمسه شخصيه اعطيني شويه وقت بجرب اطلع بافكار خلاقه او creative مش غلط بالنسبه للفستان شفت من كم يوم موديل كتير عجبني هات لفرجيك صوره يي لا ما لازم تشوف فستان العروس قبل نهار العرس حظ سيء بلاها خليا مفاجاه احلي بالنسبه للون الزهور والديكور فينا نتفق علين مع منسق الزهور بس احزار اي لون انا حابه اكيد الارجواني الفاتح لونك المفضل ما عندي مشكله بهالموضوع بعرفك مذوقه نقي الزهور اللي بدك ياها بس اللي ما بدي ياه انا هو هيدا الغاتو اللي كتير عالي بكون فيو عده طبقات وبتخايل بكون اصطناعي اصلا فينا نضل عغاتو طبقه وحده بتذكر دايما ما بيعجبك و بتنتقدو لما نكون معزومين عشي عرس
C:\Users\user\Desktop\audio\audio\002_episode-93-skit-wedding-planning\9666507-skit-wedding-planning_chunk0013_000292610-000294644.wav,بس انا
C:\Users\user\Desktop\audio\audio\002_episode-93-skit-wedding-planning\9666507-skit-wedding-planning_chunk0014_000298299-000307799.wav,منرجع منحكي ما ضروري نتفق عكل شي اليوم هلا بدي استاذن منك لان ضاهره مع صديقتي ريم رح اطلب منا تكون اشبينتي اوكي سلميلي عليا وانشالله بتتسلو
C:\Users\user\Desktop\audio\audio\003_episode-92-skit-household-budgeting\9506944-skit-budgeting_chunk0000_000199542-000215160.wav,مسا الخير حبيبتي بشو معجوقه بهالوقت عم تكتبي كل هالارقام والحسابات اهلا عم احسب مصاريفنا الشهريه وشوف كيف فينا نخففن كل شي غليان خلال الازمه الاقتصاديه اللي عم فصرنا مجبورين نوف ر ليادينا المعاش لاخر الشهر يلا تعا اقعد حدي واعطيني كم فكره للميزانيه الجديده شكرا ميرنا انك عملتي هيك مبادره كل عمرك بتنتبهي عالمصروف اكتر مني شو رايك نقتصد اول شي باشتراك مولد الكهربا او الmoteur متل ما منسميه بالفرنساوي مزبوط الدوله ما عم تامن غير كم ساعه كهربا بالنهار و مجبورين نتكل عموتير الحي لما نقعد عال عتمه بس فينا بدال ما نشترك بعشرة امبير نطلب منو خمسة بس معك حق تسعيره الموتير غليت كتير ونحنا بطلنا بحاجه لعشرة امبير اصلا ما بقا رح نستعمل المكيف او الAC بالشتويه يلي كان يتطلب كتير كهربا هالكم ضو تلفزيون وبراد ما بعوزو اكتر من خمسة امبير ليدورو شخصيا رح وقف اشتراك الأربعةG لاني ما عم استعملو كتير خاصه انو بالبيت وبالشغل عنا انترنت من خلال Wi Fi بالنسبه للسيارات كمان لازم نفكر ب حل ما بقا قادرين نفول سياراتنا تنيناتنا عتسعيره البنزين الجديده بدك نبيع سياراتنا يعني لا ولو انا كتير بحب سيارتي بعدين كيف بدنا نروح ونجي بلا سيارات النقل العام مش عملي ولا متطور بلبنان والتاكسي رح يكون غالي كل يوم لا شو بيك دغري بتفكر بالاسوء اطمن ما حدا رح يدق بسيارتك كان قصدي نستعمل نفس السياره يعني نعمل carpooling بما انو اشغالنا حد بعضا فينا نروح ونجي سوا انا سيارتي اصغر وبتصرف بنزين اقل فمننزل فيا بوصلك ع مكتبك وبكفي عشغلي اخر النهار بقطع بجيبك ومنرجع سوا عالبيت وسيارتك الاحب عقلبك منتركا للمشاوير والضهرات ممم اوكي اذا هيك اتفقنا بالنسبه لاشتراك النادي الرياضي او الgym انا رح وقفو هالفتره عم ادفع عالفاضي وما عم يكون الي جلاده روح فيي صير اتمرن بالبيت لما يكون معي وقت ولما يخف ضغط الشغل واقدر ارجع التزم بنظام تمرين ب جدد الاشتراك ما تعملي مثلي ما بدي بعرف اديه بتنبسطي بالرياضه وبتغيري جو بالgym شكرا نصار انك دايما بتفكر فيي معك حق مش عبالي ابدا وقف رياضه هاي فشه الخلق الوحيده بالنسبه الي هالايام بس اللي فيي اعملو هو انو غير النادي اللي مشتركه فيه في gym حدنا باخر الشارع اصغر و ارخص من الgym اللي مشتركه فيو هلا
C:\Users\user\Desktop\audio\audio\003_episode-92-skit-household-budgeting\9506944-skit-budgeting_chunk0001_000216325-000236399.wav,يعني كمان بوفر بنزين بيبقي مصروف الاكل عم يروح قسم كبير من معاشاتنا عالاكل والشرب لانو عم نطلب اكل خالص من المطاعم دايما مش لانو مناكل كتير يعني هيدي حلا هين لازم نطبخ اكتر بالبيت
C:\Users\user\Desktop\audio\audio\003_episode-92-skit-household-budgeting\9506944-skit-budgeting_chunk0002_000237470-000242209.wav,عفكره حتي القهوه معظم الوقت عم نشتريا من المقاهي او الcoffee shops
C:\Users\user\Desktop\audio\audio\003_episode-92-skit-household-budgeting\9506944-skit-budgeting_chunk0003_000243406-000245940.wav,ما منحسا غاليه بلحظتا بس من نهار للتاني عم تشقع منيح
C:\Users\user\Desktop\audio\audio\003_episode-92-skit-household-budgeting\9506944-skit-budgeting_chunk0004_000247899-000252820.wav,خلينا نوعي الصبح ابكر شوي و نحضرا بالبيت
C:\Users\user\Desktop\audio\audio\003_episode-92-skit-household-budgeting\9506944-skit-budgeting_chunk0005_000254104-000258500.wav,ضيعانا بحب كتير قهوه هيدا المقهي اللي علي طريقي عالشغل
C:\Users\user\Desktop\audio\audio\003_episode-92-skit-household-budgeting\9506944-skit-budgeting_chunk0006_000259573-000280028.wav,لازم نقتصد بهالامور وبالنهايه فينا نضل نطلب اكل او قهوه جاهزه من فتره للتانيه بعتقد اهم خطوه هلا هي انو نحسب تقريبا هالقرارات اديه باثرو عالمصروف و نعدل ميزانيتنا للشهر الجاي
C:\Users\user\Desktop\audio\audio\003_episode-92-skit-household-budgeting\9506944-skit-budgeting_chunk0007_000281519-000285691.wav,صحيح لازم نعمل ميزانيه جديده ونلتزم فيا
C:\Users\user\Desktop\audio\audio\003_episode-92-skit-household-budgeting\9506944-skit-budgeting_chunk0008_000287861-000296725.wav,من اكل ومنكفي حساباتنا من بعدا تمام بهالوقت ومنحكي بعد
C:\Users\user\Desktop\audio\audio\004_episode-91-education-sector-crisis\9434068-educational-sector-crisis_chunk0000_000000980-000005500.wav,الو يسلملي هال صوت كيفك حبيبتي
C:\Users\user\Desktop\audio\audio\004_episode-91-education-sector-crisis\9434068-educational-sector-crisis_chunk0001_000008176-000033171.wav,يخليلي ياك خالتو منيحه الحمدالله انت كيفك و كيف شغلك لحظه لحظه انسي كيفني وكيف شغلي مش عاجبني صوتك ابدا مريضه شي لا لا ابدا اممم بصراحه مش كتير منيحه بس مني مريضه هيك تعبانه شوي نفسيتي هالفتره شغلتيلي بالي ريم
C:\Users\user\Desktop\audio\audio\004_episode-91-education-sector-crisis\9434068-educational-sector-crisis_chunk0002_000032767-000060700.wav,هاتي خبريني شو صاير معك او شو اللي مضايقك ما بلشتو بعد جامعه لاء وهيدا واحد من الاسباب اساتذه الجامعه اللبنانيه ماضربين و كالعاده فصلنا الدراسي او يعني الsemester هيدا بعد ما بلش طيب ليه تزعلي حالك هلاد اعتبري صيفيتك كان مكمله وما خلصت وانبسطي بوقتك
C:\Users\user\Desktop\audio\audio\004_episode-91-education-sector-crisis\9434068-educational-sector-crisis_chunk0003_000059700-000087980.wav,يا ريت بهالبساطه المشكله انو بكرا فجاه بفكو الاضراب بدون اي حلول وبصيرو الاساتذه والدكاتره يضغطولنا مواد الفصل كلو بشهر واحد او شهر ونص بدل أربعة شهور ومنصير منحشي حالنا بالمواد حشي بدون فهم لحتي بس ننجح بالامتحانات وما نخسر مواد او يعني courses
C:\Users\user\Desktop\audio\audio\004_episode-91-education-sector-crisis\9434068-educational-sector-crisis_chunk0004_000318700-000331299.wav,وحتي بياخدولنا صيفيتنا ليلحقو البرنامج انسي الموضوع هي اصلا كل تجربه الجامعه من وقت بلشت من سنتين عم تكون عكس كل شي حلو كنت ناطريتو ومتوقعيتو لا هاك الحديث صار بده وروح اقعد بعرف انو الامور كانت صعبه من وقت تخرجتي مدرسه وفتتي عالجامعه اول الشي كورونا وتقطيع الطرقات ايام حراك سبعة عشر تشرين ومن بعدها بلشت الازم الاقتصاديه ما بتخيل اي شي كان سهل عليك وعكل الطلاب اللي بلشو تجربه الجامعه بهيك ظروف بس ما كنت متخيله انك تكوني عامله كابه او يعني depression ما تسميا كابه ما سمحتلا توصل لكابه بس كانت صعبه وفيا كتير تحديات وهالشي اثر كتير عنفسيتي انا و رفقاتي بالجامعه كنت متحمسه كتير لتجربه الجامعه و ناطريتا مناطره نحنا بلشنا ووصل فايروس كورونا علبنان وتحول التعليم اونلاين اكبر مشكله كانت انو اختصاصي اللي هو فيزيو ثيرابي مبني علي الجانب التعليمي العملي او ال practice وبدو حضور مباشر وساعات الستاج او الtraining المطلوبه كتيره مع تحويل التعليم لاونلاين وعبر الانترنت خسرنا كل هيدا ال جانب صرت حاول اتدرب عاخواتي بالبيت او هيك حلول بديله بس ما كان ناجح هيك اختفت حياه الجامعه امكانيه التفاعل مع الاساذي وبناء العلاقات وكتير اشياء تانيه رحت علينا المواد صارو ناشفين كتير ومملين والاساتذه للاسف ما كانو عم يلتزمو بالبرنامج المحدد اونلاين فكتير اوقات كانو يغيبو عن الصفوف المحدده باي وقت بيبعتولنا رساله بس هيدا ظلم للطالب يعني البرنامج المحدد شي كتير اساسي لضبط برنامج و طاقه الطالب و ترتيب وقتو بين محاضرات و درس وبعدين حياه شخصيه وراحه تماما حتي اخواتي الصغار بالمدرسه بطل عندن نظام لاي شي بنامو كل يوم الصبح لساعات متاخره وعنجد صارو تنابل او يعني ليزي ومثلا عندك النشطات اللي كانت تنطلب منا ما قادره اوصفلك اديش كان صعب نشتغل نشاطات بهالشكل ضجه العيله حوالينا بالبيت الانترنت عم يقطش و عفوقن فتنا بفتره انقطاع الكهربا مع اشتداد الازمه بلبنان بالحصص الاونلاين كمان كتير صعب تسالي الاستاذ او تطلبي يعيد فكره لتفهميا واذا قطش عندك النت فخلص راحت عليك الفكره اللي عم يشرحا الكهربا تعبتنا كلنا انا شخصيا ضررتني كتير بجزء من شغلي اللي بعملو عن بعد او يعني remotely هلا بطل في اغلاق بس خالتو رجعنا ب عز الازمه الاقتصاديه والغلا قديش عم يكلفني التنقل بالسيرفيسات وحتي الفانات السرفيس غلي من ألفا ليره قبل الازمه ل خمسة و عشرون الف هلا كل شي تاني من مصروف اكل
C:\Users\user\Desktop\audio\audio\004_episode-91-education-sector-crisis\9434068-educational-sector-crisis_chunk0005_000333700-000353094.wav,ما بقدر قلك ما تتضايقي بس بقدر مبدئيا قلك تحضريلي حالك نعمل سهره قريبا منحضر عشا سوا ومنحط فيلم ومنسهر احلي سهره لتغيري شويه جو ومنحكي اكتر بهالموضوع او عبالك نضهر بما انو ضايق خلقك من زربه البيت لا لا
C:\Users\user\Desktop\audio\audio\004_episode-91-education-sector-crisis\9434068-educational-sector-crisis_chunk0006_000354140-000378446.wav,هالفتره رجعت عم ضل اغلب اوقاتي برا البيت بالستاج وهيك فسهره رايقه ببيتك الحلو بتكون ممتازه وبصراحه اوفر اسعار المطاعم صايره خرافيه اد ما غاليه بهاي معك حق ميه بالميه يلا منحكي لكن بهالكم يوم و منرتبا باي خالتو الله معك حبيبتي
C:\Users\user\Desktop\audio\audio\005_episode-90-singular-dual-plural-nouns\9345942-singular-dual-plural-nouns_chunk0000_000396684-000398119.wav,ريا عم بقرا بنص حلقتك او السكريبت يعني انك كاتبه مع انك انت قلتي قبلا انك اشتريتي مزهريتين بس صح في غلط يعني انو هني اكتر من مزهريه وحده فعادي حكيت عنن بالجمع اوplural يعني للصراحه ما بيزبط لان هيك بتكوني استخدمتي لغه مش صحيحه وتجاوزتي القاعده اذا بدنا نحكي حسب القاعده الاساسيه بالفصحه فالمفروض
C:\Users\user\Desktop\audio\audio\005_episode-90-singular-dual-plural-nouns\9345942-singular-dual-plural-nouns_chunk0001_000399826-000408410.wav,يعني مثني او dual بالانكليزي كتير قواعد للغه العربيه بس في قواعد ثابته ما هلا هون مثلا قنعتيني من ترابلوس عنجد قواعد شو رايك نراجعن او يعني نرجع نتذكرن سوا ممتاز وضروري نراجع قواعد نبلش مع المفرد او يعني ال singular خلينا نحط جمله او جملتين بالمفرد ونفسن منرجع منطبق علين المثني والجمع لنشوف كيف و شو اللي عم يتغير فين المفرد هو شي او شخص او مكان واحد شو عندك امثله مثلا هيدا الكتاب اشتريتو من مكتبه بطرابلس الاشاره اللي قلوه مفرد اللي هو هيدا والفعل اللي واللي هو اشتريتو مثال تاني اللي هو جملتي اللي طلعت مش صح بالمفرد بتكون هيدي المزهريه بدي اخدا هديه ليصير اول مثل يعني عم يحكي كتاب بتكون كتابين والجمله بتصير هيدول الكتابين اشتريتن من طرابلس معظم القواعد العربيه الصحيحه بالنسبه للمثني ما منشوفا بالعاميه بالفصحي منزيد عالاسم الف ونون بالاخير او ياء ونون لتصير الكلمه مثني حسب وين جاي الكلمه بالجمله هال فرق او القاعده ما بتبين معنا بالعاميه وبالعاميه ما منستخدم اسم الاشاره و الفعل بصيغه المثني متل ما لازم بل منستخدم الجمع مع المثني يعني لو مثني هالجمله عم نحكيه فصحي بتصير هذان الكتابان اشتريتهما من طرابلس وبالعربي الفصحه الكلمات المثني اللي بيجي من بعدن اسم تاني منشيل من اخرن النون مثلا اذا حطينا كلمه العلوم بعد الكتابان بالفصحي بتصير الجمله هذان كتابا العلوم اشتريتهما من طرابلس بينما بالعاميه بتضل الجمله متل ما هي ومنقول هيدول كتابين العلوم اشتريتن من طرابلس In order for the first example to become dual which means talking about two book becomes two books and the sentence becomes I bought these two books from Tripoli Most correct Arabic rules regarding dual are not seen in common Arabic In fos ha we add alef ا and noon ن or ya ي and noon ن so that the word becomes dual depending on where its position in the sentence is This difference or rule does not appear in common Arabic In common Arabic also we do not use a dual demonstrative and verb as we should but rather we use plural with dual Thus if we were saying the dual of this sentence in fos ha it would have become Hathan al kitaban ishtaraytohoma min Tarablos In fos ha Arabic also we remove the noon from the end of dual words which are followed by another noun For example if we added the word science after two books the sentence in fos ha becomes hathan kitabaa al oloum ishtaraytohoma min Tarablos Whereas in common Arabic the sentence remains the same and we say I bought these two science books from Tripoli عنجد قواعد العاميه كتير غير عن الفصحي ومعك حق كوني عم بحكي عن مزهريتين جملتي كان لازم تكون هيدول المزهريتين بدي اخدن هدايا واذا كانو اكتر من تنين هيدول المزهريات بدي ميه بالميه يعني صرنا عم نحكي والجمع بتختلف قواعدو بين المؤنث والمذكر او يعني ال Feminine وال masculine جمع زدت عليها الف وتاء بالاخير فصارت جمع صح Exactly And when we say more than two this means we are now talking plural Rules of plural differ between feminine and masculine For example the word vase in your sentence When you converted it to plural you added alef ا and ta ت at the end and so it became plural right صح مزهريه مزهريتين ومزهريات جمع العامه لجمع المؤنث او بيقولوا بالفصحه جمع مؤنث سالم هي زياده الف وتاء بنهايه امثله تانيه مثل عنزه يعني الجوت بتصير اما جمع بالفصحه جمع فالقاعده العامه الو اذا كان عاقل يعني عم هي زياده واو ونون او ياء ونون باخر الكلمه حسب مكانا بالجمله بس بالعميه نحنا بتصير مسافرين ونشيط بتصير نشيطين ولاعب بتصير لاعبين ضل بس نحكي عن جمع التكسير اللي هو ما بيخضع لقاعده ثابته وهيدول الكلمات منصير نعرفن ونحفظن ب ممارسه اللغه واسمو تكسير لانو بكسر الكلمه و بغير شكلا علي عكس القاعدتين اللي ذكرناهن هلا واللي الكلمه فين بتضل متل ما هي وبس منزيد شي باخرا كلمه كتاب بتصير كرسي بتصير كراسي شباك بتصير شبابيك وفنجان بتصير فناجين فاذا حكينا عن المفرد اللي بدل علي واحد مثال مذكر هيدا شباك كبير ومثال مؤنث هيدي البنت الصغيره اختي بالمثني اللي بدل علي تنين بصيرو الجملتين هيدول شباكين كبار البنتين الصغار اخواتي اما بالجمع فالجملتين بصيرو هيدول الشبابيك كبار ومتل ما كنا قلنا شبابيك هي جمع تكسير لانو الكلمه تغير كل شكلا اما الجمله التانيه فبتصير هيدول البنات الصغار اخواتي هيك بيضل بدنا مثال عن جمع المذكر كلمه مسافر المسافر راح عالمطار بالجمع بتصير المسافرين ومتل ما لاحظنا ريا لمن يكون حكينا عن مفرد او مثني او جمع لازم كل الكلمات الباقيه بالجمله اللي تابعه او بتشير الن تكون متلن مفرد او مثني Now we still need an example on masculine sound plural to which we add ya ي and noon ن at the end of the word For example the word msefir traveler The traveler went to the airport In plural it becomes the travelers went to the airport And as we have noticed Rea when we are talking about either singular dual or plural all other words in the sentence that belong to and refers to them should be like them either singular dual or plural
C:\Users\user\Desktop\audio\audio\005_episode-90-singular-dual-plural-nouns\9345942-singular-dual-plural-nouns_chunk0002_000412059-000424820.wav,مراجعه بسيطه وضروريه كتير لهالقواعد رح ارجع راجع كل نص حلقتي بناء علين وصحح اذا فيه اي اغلاط بالتوفيق ريا
C:\Users\user\Desktop\audio\audio\006_episode-89-skit-hanging-out-during-the-pandemic\9304309-skit-hanging-out-during-the-pandemic_chunk0000_000000949-000007959.wav,الو مسا الخير ميرا كيفك شو عامله الليله اهلا انا منيحه وانت كيف
C:\Users\user\Desktop\audio\audio\006_episode-89-skit-hanging-out-during-the-pandemic\9304309-skit-hanging-out-during-the-pandemic_chunk0001_000009558-000015321.wav,كل ليله ساحضر عشاء طيب واقعد احضر شيء مسلسل
C:\Users\user\Desktop\audio\audio\006_episode-89-skit-hanging-out-during-the-pandemic\9304309-skit-hanging-out-during-the-pandemic_chunk0002_000017393-000018879.wav,مشاريع
C:\Users\user\Desktop\audio\audio\006_episode-89-skit-hanging-out-during-the-pandemic\9304309-skit-hanging-out-during-the-pandemic_chunk0003_000069140-000087378.wav,عم فكر زبط ضهره مع الشله كرمال هيك عم احكيكي النا كتير زمان مش ضاهرين كلنا سوا وانا شخصيا مشتاق نقعد نتساير تعي معنا بلا نتفلكس الليله كل يوم فيكي تحضر مسلسلات بس مش كل يوم فيكي تشوفينا خليها لغير مره بكرا عندي شغل ونهار طويل مليان اجتماعات بشوفكن غير ليله ما منطول فيكي تفلي لما بدك وانا بعرفك ما بتنامي بكير عاده يعني حتي لو بقيتي بالبيت رح تكوني سهرانه عنتفلكس الك فتره كل ما احكيكي بكون عندك حجه لما تضهري معنا شو
C:\Users\user\Desktop\audio\audio\006_episode-89-skit-hanging-out-during-the-pandemic\9304309-skit-hanging-out-during-the-pandemic_chunk0004_000086378-000111834.wav,فيه
C:\Users\user\Desktop\audio\audio\006_episode-89-skit-hanging-out-during-the-pandemic\9304309-skit-hanging-out-during-the-pandemic_chunk0005_000110834-000136291.wav,
C:\Users\user\Desktop\audio\audio\006_episode-89-skit-hanging-out-during-the-pandemic\9304309-skit-hanging-out-during-the-pandemic_chunk0006_000135291-000160748.wav,
C:\Users\user\Desktop\audio\audio\006_episode-89-skit-hanging-out-during-the-pandemic\9304309-skit-hanging-out-during-the-pandemic_chunk0007_000159748-000185204.wav,
C:\Users\user\Desktop\audio\audio\006_episode-89-skit-hanging-out-during-the-pandemic\9304309-skit-hanging-out-during-the-pandemic_chunk0008_000184204-000211220.wav,زعلانه منا ابدا بالعكس بعتذر اذا ما كنت واضحه معك قبل وبينت عم اتهرب منكن بس انت بتعرف قدي كنت عم اخد احتياطاتي لما حدا يعديني فيروس الكورونا لو الدوله فتحت البلد بعدني عم خاف اضهر مع مجموعات او groups كبار وبفضل شوف شخص او شخصين بمطرح بالخارج او outdoor بتفهم مخاوفك ريما بس لازم نكفي حياتنا نحنا واخدين حذرنا اكيد اذا بدك فينا ننقي مطعم او حانه pub outdoor اصلا مش انت اخدت اللقاح الvaccin صار فيكي تطمني بالك شوي وترجعي تشوفي اصحابك اخدت بس اول جرعه او dose متل ما منسميها بالانكليزي ناطره خلص تاني dose لاحصل عالحمايه الكامله من بعدها ببلش جرب اضهر اكتر عمر كتير غريب الشعور اول ما بلشنا اغلاق او lockdown كانت كتير صعبه القعده بالبيت هلق تعودت وصارت الرجعه للحياه الطبيعيه هي اللي صعبه بعرف انو اغلب الشباب عم يضهروا عادي بس انا مش عارفه اكسر روتين البيت يمكن قد ما كنت ملتزمه بالاحتياطات وخيفانه من الفيروس اكيد بتفهمك كل واحد حقو يتاقلم عراحتو وبالوقت اللي بناسبو حاسس انو الشغل من البيت الدرس من البيت التلفون لاصحابك بدل الضهره صاروا جزء من منطقه الراحه تبعك او الcomfort zone ما بدي اضغط عليك ريما بس برايي لازم تجربي ترجعي شوي شوي لحياتك الاجتماعيه كرمال تغيري جو حق كتير قليل بس بدي اتخطي منطقه الراحه تدريجيا فضهره مع كل اصحابنا بفرد مره رح تكون صعبه اذا بدك بكرا منضهر انا وياك وحدنا منتعشي شي محل او مناخد كاس عرواق ما زال قبلتي احسن ما ترجع تغيري رايك منضهر الليله بعد ما حكيت حدا من الشباب فيي شوفن بكرا او لما بدي
C:\Users\user\Desktop\audio\audio\006_episode-89-skit-hanging-out-during-the-pandemic\9304309-skit-hanging-out-during-the-pandemic_chunk0009_000211179-000218279.wav,يلا فيكي تلقيلي عبرومانا منطقه رايقه برود وفيها قعدات حلوه برا
C:\Users\user\Desktop\audio\audio\006_episode-89-skit-hanging-out-during-the-pandemic\9304309-skit-hanging-out-during-the-pandemic_chunk0010_000220642-000226705.wav,اوووه بس هلق تذكرت انو سيارتي بعدها بالتصليح صار فيها عطل من كم يوم فما فيي روح عبرومانا يمكن
C:\Users\user\Desktop\audio\audio\006_episode-89-skit-hanging-out-during-the-pandemic\9304309-skit-hanging-out-during-the-pandemic_chunk0011_000229820-000232899.wav,فيك انت تجي تزورني بالبيت شي نهار اها
C:\Users\user\Desktop\audio\audio\006_episode-89-skit-hanging-out-during-the-pandemic\9304309-skit-hanging-out-during-the-pandemic_chunk0012_000233914-000235409.wav,رجعنا عالحجج
C:\Users\user\Desktop\audio\audio\006_episode-89-skit-hanging-out-during-the-pandemic\9304309-skit-hanging-out-during-the-pandemic_chunk0013_000236817-000254360.wav,لكان حضري حالك مشوار الطريق وبكون عندك منتمشي سوا ومنقعد بمطعم outdoor حد بيتك بناسبك هالاتفاق انت احسن صديق بالدنيي كلها شكرا انك زبطت المشروع لكون مرتاحه بشوفك بعد شوي عمر
C:\Users\user\Desktop\audio\audio\007_episode-88-skit-surprise-birthday-party\9262387-skit-surprise-birthday-party_chunk0000_000000000-000009176.wav,مرحبا هبه كيفك ما بدي اخد كتير من وقتك بس في مفاجاه لازم نحضرا سوا عيد صديقتك المفضله وخطيبتي سيرين
C:\Users\user\Desktop\audio\audio\007_episode-88-skit-surprise-birthday-party\9262387-skit-surprise-birthday-party_chunk0001_000010760-000037334.wav,اهلا شادي انا منيحه وانت لا ولا يهمك عندي كتير اوقات فراغ اليوم بس بدك نبلش تحضير عيد سيرين من هلا اذا مني غلطانه بعد بكير منك غلطانه عيدا اخر الشهر بس انا مسافر بعد كم يوم لجمعتين كرمال الشغل وما رح افضي كتير للموضوع فقلت بتفق معك علي اهم الاشيا شو بدنا
C:\Users\user\Desktop\audio\audio\007_episode-88-skit-surprise-birthday-party\9262387-skit-surprise-birthday-party_chunk0002_000035945-000055698.wav,وين بدنا نعيد ومين بدنا نعزم هيك بطمن بالي من ناحيه الحجوزات والعزايم و بخلص باقي التفاصيل لما ارجع من سفرتي اه اوكي معك حق اذا هيك نيالا فيك سيرين طيب شو رايك نعمل مشروع عالبحر
C:\Users\user\Desktop\audio\audio\007_episode-88-skit-surprise-birthday-party\9262387-skit-surprise-birthday-party_chunk0003_000057888-000059799.wav,من عشيه
C:\Users\user\Desktop\audio\audio\007_episode-88-skit-surprise-birthday-party\9262387-skit-surprise-birthday-party_chunk0004_000060979-000063200.wav,بعدو الطقس حلو وخرج هيك مشاوير
C:\Users\user\Desktop\audio\audio\007_episode-88-skit-surprise-birthday-party\9262387-skit-surprise-birthday-party_chunk0005_000065937-000089059.wav,كانت عم تقللي سيرين انها زهقت من البحر قد ما راحت برايي نغير شوي فينا نستاجر شاليه بمنطقه جبليه مع قعده حلوه برا منعزم اصحابا زملاءا وقرايبينا ومنعمل مشاوي بتكيف سيرين بقعدات الجبل خاصه لما يكون ال منظر حلو
C:\Users\user\Desktop\audio\audio\007_episode-88-skit-surprise-birthday-party\9262387-skit-surprise-birthday-party_chunk0006_000089419-000107468.wav,خلينا يا شادي ننتبه لل موقع والمنظر لما نبلش ننبش عن شاليات بس بالنسبه لل معازيم ما بوافقك الراي ابدا كتير معارف بس بهيك مناسبات بتحب تحتفل مع اقرب الاشخاص
C:\Users\user\Desktop\audio\audio\007_episode-88-skit-surprise-birthday-party\9262387-skit-surprise-birthday-party_chunk0007_000109508-000120660.wav,مزبوط كيف نسيت كنت عم فكر انا شو بحب لو كنت محلا بس هلا تذكرت انو السنه الماضيه عزمت شي سبعة ثمانية اشخاص بس علي عيدا
C:\Users\user\Desktop\audio\audio\007_episode-88-skit-surprise-birthday-party\9262387-skit-surprise-birthday-party_chunk0008_000121993-000127982.wav,انت انا اختا ومين الباقيين دخلك يمكن جارا وسام و ما
C:\Users\user\Desktop\audio\audio\007_episode-88-skit-surprise-birthday-party\9262387-skit-surprise-birthday-party_chunk0009_000129869-000139240.wav,ببقي بشوف صور السنه الماضيه وبفكر اذا في حدا تقربت منو اخر فتره ورح تحب انو يكون موجود ما تعتل هم المعازيم
C:\Users\user\Desktop\audio\audio\007_episode-88-skit-surprise-birthday-party\9262387-skit-surprise-birthday-party_chunk0010_000140851-000143582.wav,انا بعمل ليحه او
C:\Users\user\Desktop\audio\audio\007_episode-88-skit-surprise-birthday-party\9262387-skit-surprise-birthday-party_chunk0011_000146440-000148531.wav,فيك انت تتوكل باستئجار الشاليه
C:\Users\user\Desktop\audio\audio\007_episode-88-skit-surprise-birthday-party\9262387-skit-surprise-birthday-party_chunk0012_000272059-000279280.wav,ايه اكيد فيي نبش عالانترنت عن شاليات حلوه بلبنان انا ومسافر من عشيه بعد الشغل ورح احجز حتي اللي بيعجبني و ادفع عبر الانترنت او online قبل ما ارجع هيك منطمن بالنا انو ال موقع جاهز انسي المشاوي بطلب اكل خالص لما نتلبك بلكي بيتزا اكلتا المفضله لسيرين اوكي بالنسبه لل غاتو اتركو علي رح وصي عليه قبل بكم يوم من العيد بعد معنا وقت واهم شي البوالين هي كتير بتحب البوالين رح جبلا بالون مكتوب عليه رقم خمسة و عشرون بما انو هلاد رح يصير عمرا وواحد تاني مكتوب عليه عيد ميلاد سعيد او Happy Birthday رح تنبسط فين وتتصور معن اكتر ما رح تقعد معنا برايي بدل الغاتو فينا نجيب كم cupcakes علي عده طعمات بلكي شي دزينه حسب اديه منكون هيك منكون غيرنا عن الغاتو ال تقليدي وهي هالايام كل ما يطلع عبالا حلو او dessert عم تطلب cupcakes هبه عندك فكره كيف فينا نتصرف نهارتا لما تشك انو محضرينلا مفاجاه رح عيدا الصبح بكير متل ما بعمل كل سنه و اوعدا انو منتعشي سوا بالكم يوم اللي جايين ما تعمل حالك ناسه لما تشك قلا انك حاجز شاليه صغير بس الكن لتقضو وقت سوا بهالمناسبه عرواق منسبقكن لهونيك ومناخد معنا ال هدايا البوالين الcupcakes هيك لما توصلو بكون كل شي جاهز منتخبي بالشاليه ولما تفوتو منقلا surpriiiise شكرا كتير مشروع مبكل ما كنت رح اقدر حضر كل شي بلاكي ان شا الله تزبط معنا وتتفاجا سيرين بس اللي اكيد منو اديه رح تنبسط ولو انت بتعرف انو بعز سيرين متل اختي
C:\Users\user\Desktop\audio\audio\007_episode-88-skit-surprise-birthday-party\9262387-skit-surprise-birthday-party_chunk0013_000282746-000286559.wav,كل التفاصيل تروح وترجع بالسلامه
C:\Users\user\Desktop\audio\audio\008_episode-87-skit-diet\9226250-skit-deit_chunk0000_000000000-000022499.wav,صباح الخير ريمي شو عم تعملي هلاد بكير عالحاسوب او الlaptop نهار فرصتك صباح النور خيي قررت اليوم بلش حميه diet متل ما منقلا بالانكليزي فعم نبش عن اكلات صحيه نحضرا للغدا بتفضل وجبه مع دجاج او لحم
C:\Users\user\Desktop\audio\audio\008_episode-87-skit-diet\9226250-skit-deit_chunk0001_000024468-000027054.wav,بفضل خدمه التوصيل او الdelivery
C:\Users\user\Desktop\audio\audio\008_episode-87-skit-diet\9226250-skit-deit_chunk0002_000028168-000039927.wav,يلا نقي المطعم اللي بدك ياه و العزيمه عليي اليوم جاد قلتلك انو بدي اعمل diet من اول ما نقلنا ع بيروت
C:\Users\user\Desktop\audio\audio\008_episode-87-skit-diet\9226250-skit-deit_chunk0003_000045113-000073800.wav,نصحانه خمسة كيلو بشهر واحد مش عم سايرك بس هالكم كيلو لابقين لوجك واذا نصحتي شوي وين المشكله انت اكتر شخص بقول انو ما لازم نتاثر ب معايير الجمال اللي بيفرضا المجتمع ولازم نحب حالنا متل ما نحنا ولا هالحكي بس نظريات وهلا بدك تتضايقي عشويه وزن زايد اكيد لا اصلا قراري اعمل diet سببو الصحه مش الجمال
C:\Users\user\Desktop\audio\audio\008_episode-87-skit-diet\9226250-skit-deit_chunk0004_000074209-000080049.wav,مني مضايقه من وزني الجديد ولا جسمي بس هالوزن الزايد
C:\Users\user\Desktop\audio\audio\008_episode-87-skit-diet\9226250-skit-deit_chunk0005_000082679-000105660.wav,واذا كفينا بطلبات الdelivery رح يزيد بعد اكتر لاني بحب حالي بدي اهتم بصحتي عباره عن اكل صحه اكتر ما هو رح حسن شوي عاداتي و غير باسلوب حياتي لكون مرتاحه اكتر مع حالي
C:\Users\user\Desktop\audio\audio\008_episode-87-skit-diet\9226250-skit-deit_chunk0006_000105160-000126965.wav,وانت لازم تعمل متلي كمان يلا منصير نشجع بعض شو رايك ما عبالي اعترف بالحقيقه وقليل لقلك ياها بس معك حق اختي انا كمان نظام اكلي مش منيح عالمدي الطويل خاصه انو اهلنا معن كولسيتيرول عالي وهالشي عاده وراتي
C:\Users\user\Desktop\audio\audio\008_episode-87-skit-diet\9226250-skit-deit_chunk0007_000126447-000146595.wav,فلازم نبلش ننتبه عاكلنا ونهتم بصحتنا من اليوم ل ما نوصل لنفس مشاكلن الصحيه انا كمان الي فتره موقف رياضه او sport وبين اكل المطاعم و قله الحركه اكيد نصحان كمان عندي الك اتفاق اذا بتبلشي معي sport ببلش معك diet اتفقنا
C:\Users\user\Desktop\audio\audio\008_episode-87-skit-diet\9226250-skit-deit_chunk0008_000149013-000159610.wav,اصلا الرياضه والdiet بكملو بعض فينا نصير نعمل sport بالبيت ومشي سريع من عشيه ما ضروري حتي نتسجل بنادي رياضي او gym
C:\Users\user\Desktop\audio\audio\008_episode-87-skit-diet\9226250-skit-deit_chunk0009_000160743-000169208.wav,بعدين كنت عم احسب ادي عم ندفع عطلبات الdelivery قسم كبير من معاشاتنا
C:\Users\user\Desktop\audio\audio\008_episode-87-skit-diet\9226250-skit-deit_chunk0010_000171407-000199000.wav,تخايل قدي منجمع اذا صرنا نطبخ نحنا ريمي ما عبالي افقسك بس ما حدا منا بيعرف يطبخ ولا معنا وقت نتعلم انجا نلحق عشغلنا وجامعتنا ايمتي بدنا نصير نروح عالسوبرماركت نجيب خضره ولحم ودجاج ننضفن ونطبخن وماما بالجبل يعني ما فيا تساعدنا بطبخ البيت بقا خلص بلا diet وخلينا عالburgers والسندويشات الخالصه
C:\Users\user\Desktop\audio\audio\008_episode-87-skit-diet\9226250-skit-deit_chunk0011_000040614-000042176.wav,بلا حجج
C:\Users\user\Desktop\audio\audio\008_episode-87-skit-diet\9226250-skit-deit_chunk0012_000200000-000207500.wav,اصلا ما فينا نضل متكلين عماما وين صارت الاستقلاليه اللي كنت انت تطالب فيا
C:\Users\user\Desktop\audio\audio\008_episode-87-skit-diet\9226250-skit-deit_chunk0013_000209972-000235667.wav,ما رح يكون معنا وقت كرمال هيك فينا نصير نطبخ بعطله نهايه الاسبوع او الweekend ونحطن بالبراد ليضاينونا بنص الجمعه بس حتي هيك رح تكون متعبه بالweekend منكون يا عم ندرس يا عم نكزدر مع اصحابنا بعتقد اكتر حل عملي هو انو نشترك مع مركز للحميات او diet center
C:\Users\user\Desktop\audio\audio\008_episode-87-skit-diet\9226250-skit-deit_chunk0014_000235549-000243160.wav,بتكون عم تتابعنا ا خصائيه تغذيه وبصيرو هني يبعتولنا اكل صحي كل يوم حسب جسمنا ووزننا يييي ايه
C:\Users\user\Desktop\audio\audio\008_episode-87-skit-diet\9226250-skit-deit_chunk0015_000244445-000264339.wav,واذا اشتركنا عشهر كامل من نفس المحل رح يضل اوفر من انو نطلب وجبات مختلفه من كتير مطاعم عكل حال هيك مصروف بعتبرو استثمار عصحتنا بيستاهل ينعمل زميلتي مشتركه مع هيك center
C:\Users\user\Desktop\audio\audio\008_episode-87-skit-diet\9226250-skit-deit_chunk0016_000266039-000281295.wav,هلا بطلب منا بلكي مناخد موعد لاسبوع الجايه اوكي لكان التنين منبلش diet اما هلا السؤال هو بدك نتروق منقوشه او كنافه
C:\Users\user\Desktop\audio\audio\008_episode-87-skit-diet\9226250-skit-deit_chunk0017_000282993-000294200.wav,هههه ما زال هاي اخر ترويقه م نزعبر فيا خلينا عمنقوشه الزعتر بس من التنين مننقي خيارات صحيه اكتر متل الفول المدمس
C:\Users\user\Desktop\audio\audio\009_episode-86-small-business-amid-economic-upheaval\9192446-small-business-amid-the-lebanese-crisis_chunk0000_000000960-000007127.wav,مريم اديش الدولار اليوم واحد و عشرون عم
C:\Users\user\Desktop\audio\audio\009_episode-86-small-business-amid-economic-upheaval\9192446-small-business-amid-the-lebanese-crisis_chunk0001_000009053-000012072.wav,اشتريت بضاعه جديده
C:\Users\user\Desktop\audio\audio\009_episode-86-small-business-amid-economic-upheaval\9192446-small-business-amid-the-lebanese-crisis_chunk0002_000013764-000040289.wav,صورتن
C:\Users\user\Desktop\audio\audio\009_episode-86-small-business-amid-economic-upheaval\9192446-small-business-amid-the-lebanese-crisis_chunk0003_000039289-000065815.wav,وعرضتن
C:\Users\user\Desktop\audio\audio\009_episode-86-small-business-amid-economic-upheaval\9192446-small-business-amid-the-lebanese-crisis_chunk0004_000064815-000091340.wav,عالفايسبوك
C:\Users\user\Desktop\audio\audio\009_episode-86-small-business-amid-economic-upheaval\9192446-small-business-amid-the-lebanese-crisis_chunk0005_000090340-000116866.wav,والانستغرام
C:\Users\user\Desktop\audio\audio\009_episode-86-small-business-amid-economic-upheaval\9192446-small-business-amid-the-lebanese-crisis_chunk0006_000115866-000142392.wav,
C:\Users\user\Desktop\audio\audio\009_episode-86-small-business-amid-economic-upheaval\9192446-small-business-amid-the-lebanese-crisis_chunk0007_000141392-000167917.wav,
C:\Users\user\Desktop\audio\audio\009_episode-86-small-business-amid-economic-upheaval\9192446-small-business-amid-the-lebanese-crisis_chunk0008_000166917-000193443.wav,
C:\Users\user\Desktop\audio\audio\009_episode-86-small-business-amid-economic-upheaval\9192446-small-business-amid-the-lebanese-crisis_chunk0009_000192443-000218968.wav,
C:\Users\user\Desktop\audio\audio\009_episode-86-small-business-amid-economic-upheaval\9192446-small-business-amid-the-lebanese-crisis_chunk0010_000217968-000244494.wav,
C:\Users\user\Desktop\audio\audio\009_episode-86-small-business-amid-economic-upheaval\9192446-small-business-amid-the-lebanese-crisis_chunk0011_000243494-000270020.wav,واليوم
C:\Users\user\Desktop\audio\audio\009_episode-86-small-business-amid-economic-upheaval\9192446-small-business-amid-the-lebanese-crisis_chunk0012_000017802-000020821.wav,بلشت الطلبيات او
C:\Users\user\Desktop\audio\audio\009_episode-86-small-business-amid-economic-upheaval\9192446-small-business-amid-the-lebanese-crisis_chunk0013_000023922-000035020.wav,وعنجد موضوع التسعير عم يتعبني كتير هو والدولار عم يطلع وينزل بين ساعه والتانيه ما بدي انا اخسر وبنفس الوقت ما بدي غلي كتير عالزباين واظلمن
C:\Users\user\Desktop\audio\audio\009_episode-86-small-business-amid-economic-upheaval\9192446-small-business-amid-the-lebanese-crisis_chunk0014_000036659-000041880.wav,واكيد ما فيني سعر بالدولار لان مش منطقي
C:\Users\user\Desktop\audio\audio\009_episode-86-small-business-amid-economic-upheaval\9192446-small-business-amid-the-lebanese-crisis_chunk0015_000366328-000381138.wav,اكيد يعني الدولار عم يرتفع بشكل كبير ل وصل للثلاثة و عشرون الف ليره لبنانيه الاسبوع الماضي ورجع نزل شوي هلا بس اغلب اللبنانيين متل كتار من زباينك بعدن بيقبضو معاشاتن نفسا بالليره اللبنانيه من ايام ما كان الدولار الواحد بساوي ألف و خمسمائة ليره لبنانيه كتير ايام عم فكر جديا وقف شغل عالقليله ل فتره معينه لنشوف وين رح توصل الاوضاع وعشو ممكن تثبت انا بزنس صغيره ومن البيت بيعي كلو اونلاين ما عندي راسمال يخليني اتحمل خسارات ما تضايقيني بهالحكي ملاك صار عمر مشروعك اربع سنين و كبرتيه شوي شوي وصبرتي كتير لصار عندك اسم وزباين بالنسبه الي و شهادتي مجروحه يمكن لاني اختك بس انا ما بعرف حدا عندو شغف بال ورد متلك وبيقدر يعمل تحفه ورد بتجنن من اي شي بيوقع بين ايديه ولا مره كنت حب الورد الاصطناعي او ال Artificial غير وقت صرت شوف نوعيه الورد اللي بتختاريه وكيف بتنسقيه وبتلبقي الالوان ليبين كانو طبيعي حتي افكارك ال ابداعيه الشبابيك الخشب اللي الناس ما عاد منقلن ابجورات عملتيلن انت اعاده تدوير وخلقتي منن لوحات روعه مزينه بالورد بيتعلقو عالحيط خساره توقفي وانا ما بعرف شو حقيقه التحديات اللي عم تخليك تفكري جديا احكيلي اكتر لافهم عليك منيح انا بشتري المواد الاوليه او يعني ال raw materials اللي بشتغل فين من تجار الجمله مثلا بوكيه الورد او اي غرض تاني اللي كنت اشتريه قبل الازمه و انهيار الليره بدولارين او دولارين بالدولار او اغلي بكتير باللبناني بما يساوي دولارين حسب سعر قبل الانهيار هلا صار حقه اقل شي ألفا ليره و الاضرب انو تاجر الجمله صار عم يطلب حق هيدا الغرض نفسو أربعة دولار شغله تانيه انو انا الطلب عندي او يعني ال demand قل كتير عشان كتير ناس بطلو قادرين يامنو اساسيات الحياه من اجار بيت و كهربا ومي واكل بسبب الانهيار المالي ما رح يكونوا عم يفكروا بالورد والقصص اللي بتزين واللي هي لان هاي تعتبر كماليات او luxuries وكمان انا شغلي يدوي يعني handmade فمرات القطعه او مثلا الشبابيك اللي انت حكيتي عنن واللي بكونو منزوعين وانا بجي بعملن ترميم واعاده دهن وتزيين ليتعلقو كلوحات عالحيط هيدول بياخدو معي وقت ساعات طويله عمدي كذا يوم فما فيني بس احسب كلفه المواد اللي استخدمتن بالشغل و زيد عالكلفه ليطلع معي ربح بل مضطره اني سعر تعبي كمان والوقت ال طويل اللي حطيتو فين لكون عم حط ربح ما يظلمني و بالتالي مع غلا المواد الاوليه للشغل ومع تسعير وقتي و تعبي عم تصير الاسعار غاليه كتير كتير عالزباين ما عارفه شو اقلك كتير صعب اللي عم وانت كمان عندك ولاد صعوبه الشغل عليك خصوصي انو خلال هالسنه و نص الولاد ما راحو عال مدارس بسبب الكورونا وكانو كل الوقت حدك ومسؤوليه تدريسن و مساعدتن بحضور الصفوف وال حصص اونلاين صارت كلا عليك خلال وقت شغلك ميه بالميه هاي قصه الولاد والمدارس بدا ساعات احكيلك عنا وما منخلص انا من وقت بلشت شغلي هيدا بحاول حط اقل ربح ممكن الزبون هيك بكون مبسوط وبيقدر يشتري قطع وغراض اكتر وانا بنفس الوقت بكون عم طلع ربح مقبول وحلو حتي لو ما كان كبير بس بعد الازمه والانهيار المالي او يعني الfinancial crisis اذا بحط عالقطعه ربح خمسون الف ليره الف فتعب الشغل ما عاد محرز ابدا كمان للاسف صرت هلا افهم عليك بس تقوليلي عم تفكري توقفي مش سهل ابدا تضلي مكفيه بهالوضع اللي عم تحكيه هو اكيد معاناه كل ال مصالح الصغيره وال home businesses اللي متلك واللي باي لحظه رح يلاقو حالن مضطرين يسكرو لان ما في خيار تاني عندن بالفتره الاخيره شفنا مصالح كبيره
C:\Users\user\Desktop\audio\audio\009_episode-86-small-business-amid-economic-upheaval\9192446-small-business-amid-the-lebanese-crisis_chunk0016_000383519-000395420.wav,الله يقويك ويفرجا عالكل يا رب يلا افتحي افتحي التطبيق وارجعي تاكديلي من سعر الدولار بلكي نزل شوي
C:\Users\user\Desktop\audio\audio\010_episode-85-skit-makeover\9105221-skit-makeover_chunk0000_000000000-000027500.wav,مرحبا الي كيفك انشالله مش كتير تعبان اهلا اهلا بزبونتي المفضله لا ماشي الحال ما كانت كتير عاجقه علي انت رشا كيفك انا تمام وصراحه منيح اللي منك تعبان لانو جايتك بمهمه مميزه خير فكرتك بدك تملسي شعراتك متل العاده شو حابه تعملي غير
C:\Users\user\Desktop\audio\audio\010_episode-85-skit-makeover\9105221-skit-makeover_chunk0001_000256500-000273380.wav,لااا هالمره بدي غير المظهر او الlook كلو بما انو انت خبير بموضه الشعر اكتر مني خلينا نتفق شو الدارج وشو اللي بيلبقلي بس بالاجمال حابه قصن واصبغن بدي اضهر من عندك شخص جديد رشا انت اكيده من اللي عم تقوليه من اول ما تعرفت بالزبط كرمال هيك بدي غير كل عمري نفس الشعر زهقت منو وهلا حاسه انو في كتير اشيا بحياتي عم تتغير بلشت شغل جديد نقلت عبيت جديد فليش ما بعمل look جديد كمان اصلا اد ما طويل عم ياخد معي كتير وقت لحممو و نشفو و مشطو ما بقا الي خلق بدي قصرو هيك بصير بتحمم وبضهر عالسريع معك حق الشعر الطويل لبكه و عفاكي حلو التغيير عكل الاصعده بس انا ما بنصحك تقصريه كتير ما بتخايل انو القصه الصبيانيه او الcoupe gar onne متل ما منقلا بالفرنساوي رح تلبق عوجك فينا نعملو لهون تقريبا يعني لكتافك اللي نقصهن نعمل فيهن وصله شعر او لا ما في داعي لحقت وقصيتن مش لارجع حط extension بس كنت عم فكر اتبرع فين خلي الخصل المقصوصه عجنب لكون حكيت مع مركز سرطان الاطفال ما بعرف اذا بعدن متل قبل كانو ياخدو شعر طبيعي ويعملو منو شعر مستعار او perruque للولاد اللي فقدو شعرن بسبب العلاج الكيميائي فكره حلوه كتير طيب وشو رايك بغره ناعمه عجنب بتذكر من كم سنه قصيتلك غره من قدام عكل صنديحتك وما كتير حبيتيا بدك نجرب اسلوب او style مختلف شوي اليوم ممم لا خلص بلاها اول ما تطول الغره بدا تصير تجي ععيوني وما بقا اقشع مزبوط وتضايقني هههه لكان اتفقنا عالطول و القصه هلا بالنسبه للون شو بدنا نعمل انا كتير عبالي الاسود عم يغمقلي يصير ينوبر او يقصف بتعرفني اديه بحب حافظ عنوعيتو ايه حرام تصبغيه كلو لونو حلو انا بنصحك تعملي highlight بهال تقنيه منفتحو درجه او درجتين عن اللون الاساسي ومنحط صبغه بنيه خفيفه عكم خصله مش عالشعر كلو بتكوني كسرتي الاسود ال غامق وزدتي عليه شويه لمعه وحياه شو رايك مش غلط يلا خلينا نجربا هيك بصير مموج بدل ما يكون لون واحد ايلي بعد عندي طلب صغير لما نخلص ما بدي ملسو عبالي اتركو مجعد او curly عطبيعتو قولك بيطلع حلو اكيد هلا بنستعمل منتجات خاصه ذكريني ارجع خبرك عنن بالتفصيل قبل ما تفلي بلكي بتصيري تستعملين بالبيت كمان بدل ما تحممي شعرك بالشامبو العادي جاهزه نبلش او معقول بعد تغيري رايك لا خلص ما بقا رح اتراجع عن التغيير حتي انو ما خبرت حدا اني جايه لعندك اليوم ل ما حدا ياثر عقراري بس قبل ما تبلش لازم ناخد صوره لانستغرام بدي نزل صور الlook قبل وبعد
C:\Users\user\Desktop\audio\audio\011_episode-84-one-year-after-the-beirut-port-explosion\9069431-beirut-port-explosion-one-year-later_chunk0000_000198974-000217273.wav,مسا الخير رنا كيفك عم تتابعي اخبار البلد اهلا خالد ماشي الحال وانت مش دايما عم التهي بالشغل بس عرفت انو اهالي ضحايا انفجار مرفا بيروت ب أربعة اب ألفان و عشرون تجمعو من كم يوم حد مجلس النواب شو رجع صار ضربن حرس المجلس لان جربو يوقفو انعقاد الجلسه النيابيه كان مقرر ينسحب بهالجلسه الادعاء علي النواب المشتبه فيهم بالانفجار هالمره لو مؤقتا نجح الاهالي بتحقيق هدفن حضر الجلسه تسعة و ثلاثون نايب بس من اصل مائة و سبعة عشر يلي هو عدد اقل من العدد المطلوب لتكون الجلسه شرعيه وبالتالي تاجلت اوف يا ريت كنت قادره انزل معن ب أربعة اب ألفان و واحد و عشرون كانت ذكري مرور سنه علي هالانفجار كان نهار الاربعا حداد وطني وتعطيل للادارات العامه ومعظم المؤسسات فقدرت شارك بالمسيرات الداعمه لاهالي الضحايا اجتمعنا بكير حد قصر العدل ببيروت مرقنا بمناطق الجميزه ووصلنا علي المرفا مطرح ما انفجر ألفان و سبعمائة و خمسون طون من نيترات الامونيوم ودمر جزء كبير من بيروت انت كنت تحت شو لكان كلنا تدمرنا معنويا ونفسيا بهيداك النهار كلنا ضحايا شاركت بنفس المسيره بس بطبيعه الحال ما من اصعب اللحظات بالنسبه الي كانت لما قطعنا علي مركز فوج الاطفاء هالشباب والصبيه انطلب منن يروحو يعملو شغلن ويطفو حريق بالمرفا ما كان حدا متوقع انو هالحريق اللي بعد مش عارفين اسبابو عالاكيد يادي لانفجار ويقتلن كلن بنهايه المسيره كان في صلوات اسلاميه ومسيحيه من قراءه قران وتكبير لقداس واجراس علي روح الضحايا بما انو هالانفجار هزنا كلنا تنظمت دقيقه صمت بمستشفيات لبنان ووقفات تضامنيه برات بيروت متل مناطق بعقلين حمانا صوفر برجا وغيرا شفت كمان مسيرات احتجاجيه تضامنو فيها المغتربين اللبنانيه من مختلف البلدان مع اهالي وطنن بس للاسف ما قطعت كل التحركات عخير وسلامه قوصت قوات مكافحه الشغب رصاص مطاطي علي المتظاهرين بذكري أربعة اب بالليل فوقع العديد من الجرحي بثلاثة عشر تموز اتجمع اهالي الضحايا قدام بيت وزير الداخليه محمد فهمي لعرقلته التحقيق مع الجنرال عباس ابراهيم المتهم بالماساه فردت قوي الامن عالاهالي بالضرب والغاز المسيل للدموع فتره صعبه يا رنا علي كل الاصعده بأربعة اب ألفان و واحد و عشرون وج الضو قصف الطيران الاسرائيلي منطقه الجنوب ولسخريه القدر بنفس النهار توفت الصيدلانيه ارليت قطاع بعد ما كانت انصابت بالانفجار من سنه عالاد وتدهورت حالتا
C:\Users\user\Desktop\audio\audio\011_episode-84-one-year-after-the-beirut-port-explosion\9069431-beirut-port-explosion-one-year-later_chunk0001_000218699-000222969.wav,برحيل ارليت بكون ارتفع عدد الضحايا لمئتان و تسعة عشر
C:\Users\user\Desktop\audio\audio\011_episode-84-one-year-after-the-beirut-port-explosion\9069431-beirut-port-explosion-one-year-later_chunk0002_000224059-000252259.wav,الاعداد بتخوف اد ما عاليه انجرح سبعة الاف شخص اكتر من مائة و خمسون واحد منن صار معن اعاقه جسديه واغلب الشعب مارق باضرار نفسيه سبعة و سبعون الف شقه تكسرت اكتر من ثلاثمائة الف شخص تهجرو من بيوتن وتقدرت الاضرار الماديه حسب البنك الدولي بثلاثة ثمانية ل أربعة ستة مليار دولار
C:\Users\user\Desktop\audio\audio\011_episode-84-one-year-after-the-beirut-port-explosion\9069431-beirut-port-explosion-one-year-later_chunk0003_000252259-000280137.wav,مع هيك كارثه كان طبيعي انو حتي بعد سنه يكرس الاعلام اللبناني وقتو لتغطيه الموضوع من اول هالشهر تقريبا تصور تقارير وحلقات مع اهالي الضحايا ليعبرو عن وجعن وانعرضت دعايات للمطالبه بالعداله عفكره توجه عده انتقادات للاعلام السنه الماضيه انه غطي الخبر بطريقه عنصريه وما
C:\Users\user\Desktop\audio\audio\011_episode-84-one-year-after-the-beirut-port-explosion\9069431-beirut-port-explosion-one-year-later_chunk0004_000282619-000304269.wav,اما هالسنه ضوت وسائل الاعلام البديله متل المواقع الاخباريه الجديده علي هالاشخاص حضرت مثلا تقرير مع عيله روان مستو صبيه سوريه كانت تشتغل نادله ما منقول بمقهي بالجميزه وماتت بأربعة اب خبرو اما واختا ادي تعذبو ليدفنوا
C:\Users\user\Desktop\audio\audio\011_episode-84-one-year-after-the-beirut-port-explosion\9069431-beirut-port-explosion-one-year-later_chunk0005_000296964-000312309.wav,ويطالبو بمحاسبه اللي سببو بمقتلا
C:\Users\user\Desktop\audio\audio\011_episode-84-one-year-after-the-beirut-port-explosion\9069431-beirut-port-explosion-one-year-later_chunk0006_000313600-000326720.wav,اللوم هون مش بس علي الاعلام بل علي السلطه بحد ذاتا ما في احصاء دقيق او رسمي عن الضحايا من العمال والعاملات والمقيمين غير اللبنانيه
C:\Users\user\Desktop\audio\audio\011_episode-84-one-year-after-the-beirut-port-explosion\9069431-beirut-port-explosion-one-year-later_chunk0007_000328867-000349359.wav,السلطه الرسميه اما التاخر بالمحاسبه فحدث ولا حرج تاني نهار الانفجار يعني بخمسة اب ألفان و عشرون اعلنت الحكومه انا رح تعمل تحقيق اداري لمده خمسة ايام صار مارق اكتر بكتيييير من خمسة ايام وبعد ما عرفنا شي عنجد
C:\Users\user\Desktop\audio\audio\011_episode-84-one-year-after-the-beirut-port-explosion\9069431-beirut-port-explosion-one-year-later_chunk0008_000351208-000375559.wav,بعدا بكم يوم تعين القاضي فادي صوان ليستلم التحقيق ولما اتهم بكانون الاول رئيس حكومه تصريف الاعمال حسان دياب ووزرا سابقين بالاهمال ما قبلو يحقق معن واتهموه بخرق الدستور وهيك شالت محكمه التمييز القاضي صوان من مركزو وعينت محلو القاضي طارق بيطار
C:\Users\user\Desktop\audio\audio\011_episode-84-one-year-after-the-beirut-port-explosion\9069431-beirut-port-explosion-one-year-later_chunk0009_000375399-000385859.wav,بيطار كمان عم يجرب يحقق مع مسؤولين مشتبه فين ويطالب برفع الحصانات عن النواب بس عم يواجه كتير تحديات
C:\Users\user\Desktop\audio\audio\011_episode-84-one-year-after-the-beirut-port-explosion\9069431-beirut-port-explosion-one-year-later_chunk0010_000388663-000407493.wav,اللبنانيه المجتمع الدولي تحقيق Human Rights Watch ببين ادله بتورط مسؤولين لبنانيه بالانفجار حسب التقرير كانو المسؤولين عارفين انو في كميات هائله من المتفجرات مخزنه بشكل خطر بالمرفا حد مناطق سكنيه بس اهملوا
C:\Users\user\Desktop\audio\audio\011_episode-84-one-year-after-the-beirut-port-explosion\9069431-beirut-port-explosion-one-year-later_chunk0011_000408260-000417772.wav,حتي رئيس الجمهوريه ميشال عون ورئيس الحكومه حسان دياب اعترفو بحد ذاتن انو كانو عارفين بوجود النيترات
C:\Users\user\Desktop\audio\audio\011_episode-84-one-year-after-the-beirut-port-explosion\9069431-beirut-port-explosion-one-year-later_chunk0012_000418900-000423619.wav,وقالو ما كانو قادرين يعملو شي او ما كانو عارفين بخطوره هالمتفجرات
C:\Users\user\Desktop\audio\audio\011_episode-84-one-year-after-the-beirut-port-explosion\9069431-beirut-port-explosion-one-year-later_chunk0013_000425412-000438220.wav,واقع اليوم قطع اكتر من سنه وبعد ما صار فيه تحقيق كامل وشفاف ولا محاسبه حقيقيه رغم كل المظاهرات والمطالبه بالعداله معك حق
C:\Users\user\Desktop\audio\audio\011_episode-84-one-year-after-the-beirut-port-explosion\9069431-beirut-port-explosion-one-year-later_chunk0014_000440629-000447053.wav,وبهيك وضع ما منعرف شو ناطرنا انشالله خير يلا منبقي عتواصل باي رنا
C:\Users\user\Desktop\audio\audio\012_episode-83-medical-crisis\9021404-medical-crisis_chunk0000_000000439-000002469.wav,الو مرحبا
C:\Users\user\Desktop\audio\audio\012_episode-83-medical-crisis\9021404-medical-crisis_chunk0001_000003854-000009500.wav,فيي اطلب منك خدمه اذا بتعمل معروف اهلا رنا اكيد اكيد
C:\Users\user\Desktop\audio\audio\012_episode-83-medical-crisis\9021404-medical-crisis_chunk0002_000010588-000013668.wav,مبين عصوتك انو منك علي بعضك كيف فيي ساعدك
C:\Users\user\Desktop\audio\audio\012_episode-83-medical-crisis\9021404-medical-crisis_chunk0003_000016400-000044733.wav,مزبوط عتلانه هم وتعبانه عم تلفن وابرم علي صيدليات من الصبح لنبش عدوا الضغط تبع بيي وما عم لاقيه مشكله الدوا المقطوع من السوق هي من اصعب تداعيات الازمه الاقتصاديه في كتير ادويه ما عم لاقيا لان الدوله ما بقا معا مصاري لتدعم الادويه ال مستورده بسبب ال فساد وسوء الاداره اما انواع و كميه الادويه المحليه
C:\Users\user\Desktop\audio\audio\012_episode-83-medical-crisis\9021404-medical-crisis_chunk0004_000043733-000058762.wav,فقليله لان ما عنا ثقه بالمراقبه الحكوميه علي الشركات الخاصه ولا هالشركات قادره تنافس الصناعه العالميه فيي ابعتلك اسم الدوا اللي بدي ياه علي الواتساب وتسالي انت كمان عنو بال صيدليات اللي بتعرفن
C:\Users\user\Desktop\audio\audio\012_episode-83-medical-crisis\9021404-medical-crisis_chunk0005_000062047-000089335.wav,ما بدا سؤال اكيد بجرب بس ما بوعدك لاقيه اصلا الصيدليه اللي بشتري منا عاده مسكره بشكل مؤقت هالفتره اغلب الصيدليات الا من ا لجمعه الماضيه تقريبا عامله اضراب لتعترض علي الغلا وانقطاع الادويه اللي حكيتي عنو ويلي خلا بعض الصيادله يواجهو مشاكل وحتي اعتداءات من كم زبون علي امل انو يتغير شي لما يرجعو يفتحو
C:\Users\user\Desktop\audio\audio\012_episode-83-medical-crisis\9021404-medical-crisis_chunk0006_000089940-000117080.wav,انا مني كتير متابع اخر القرارات بس سمعت انو بعض المستوردين والتجار عم يصدرو ادويه لبرات لبنان او يتركوون بالمخازن لتكون ارتفعت الاسعار بعد زياده فيكي تفسريلي اكتر مشكله الدعم اللي حكيتي عنا طلعت وزاره الصحه ومصرف لبنان قرار ب رفع الدعم عن كتير ادويه لانو ما بقي في عمله اجنبيه بالبلد
C:\Users\user\Desktop\audio\audio\012_episode-83-medical-crisis\9021404-medical-crisis_chunk0007_000116379-000140943.wav,بيستورد لبنان أكثر من ثمانون بالميه من أدويتو بالدولار الأميركي وباغلب الاحيان كانت تساهم الدوله بدفع حق الادويه للمستوردين حتي تضلا عم تنباع بالسوق المحلي علي سعر الصرف الرسمي اللي هو ألف و خمسمائة ليره لبنانيه مقابل كل دولار بالوقت اللي سعر الدولار الفعلي بالسوق السوداء صار
C:\Users\user\Desktop\audio\audio\012_episode-83-medical-crisis\9021404-medical-crisis_chunk0008_000143440-000157839.wav,رح توقف وزاره الصحه دعم بعض الادويه بشكل تام وتكتفي بدعم باقي واكيد المواطن رح يتحمل هال عبء الجديد ويدفع اسعار اغلي
C:\Users\user\Desktop\audio\audio\012_episode-83-medical-crisis\9021404-medical-crisis_chunk0009_000158900-000177339.wav,اااخ وضعنا شو صعب حضرت بالاخبار انو معظم الادويه رح تغلا بين الأربعة وستة مرات او اكتر مثلا دوا وجع الراس رح يصير بستون الف ليره لبنانيه بعد ما كان بسبعة الاف ليره خبريه بحد ذاتا بتوجع الراس
C:\Users\user\Desktop\audio\audio\012_episode-83-medical-crisis\9021404-medical-crisis_chunk0010_000178639-000182423.wav,وصلنا لوقت راضيين بالغله بس
C:\Users\user\Desktop\audio\audio\012_episode-83-medical-crisis\9021404-medical-crisis_chunk0011_000184453-000202835.wav,بتصدقي يا رنا انو معظم المغتربين اللي عم يجو يزورو اهلن عم تكون شنطن معبايه ادويه من برا ايه بصدق ما زال في طفله اسما جوري السيد توفت من كم اسبوع من ورا هالازمه بعد ما صار عمرها
C:\Users\user\Desktop\audio\audio\012_episode-83-medical-crisis\9021404-medical-crisis_chunk0012_000206764-000232039.wav,ما كان مفروض تكون هلاد خطره بس لان اهلا ما لاقو دوا لتنزل حرارتا عملت مضاعفات وتوفت كتير زعلت عليا واللي بيقهر اكتر انو يمكن ما تكون الوحيده بما انو كمان عنا نقص مازوت اصحاب المولدات الكهربائيه الخاصه او الmotor متل ما منقلن عاده ما
C:\Users\user\Desktop\audio\audio\012_episode-83-medical-crisis\9021404-medical-crisis_chunk0013_000234679-000237359.wav,الدوله من زمان
C:\Users\user\Desktop\audio\audio\012_episode-83-medical-crisis\9021404-medical-crisis_chunk0014_000238548-000244820.wav,اذا كفي الوضع هيك شو رح يعملوا المستشفيات والمرضه اللي
C:\Users\user\Desktop\audio\audio\012_episode-83-medical-crisis\9021404-medical-crisis_chunk0015_000247419-000261319.wav,ما بعرف شو فين يعملو من كم اسبوع نزل مدير عام مستشفي رفيق الحريري الحكومي الدكتور فراس ابيض فيديو علي تويتر ببين موتيرات المستشفي مطفيه وما في كهربا
C:\Users\user\Desktop\audio\audio\012_episode-83-medical-crisis\9021404-medical-crisis_chunk0016_000262420-000272490.wav,واسبوع الماضي اجلو ماراتونات استرازينيكا وفايزر يلي كانو مفروض يعطو فين اللقاحات او الvaccines للمواطنين بلا مواعيد مسبقه لان ما
C:\Users\user\Desktop\audio\audio\012_episode-83-medical-crisis\9021404-medical-crisis_chunk0017_000277559-000293199.wav,ما بكون عم بالغ اذا قلت انو انضرب القطاع الصحي بكاملو بعد ما كان لبنان مركز للسياحه الاستشفائيه يقصدوه مواطنين من كل المنطقه العربيه ليتلقو علاجن باهم المراكز الطبيه وعند اهم الحكما
C:\Users\user\Desktop\audio\audio\012_episode-83-medical-crisis\9021404-medical-crisis_chunk0018_000295459-000297794.wav,عسيره الحكما هاي كمان مشكله تانيه عم نعاني منا
C:\Users\user\Desktop\audio\audio\012_episode-83-medical-crisis\9021404-medical-crisis_chunk0019_000298839-000304959.wav,قريت من كم يوم حديث ل نقيب اطباء لبنان البروفيسور شرف ابو شرف بقول فيه
C:\Users\user\Desktop\audio\audio\012_episode-83-medical-crisis\9021404-medical-crisis_chunk0020_000305980-000333570.wav,عدد الحكما اللي هاجرو لبنان خلال الازمه الحاليه تخطي الالف حكيم وفي حكما راحو عبلدان ما بتطلب منن افاده من النقابه وبالتالي ما منقدر نعرف عددن بالزبط يعني عالارجح عدد الاطباء اللي هاجرو بعد اكتر من الف سبب هجره الاطباء هو التحديات العظيمه اللي بواجهوا اذا بقيو
C:\Users\user\Desktop\audio\audio\012_episode-83-medical-crisis\9021404-medical-crisis_chunk0021_000335740-000340739.wav,مثلا ما بيقدرو يقومو بكل العمليات الجراحيه مع نقص ال معدات الطبيه بالبلد
C:\Users\user\Desktop\audio\audio\012_episode-83-medical-crisis\9021404-medical-crisis_chunk0022_000343059-000366239.wav,لان ما معه يدفع والسعر اللي بيخدوه هلا قيمته بالدولار كتير وللاسف هجره الحكما بتاذي المرضي و تلاميذ الطب كمان رح يبطل في دكاتره شاطرين يعلموون بالجامعه او يرافقوون خلال تخصصن بالمستشفي يعني عم يتضرر حتي الجيل الجايه من الحكما والمرضي
C:\Users\user\Desktop\audio\audio\012_episode-83-medical-crisis\9021404-medical-crisis_chunk0023_000365760-000372743.wav,عفكره عم نواجه نفس المشكله مع هجره الممرضين والممرضات او الnurses
C:\Users\user\Desktop\audio\audio\012_episode-83-medical-crisis\9021404-medical-crisis_chunk0024_000374006-000387727.wav,مزبوط كلو بيلحق بعضو صار لازم سكر الخط خالد بس رح ابعتلك اسم الدوا متل ما اتفقنا شكرا سلف عالمساعده ولو انشالله نلاقي الدوا سلامتو بيك وانتبهو عحالكن
C:\Users\user\Desktop\audio\audio\013_episode-82-barouk-cedar-forest\8843449-barouk-cedar-forest_chunk0000_000014376-000016324.wav,اوف ملا نهار
C:\Users\user\Desktop\audio\audio\013_episode-82-barouk-cedar-forest\8843449-barouk-cedar-forest_chunk0001_000387583-000392720.wav,تعبت شوي بس تسليت كتير وانت خالد كيف لقيت المشوار ع محميه الارز بمنطقه الباروك بالشوف علي التنزه بالطبيعه او هيك مثل ما وبعرف محميه ارز الباروك من قبل كتير بحب زورا بس اليوم اكتر شي انبسطت انو اجتمعنا باصحابنا بعد ما كان النا زمان مش شايفينن اول مره بتعملي hike رنا لا مش اول رايحه من قبل عمحميه الارز بمنطقه بشري بتشبه اللي رحنا عليا اليوم بس محميه ارز الشوف هي الاكبر من نوعا بلبنان و بتمتد من منطقه ضهر البيدر لجبل نيحا حد منطقه جزين بالجنوب مساحه غاباتا حوالي مائة و ستون كلم مربع وفيا ربع غابات الارز الباقيه بلبنان الا هالمحميه من سنه ألف و تسعمائة و ستة و تسعون و بعدا بتسعة سنين بالألفان و خمسة اعلنتا منظمه اليونيسكو مع الضيع الاثنان و عشرون اللي حواليا كمحميه محيط حيوي بتغطي مساحه خمسمائة كلم مربع يعني تقريبا خمسة من مساحه لبنان انت بتعرف انو فيا غابات كتيره غير غابه الباروك اهما غابه ارز عين زحلتا وغابه ارز معاصر الشوف بس الباروك هي الاكبر بيناتن شكلك عامله بحث او research منيح بالنسبه لشخص ما بيعمل hikes عاده انا مره فايت من مدخل معاصر الشوف وبارم هالجزء من المحميه بس ما كنت عارف انو في غيرن كمان هالشي بفسر الغنا الطبيعي العظيم الموجود هونيك من اكتر من مائة عيله مئتان و تسعون نوع طير واحد و ثلاثون نوع لبونه او mammals متل ما منسميا بالانكليزي وسبعة و عشرون نوع زواحف وبرمائيات يعني reptiles وamphibians وبما انو هدف المحميه متل ما اسما بدل هو حمايه النباتات الاشجار والحيوانات من الانقراض كان انجاز كبير انو يرجعو يعيشو فيا حيوانات الوشق او الlynx وال دياب اها بطبيعه الحال هالحيوانات موجودين بمحلات بعيده عن الممرات او الtrails اللي فينا نتمشي عليا متل ما لاحظت مش بس في عده غابات بالمحميه الكبيره بقلب محميه الباروك كان فينا حسب اديه وقت بدنا نمشي شو عبالنا نشوف واديه منتعب بسرعه متلي نحنا وعم نتمشي كان في شجر غير الارز بمحميه الارز بتلاقي أربعة و عشرون نوع من الشجر و اديه غنيه طبيعتنا مزبوط شفت كتير اشكال شجر بس ما عرفت كل وحده ايه نوع اصلا اكتر شي بحب اتفرج عليه هو الارز من كبيرا لصغيرا ومن قديما لجديدا شفتي رنا الارز الصغير نحنا و راجعين من البحيره مبين ما الو زمان مزروع انزرعت هالشجرات ضمن مبادره او initiative تبني ارزه يلي بلشت من كم سنه لتشجع الناس انو يهتمو بالبيئه من خلال هال initiative صار فيه اي شخص يدفع مبلغ صغير يزرع شجره باسمو وياخد شهاده ملكيه فيا وبيقدر يزرع ارزه باسم شخص بعز عليه حدا متوفي مثلا لتكون هالشجره ذكري منو اه كرمال هيك كان في اسامي عخشبات صغيره حد هاي الارزات قريت حتي اسامي اشخاص معروفه سياسيه وفنانين حلوين هالinitiatives يلي عاملينا زايدين لمسه او touch شخصيه عجمال الطبيعه برج الخشب اللي بانينا حد اديه انبسطنا لما شفنا هالبركه عن بعيد اكتر من ساعه ايييه منظر المي الزرقا مختلف تماما عن كل الاخضر اللي حولا بس ما حسيت صراحه طولنا لنوصل عليا بالعكس نسيت حالي بالطبيعه اتسمع عال عصافير اتفرج عالشجر القريب منا وعالمناظر البعيده اللي بتريح النظر زوار بالمحميه والطقس حلو الشجر بيخلق شويه في لما نتضايق من الشمس تخايلي بكل المشوار ما فكرت اطلع بتلفوني الا لما طلبتو مني صوركن حاسس حالي مرتاح و رايق وجسديا المشي بالطبيعه مفيد كتير انا حاسه حالي تعبانه ورح عضل ههه بس منعاده المره الجايه فينا ننقي غير trail ونجيب معنا مرشد او guide ليفسرلنا اكتر عن المنطقه اذا ما عرفنا وفي كتير نشاطات حلوه تنعمل هونيك فينا نطلع عالدراجه الهوائيه او الbicyclette بالليل فينا نتفرج عالنجوم او stargazing و بالشتويه فينا نمشي عالتلج او snowshoeing ايوا النشاااط انا جاهز لما بدك عفكره لما رحت قبل بمره كانو منظمين حفل موسيقي ومطلعين بيانو عقلب الغابه ما تتخايلي ما اروع التجربه لما تجتمع ال موسيقي مع الطبيعه وانا كمان جاهزه يلا منبقي منحكي بغير مشاريع خالد خليني اوصل عالبيت ارتاح شوي قبل الشغل بكرا اوكي بشوفك قريبا
C:\Users\user\Desktop\audio\audio\014_episode-81-fairuz\8775211-fairuz_chunk0000_000394953-000412940.wav,مسا الخير رنا متل العاده كل ما شوفك بتكوني عم تقري وحسب ما مبين بصوره الغلاف كتاب الليله عن فيروز مغنيتي اللبنانيه المفضله واحدي اهم المطربات بالعالم العربي شو عنوان هالكتاب ليه في احلي من الكتب يا خالد انا كمان كتير بحب وبقدر المطربه والممثله فيروز عم اقرا كتاب لفواز طرابلسي عن المجتمع والمسرح عنوانو فيروز والرحابنه مسرح الغريب والكنز والاعجوبه حلو مظبوط انو اول ما نقول فيروز منفكر باغانيها بس ما لازم ننسي كمان ادوارها التمثيليه بما انها مثلت بخمسة عشر مسرحيه غنائيه بين الستينات والسبعينات تنوعت مواضيعها بين نقد الحاكم تمجيد البطوله الحب وغيرها جسر الامر ايام فخر كلن كانوا من تاليف وتلحين الاخوين الرحباني يعني عاصي زوجها ومنصور خيو هالمسرحيات كان الها دور كبير بتصوير المشاكل الوطنيه لهيديك المرحله لدرجه انها شكلت ظاهره فنيه وثقافيه بلبنان والمنطقه لهيك بعد كل هالسنين بعدني عم اقرا عنها تقدمت هالمسرحيات باهم المهرجانات المحليه والعربيه متل مهرجان بعلبك الدولي مهرجان صيدا مهرجان دمشق الدولي وغيرها ومثلت فيروز كمان بثلاثة افلام مش بس بمسرحيات هني بياع الخواتم سفر برلك وبنت الحارس بتذكرني هالافلام بطفولتي بالمدرسه لنتعرف عالفن وحتي مرات كنا نمثل مقاطع من اعمال فيروز بحفلات اخر السنه كنا نحفظ كمان اغانيها بحصص الموسيقي ونقدمن قدام اهلنا بهالحفلات وشو كنت ازعل لما ما تنقيني المعلمه لدور البطوله لاني مش موهوبه بالتمثيل ولا صوتي حلو بالغنا ما نقول فيروز انا كمان عندي ذكريات عنها من ايام الطفوله تكون امي حط اغاني فيروس عالراديو قد ما صوتها حلو وهيدي حال كتير شخصيا بحبها كتير وما عندي مشكله اسمعها باي وقت من النهار انا كمان بسمعها باي وقت واي مزاج خاصه انو عندها اغاني بتناسب كل الاحاسيس المناسبات والمواضيع من الحب الطفوله والامومه للحزن الفرح والوطن فينا نعتبر انو اغاني فيروز يلي اغلبها كانت بالتعاون مع الاخوين الرحباني عملت ثوره بالموسيقي العربيه بوقت كانت الاغاني الطربيه تتميز بطولها كسرت فيروز القاعده باغاني قصيره بس معانيها عميقه شو غنيتك المفضله خالد كتير صعب نقي غنيه وحده متل ما قلتي بتفرق حسب المزاج بالافراح بسمع كان عنا طاحون ولما حس حالي وحيد بتذكر غنيه قديش كان في ناس اما بالنسبه للاغاني الوطنيه اول غنيه بتخطر عبالي هي لبيروت كتير الصيفيه الماضيه بعد انفجار أربعة اب ألفان و عشرون يلي دمر عاصمتنا بيروت بس بالاجمال رنا رغم روعه اعمال الاخوين الرحباني بفضل شخصيا الاغاني يلي بتجمع فيروز بابنها الكاتب الملحن والمسرحجي زياد الرحباني فعلا الدني اذواق في اشخاص بتسمع مع انها مش كتيره كعدد بس تركت اثر مميز بمسيرتها متل اعطني الناي وغني لما بدا يتثني و امي يا ملاكي اما بالنسبه لتعاون فيروز مع زياد فادي لنقله نوعيه باسلوبها بسبب بساطه كلمات زياد ودمجو للموسيقي الغربيه والشرقيه بنظري من اجمل اعمالن سوا هني غنيه كيفك انت والبوم ايه في امل نزل هالالبوم سنه ألفان و عشرة يعني كان فيروز عمرها خمسة و سبعون سنه وكان بعدو صوتها بجنن ولليوم صار عمرها ستة و ثمانون سنه هي من مواليد واحد و عشرون تشرين التاني ألف و تسعمائة و خمسة و ثلاثون وبعدها معروفه ومحبوبه عالميا الدليل هو وسام جوقه الشرف يلي تلقتو من كم شهر بس من الرئيس الفرنسي ايمانويل ماكرون خلال زيارتو للبنان هالتكريم ما كان الاول من نوعو بل سبقو عده اوسمه وجوايز من لبنان وبلدان عربيه واجنبيه ما غلط ابدا اللي سماها سفيرتنا الي النجوم اللي عطاها هاللقب هو الشاعر اللبناني سعيد عقل يلي حب يضوي علي رقي وتميز صوتها وتمثيلها للبنان بكل العالم مني اكيده اذا بتعرف انو هالمطربه العظيمه اللي باريس لندن ومونتريال خلقت بعيله متواضعه بحاره زقاق البلاط ببيروت كانت تحب الغنا من هي وصغيره تسجلت بالمعهد الوطني للموسيقي واشتغلت بالاذاعه اللبنانيه كعضو بالجوقه او الchorale متل ما منقلها بالفرنساوي اسمها الحقيقي مش فيروز احزر شو هوي نهاد حداد ولو يا رنا اكيد بعرف الجواب وعندي فكره عن اللي عم تقولي كمان رح خبرك بعد شوي تفاصيل لما كانت تشتغل فيروز بالاذاعه اللبنانيه تعرف عليها الموسيقار والملحن اللبناني حليم الرومي وشاف فيها موهبه كبيره
C:\Users\user\Desktop\audio\audio\014_episode-81-fairuz\8775211-fairuz_chunk0001_000416540-000436160.wav,شجعها تغني وحدها لحنلها بعض الاغاني وهو اللي اطلق عليها اسم فيروز بس اكيد نقطه التحول بمسيرتها كانت لما تعرفت علي الشاعرين والموسيقيين عاصي ومنصور الرحباني ومتل ما بتقول فيروز باحدي غنياتها حبوا بعضن هي وعاصي
C:\Users\user\Desktop\audio\audio\014_episode-81-fairuz\8775211-fairuz_chunk0002_000440279-000457760.wav,للاسف توفت هي وصبيه ريما وهالي عفاكي حافظه كل الاسامي صح يلا رح اتركك ترجعي لكتابك وقوم اسمع كم غنيه لفيروز ذكرتيني فيهن بعد هالحديث من
C:\Users\user\Desktop\audio\audio\015_episode-80-discriminatory-citizenship-laws\8736360-discriminatory-citizenship-law_chunk0000_000001629-000008011.wav,خالتو كاني سمعت من ماما انك عم تفكري تهاجري من لبنان معقول تبعدي عننا هيك
C:\Users\user\Desktop\audio\audio\015_episode-80-discriminatory-citizenship-laws\8736360-discriminatory-citizenship-law_chunk0001_000009376-000013579.wav,حبيبي ما في شي جدي بعد بس عم ادرس الخيارات
C:\Users\user\Desktop\audio\audio\015_episode-80-discriminatory-citizenship-laws\8736360-discriminatory-citizenship-law_chunk0002_000014778-000022722.wav,طيب هاتي خبريني يعني اللي بعرفو انو انت ومحمد زوجك اموركن منيحه وعم تشتغلو تنيناتكن ما حابين اشغالكن
C:\Users\user\Desktop\audio\audio\015_episode-80-discriminatory-citizenship-laws\8736360-discriminatory-citizenship-law_chunk0003_000025035-000036831.wav,او لانكن خايفين الاوضاع الاقتصاديه تصير بعد اصعب او تخسرو الشغل لا مبسوطين بشغلنا برغم
C:\Users\user\Desktop\audio\audio\015_episode-80-discriminatory-citizenship-laws\8736360-discriminatory-citizenship-law_chunk0004_000038979-000046612.wav,اكيد الاوضاع الاقتصاديه صعبه و عالارجح رح تصير اصعب بس سبب الهجره مش اقتصادي
C:\Users\user\Desktop\audio\audio\015_episode-80-discriminatory-citizenship-laws\8736360-discriminatory-citizenship-law_chunk0005_000048787-000057480.wav,امل يسعي الواحد بشغل لان البعد عن الاهل و الاحباب شي كتير صعب والهجره قاسيه عالانسان
C:\Users\user\Desktop\audio\audio\015_episode-80-discriminatory-citizenship-laws\8736360-discriminatory-citizenship-law_chunk0006_000058500-000079736.wav,السبب بصراحه معنويا اصعب بكتير علي يعني انا صرلي سنين بشتغل و اسست منيح هون بس المشكله انو يوم اللي رح يصير عندي فيه ولاد رح يصير كل شي اصعب لان مثل ما بتعرف محمد مش لبنانه فانا بالقانون اللبنانه ما
C:\Users\user\Desktop\audio\audio\015_episode-80-discriminatory-citizenship-laws\8736360-discriminatory-citizenship-law_chunk0007_000084040-000085680.wav,طيب وشو باثر
C:\Users\user\Desktop\audio\audio\015_episode-80-discriminatory-citizenship-laws\8736360-discriminatory-citizenship-law_chunk0008_000088264-000090497.wav,محمد وولادك هون
C:\Users\user\Desktop\audio\audio\015_episode-80-discriminatory-citizenship-laws\8736360-discriminatory-citizenship-law_chunk0009_000091959-000116099.wav,وين المشكله مش عاده ابدا لان رح يضل فيه تمييز ضدن بكتير جوانب مهمه بالحياه ورح تضل صفتن هون اجانب الموضوع باثر علين بكل مراحل الحياه مثلا كل تلات سنين بصير لازم نروح نجددلن اقامه بتسمح انو يضلو عايشين علي الاراضي اللبنانيه بشكل قانوني
C:\Users\user\Desktop\audio\audio\015_episode-80-discriminatory-citizenship-laws\8736360-discriminatory-citizenship-law_chunk0010_000115980-000142246.wav,وهاي بيترتب عليا تكاليف رغم انا بالمبدا صارت مجانيه بسموا اقامه مجامله واذا تاخرنا بتجديدا عن التاريخ ال محدد بصير لازم ندفع غرامات بالمدارس الرسميه ما الن اولويه وبالجامعه اللبنانيه في عدد محدود كتير بينقبل من الطلاب الاجانب وكل شي تكاليف بتكون اعلي علين
C:\Users\user\Desktop\audio\audio\015_episode-80-discriminatory-citizenship-laws\8736360-discriminatory-citizenship-law_chunk0011_000143093-000151559.wav,وغيرا من مواضيع حرمانن من الخدمات الاجتماعيه و الرعايه الصحيه واما الاصعب والاهم فهو موضوع الشغل
C:\Users\user\Desktop\audio\audio\015_episode-80-discriminatory-citizenship-laws\8736360-discriminatory-citizenship-law_chunk0012_000153986-000166569.wav,بشكل قانوني بلبنان وكمان هيدي فيا تكاليف كتير ولهيك كتير اصحاب عمل بفضلو ما يوظفوون اريح لراسن كاجانب ما
C:\Users\user\Desktop\audio\audio\015_episode-80-discriminatory-citizenship-laws\8736360-discriminatory-citizenship-law_chunk0013_000169360-000184020.wav,يعني ما في نقابه تحمي حقوقن كعمال ولهيك كمان بصير في كتير مهن ما بيقدرو يمارسوا ابدا متل الطب و الصيدلي اللي ممارستن بتحتاج التسجل بالنقابه والاصعب بعد
C:\Users\user\Desktop\audio\audio\015_episode-80-discriminatory-citizenship-laws\8736360-discriminatory-citizenship-law_chunk0014_000185100-000190259.wav,انو فيه جنسيات معينه بلبنان ممنوع عليا تشتغل باغلب الوظايف
C:\Users\user\Desktop\audio\audio\015_episode-80-discriminatory-citizenship-laws\8736360-discriminatory-citizenship-law_chunk0015_000294880-000300616.wav,متل السوريين و الفلسطينيين حتي لو كانو ولاد لبنانيه كتير هني نفس المعانات اللي عم يعانيها محمد ولهيك عم فكر بال هجره لان هي الحل الوحيد اني احمي عيلتي زوجي وولادي من هالتمييز ضدن بس في شي هلا خطر مره رفيقي بالمدرسه حكي قدامي انو امو بالاصل فنزويليه بس علي حد علمي هي او انا فهمان غلط لا لا مش فهمان غلط القانون هيدا بالدستور اللبناني بس لل مرا اللبنانيه اما الذكر او الرجال اللبناني فاذا تزوج اجنبيه الجنسيه اللبنانيه بعد وبينقل الجنسيه لولادو كمان اول ما يخلقو شو هالتمييز مع اني بتذكر انو وحده من اولي المواد بالدستور اللبناني بتنص علي ال مساواه بين جميع المواطنين اللبنانيين بال حقوق وال واجبات بدون تمييز ال مزعج اكتر بالموضوع انو هيدا القانون هو فرنسي ومش لبناني حطو الانتداب او الاحتلال الفرنسي بدستورنا سنه ألف و تسعمائة و خمسة و عشرون و لهلا كل محاولات تعديلو لمنح المرا اللبنانيه حقا بتجنيس ولادا عالقليله اذا ما قلنا زوجا كمان عم تفشل ب حجج اغلبا طائفيه ومحاصصات سياسيه يعني ما بعرف شو بدي قلك بلد المراه متل كان عم بيقلها اذا تزوجت من غير جنسيتك ما
C:\Users\user\Desktop\audio\audio\015_episode-80-discriminatory-citizenship-laws\8736360-discriminatory-citizenship-law_chunk0016_000302373-000307659.wav,بدا تعيش مع عيلتها ببلدها رح تعاني من كل الصعوبات اللي
C:\Users\user\Desktop\audio\audio\015_episode-80-discriminatory-citizenship-laws\8736360-discriminatory-citizenship-law_chunk0017_000311760-000331746.wav,هيك شي علما انو كتير دول عربيه كان عندا هيك قانون وغيرتو و انصفت المرا متل تونس ومصر والجزائر واليمن ونحنا بلبنان بعدنا من ضمن الخمسة و عشرون دوله حول العالم اللي حارمين المرا هالحق وبميزو ضدا
C:\Users\user\Desktop\audio\audio\015_episode-80-discriminatory-citizenship-laws\8736360-discriminatory-citizenship-law_chunk0018_000333864-000359779.wav,بتعرفي انزعجت هلا بعد هالحديث انا بشكل عام ما بحب الناس تسافر من بلدا بيتركو فراغ كبير وراهن عند كل احبابن وبلدن بيخسر طاقتن وبيستفيد منا بلد تاني بتمني انك ما تسافري ابدا شو رايك قوم اعمل بريق شاي حد هالكايك البجنن اللي عاملتلنا ياه لنروق حالنا
C:\Users\user\Desktop\audio\audio\015_episode-80-discriminatory-citizenship-laws\8736360-discriminatory-citizenship-law_chunk0019_000360399-000368079.wav,محمد المفروض كم دقيقه وبيوصل لعنا يلا حط انت المي عالنار ومنشرب احلي كبايه شاي كلنا سوا
C:\Users\user\Desktop\audio\audio\016_episode-78-skit-dinner-party-planning\8614356-skit-dinner-party-planning_chunk0000_000001744-000004811.wav,داليا خلينا نفكر شو بدنا نطبخ الليله عالعشا
C:\Users\user\Desktop\audio\audio\016_episode-78-skit-dinner-party-planning\8614356-skit-dinner-party-planning_chunk0001_000005840-000011434.wav,ايه بس قبل لازم نتاكد كم شخص رح يجي رح نكون عشرة اشخاص
C:\Users\user\Desktop\audio\audio\016_episode-78-skit-dinner-party-planning\8614356-skit-dinner-party-planning_chunk0002_000013822-000038669.wav,ثمانية معازيم وانتي وانا مين جايه زملائي ب الشغل شريف عمر ولينا و اصحابك مروه ساره وزين وجيراننا مريم وزياد ماشي يلا شو عم بتفكري نطبخ اول شي منبلش بال سلطات
C:\Users\user\Desktop\audio\audio\016_episode-78-skit-dinner-party-planning\8614356-skit-dinner-party-planning_chunk0003_000038520-000065080.wav,كنت عم فكر ب جاط تبوله كبير ضروري التبوله وبقترح نعمل فتوش كمان ليكون في نوعين سلطه كتير منيح خلصنا من موضوع السلطات بتفضلي اكل لبناني او اجنبي
C:\Users\user\Desktop\audio\audio\016_episode-78-skit-dinner-party-planning\8614356-skit-dinner-party-planning_chunk0004_000056360-000069394.wav,الشباب كتير عبالن اكل لبناني بعدين ساره فرنسيه اكيد ما بدا اكل اجنبي اذا هيك معك حق طيب خلينا نحدد
C:\Users\user\Desktop\audio\audio\016_episode-78-skit-dinner-party-planning\8614356-skit-dinner-party-planning_chunk0005_000070823-000096653.wav,منعمل مشاوي و مازات او منطبخ طبختين لبنانيه كبار فينا نعمل التنين بدل الطبختين منعمل وحده مع مشاوي ومازات شو رايك نسهلا ونطلب الطبخه من برا المشاوي والمازات هينين اكيد لاء داليا الفكره هي انو نطبخ لانو عازمين اصحابنا عالعشا كنت عم جرب هينا
C:\Users\user\Desktop\audio\audio\016_episode-78-skit-dinner-party-planning\8614356-skit-dinner-party-planning_chunk0006_000096291-000113188.wav,مش مشكله يلا شو رح نطبخ للمازات منعمل حمص وبابا غنوج يعني الاشيا ال سريعه والهينه بطاطا ب كزبره ومقليه وكمان رقاقات جبنه و كبه
C:\Users\user\Desktop\audio\audio\016_episode-78-skit-dinner-party-planning\8614356-skit-dinner-party-planning_chunk0007_000114400-000121757.wav,بس رقاقات والكبه بدن وقت ابدا امي عاملتن و عطيتنا ياهن وحاطتن بال تلاجه
C:\Users\user\Desktop\audio\audio\016_episode-78-skit-dinner-party-planning\8614356-skit-dinner-party-planning_chunk0008_000125402-000127331.wav,بشيلن و بقلين
C:\Users\user\Desktop\audio\audio\016_episode-78-skit-dinner-party-planning\8614356-skit-dinner-party-planning_chunk0009_000129199-000136945.wav,روعه والمشاوي منوصي علي ثلاثة كيلو لحمه وثلاثة كيلو طاووق و منشوين عالمنقل تمام
C:\Users\user\Desktop\audio\audio\016_episode-78-skit-dinner-party-planning\8614356-skit-dinner-party-planning_chunk0010_000139923-000155080.wav,وانا رايه نشوي خضره كمان بندوره بصل وفليفله حلوه ضروري نشوي خضره انا رايي بلا الطبخه لانو صار في كتير اكل
C:\Users\user\Desktop\audio\audio\016_episode-78-skit-dinner-party-planning\8614356-skit-dinner-party-planning_chunk0011_000156727-000171589.wav,ما رح اطبخ مغربيه ولا بدي اعمل لوبيه بزات لانو بتتماشي مع اذا هاك بسيطه وطيب اللوبيه وسهله كمان صار في كتير اكل نباتي
C:\Users\user\Desktop\audio\audio\016_episode-78-skit-dinner-party-planning\8614356-skit-dinner-party-planning_chunk0012_000173450-000181169.wav,مريم رح تكون مبسوطه يييييي مزبوط مريم نباتيه كنا ناسيين يعني اتفقنا عاكل العشا
C:\Users\user\Desktop\audio\audio\016_episode-78-skit-dinner-party-planning\8614356-skit-dinner-party-planning_chunk0013_000186235-000188869.wav,بعتقد نقينا تشكيله طيبه وال مشروب
C:\Users\user\Desktop\audio\audio\016_episode-78-skit-dinner-party-planning\8614356-skit-dinner-party-planning_chunk0014_000190990-000196869.wav,كل حدا يجيب اللي بدو ياه يلا منروح عالسوق نجيب الغراض خلينا
C:\Users\user\Desktop\audio\audio\016_episode-78-skit-dinner-party-planning\8614356-skit-dinner-party-planning_chunk0015_000199041-000201089.wav,انا جاهزه
C:\Users\user\Desktop\audio\audio\017_episode-77-graffiti\8546597-graffiti_chunk0000_000000000-000005500.wav,اخيرا وصل النهار الجمعه ورح تبلش عطله نهايه الاسبوع او
C:\Users\user\Desktop\audio\audio\017_episode-77-graffiti\8546597-graffiti_chunk0001_000008279-000010611.wav,شو مشاريعك يا رنا بهاليومين
C:\Users\user\Desktop\audio\audio\017_episode-77-graffiti\8546597-graffiti_chunk0002_000012140-000023727.wav,بعد ما قررت يا بطلع عالجبل او بنزل عالبحر وانت خالد انا ناوي ابقي وكزدر ببيروت لاتفرج بالتحديد
C:\Users\user\Desktop\audio\audio\017_episode-77-graffiti\8546597-graffiti_chunk0003_000026059-000043060.wav,شفت من شوي عفايسبوك انو شركه التيرناتيف تور بيروت بتنظم جولات او tours كل نهار سبت منتمشي تقريبا شي أربعة ساعات ببيروت من منطقه الجميزه عمنطقه الاشرفيه و منتوقف ععده محطات
C:\Users\user\Desktop\audio\audio\017_episode-77-graffiti\8546597-graffiti_chunk0004_000044889-000073349.wav,منتعرف عتاريخ المدينه علي فن الشارع او الstreet art والجرافيتي هيدا اكتر شي محمس شوفو بالمشوار بما انو مناطق الجميزه مار مخايل والحمرا ببيروت غنيه بالجرافيتي ومع انو تقريبا كل يوم بمرق بهالشوارع بالسياره انا ورايح عشغلي بس هيك tour بتسمحلي ركز علي كل لوحه وتفاصيلا شو رايك تجي معي
C:\Users\user\Desktop\audio\audio\017_episode-77-graffiti\8546597-graffiti_chunk0005_000072349-000083484.wav,فكره حلوه كتير بس مع انو انا كمان متلك بحب فن الجرافيتي خاصه ال موجه ال حديثه منو
C:\Users\user\Desktop\audio\audio\017_episode-77-graffiti\8546597-graffiti_chunk0006_000085273-000109420.wav,شايفه صور جرافيتي قديمه لقبل ما اخلق ايام الحرب الاهليه معظما خربشات طائفيه عالحيطان بتبين ايه حزب مسيطر عايه منطقه متل ابو ال رعب مر من هنا اما هالايام متل ما ملاحظ اكيد اختلف الاسلوب رسامين بيركزوا بالدرجه الاولي
C:\Users\user\Desktop\audio\audio\017_episode-77-graffiti\8546597-graffiti_chunk0007_000111690-000126760.wav,بينما غيرن بعالج مواضيع اجتماعيه او سياسيه بس كمان بطريقه فنيه اكبر دليل علي اللي عم تحكيه هو اللي صار بعد انفجار مرفا بيروت ب أربعة اب ألفان و عشرون
C:\Users\user\Desktop\audio\audio\017_episode-77-graffiti\8546597-graffiti_chunk0008_000128369-000131049.wav,علي حاط فندق او
C:\Users\user\Desktop\audio\audio\017_episode-77-graffiti\8546597-graffiti_chunk0009_000133410-000153850.wav,بتشوفي بالرسمه حمامتين بيرمزو للسلام وبتقري كلمه HOPE او امل وبما انو كان في لوم كبير عالدوله واهمالا بترك مواد النيترات المتفجره عالمرفا كتب احد المواطنين علي الحيط المقابل للمرفا دولتي فعلت هذا
C:\Users\user\Desktop\audio\audio\017_episode-77-graffiti\8546597-graffiti_chunk0010_000154190-000162650.wav,ولما اندهن الحيط بال بويا البيضا انتقد المواطنين هالخطوه ورجع حدا منن كتب ما فيكن تمحو اجرامكن دولتي فعلت هذا
C:\Users\user\Desktop\audio\audio\017_episode-77-graffiti\8546597-graffiti_chunk0011_000167566-000169314.wav,بس بعاكسك خالد ب تفصيل صغير
C:\Users\user\Desktop\audio\audio\017_episode-77-graffiti\8546597-graffiti_chunk0012_000170583-000193356.wav,مزبوط انو في لوحات جرافيتي مهمه انرسمت بعد انفجار أربعة اب بس برايي التاثير الاكبر علي هالفن كان خلال ثوره سبعة عشر تشرين ألفان و تسعة عشر انتفض الشعب اللبناني بوقتا للمطالبه بحقوقو المعيشيه و الاجتماعيه وتظاهرو عمدي عده ايام بساحات وسط بيروت او الdowntown
C:\Users\user\Desktop\audio\audio\017_episode-77-graffiti\8546597-graffiti_chunk0013_000193889-000220946.wav,اذا بتتذكر صارت معظم البنايات والحيطان مكتوب عليا رسايل غضب من الشعب للسياسيين متل بدنا نحرق قصوركن جوعتونا ثورتنا نسويه وكان في رسمات كمان متل الكليشيه الموجود دائما ودوما ل رمز لبنان طائر الفنيق وكاريكاتور للزعما يمكن منلاقي قسم منن اليوم
C:\Users\user\Desktop\audio\audio\017_episode-77-graffiti\8546597-graffiti_chunk0014_000221291-000223636.wav,بس في كتير جرافيتي انشال دغري بوقتا
C:\Users\user\Desktop\audio\audio\017_episode-77-graffiti\8546597-graffiti_chunk0015_000224811-000236889.wav,متل اللي كان موجود عحيطان مسجد الامين و كاتدرائيه سان جورج بتذكر عملو ضجه كبيره مش بس بسبب معناتن بل كمان بسبب موقعن
C:\Users\user\Desktop\audio\audio\017_episode-77-graffiti\8546597-graffiti_chunk0016_000239449-000241689.wav,غنيه منظمه
C:\Users\user\Desktop\audio\audio\017_episode-77-graffiti\8546597-graffiti_chunk0017_000243196-000254599.wav,هال street art سبب تناقض بين البنايات ال فخمه والرسمات الشعبويه عهالسيره بدي اخد رايك متل ما لاحظتي
C:\Users\user\Desktop\audio\audio\017_episode-77-graffiti\8546597-graffiti_chunk0018_000255829-000259332.wav,بس في ناس بيعتبروه تخريب للممتلكات ال عقاريه
C:\Users\user\Desktop\audio\audio\017_episode-77-graffiti\8546597-graffiti_chunk0019_000260435-000270049.wav,لهيك بعض الفنانين بيرسمو بالليل بدل النهار لما يراقبوون القوي الامنيه انت شو رايك مممم لا ما بعتبرو تخريب بالعكس
C:\Users\user\Desktop\audio\audio\017_episode-77-graffiti\8546597-graffiti_chunk0020_000273262-000280049.wav,هو اسلوب تواصل بين الفنان وعامه الشعب بيقدر مين ما كان يشوفو ببلاش
C:\Users\user\Desktop\audio\audio\017_episode-77-graffiti\8546597-graffiti_chunk0021_000281667-000287784.wav,استثناءات متل اذا حدا رسم عبنيه خاصه او سوق
C:\Users\user\Desktop\audio\audio\017_episode-77-graffiti\8546597-graffiti_chunk0022_000289049-000304350.wav,بس بالاجمال اللوحات اللي شايفتا بلبنان حلوه وموجوده علي ممتلكات عامه مين اكتر فنان غرافيتي لبناني بتحبو مش فنان واحد بل مجموعه اسما اشكمان
C:\Users\user\Desktop\audio\audio\017_episode-77-graffiti\8546597-graffiti_chunk0023_000306690-000316245.wav,اسسا توم اخوه عمر ومحمد قباني سنه ألفان و واحد اسلوبن معروف بال calligraffiti لانو بيجمعو رسم الجرافيتي مع فن الخط او calligraphy
C:\Users\user\Desktop\audio\audio\017_episode-77-graffiti\8546597-graffiti_chunk0024_000318309-000345461.wav,هني اللي رسمو وديع الصافي المطرب ال ملحن كاتب الاغاني والممثل اللبناني و مكتوب حدو عباره ذهب صافي للعب عالكلام بين عيلتو وصوتو اللي بيشبه الدهب الصافي عندن كمان رسمه للمطربه اللبنانيه القديره فيروز كاتبين فيا من قلبي سلام لبيروت باشاره لاحدي اشهر غنياتا
C:\Users\user\Desktop\audio\audio\017_episode-77-graffiti\8546597-graffiti_chunk0025_000346390-000357309.wav,بس العمل المفضل الي هو رسمه صباح مع جمله بدي عيش للميه بس ليسموني الصبوحه بما انه عاشت هالمغنيه
C:\Users\user\Desktop\audio\audio\017_episode-77-graffiti\8546597-graffiti_chunk0026_000362089-000371981.wav,كتير بسيطه ومهضومه الجمله المكتوبه بس معناتا عميق اه شايفتن لهالرسمات بس ما كنت عارفه انو الن
C:\Users\user\Desktop\audio\audio\017_episode-77-graffiti\8546597-graffiti_chunk0027_000373049-000400234.wav,انا متابعه اكتر يزن حلواني اعمال عن بالاضافه ل كتاب لبنانيه متل جبران خليل جبران وسمير قصير وال شاعر الفلسطيني محمود درويش اكتر شي بيلفتني لما يستعمل الاحرف برسم الوج متل بلوحه درويش ظلال او شادوز احرف عميله من
C:\Users\user\Desktop\audio\audio\017_episode-77-graffiti\8546597-graffiti_chunk0028_000402529-000418252.wav,نظره درويش جديه طاغيه عليا الوان الابيض الاسود والرمادي مع لون اصفر للفت الانتباه عجوانب اللوحه بحب كمان الفنان علي رافعي خاصه
C:\Users\user\Desktop\audio\audio\017_episode-77-graffiti\8546597-graffiti_chunk0029_000421072-000423164.wav,يللي بتصور مخلوق نصو بسين ونصو انسان
C:\Users\user\Desktop\audio\audio\017_episode-77-graffiti\8546597-graffiti_chunk0030_000424347-000426984.wav,مستوحي من اسطوره المينوتور
C:\Users\user\Desktop\audio\audio\017_episode-77-graffiti\8546597-graffiti_chunk0031_000428940-000435439.wav,معك حق هاللوحات كمان مميزه طيب شو قررتي رح تجي معي بكرا ما قررت
C:\Users\user\Desktop\audio\audio\017_episode-77-graffiti\8546597-graffiti_chunk0032_000437705-000445114.wav,بحكيك بكرا الصبح حسب النشاط بس بحال ما رحت صورلي كل شي ومنرجع منحكي
C:\Users\user\Desktop\audio\audio\018_episode-76-religious-fasting\8497309-religious-fasting_chunk0000_000000720-000013796.wav,مريم شو رايك بما انو خلصنا شغل بكير نروح ناكل شاورما بشي مطرح لان انا كتير مشتهيه عليا من وقت خلصنا صيام وعيدنا الاسبوع الماضي ههههه شو ريا
C:\Users\user\Desktop\audio\audio\018_episode-76-religious-fasting\8497309-religious-fasting_chunk0001_000016044-000038543.wav,الهيئه نسيتي انو انتو خلصتو صيام ونحنا بلشنا شهر رمضان والصيام يا الله يا مريم اكيد ما نسيت بس راح عن بالي بهاللحظه عفوا شهيتك يمكن بس بعد ما عيدنا الفصح و قضينا تقريبا خمسون يوم بدون لحومات عم يجو عبالي كتير بوقت ال غدا
C:\Users\user\Desktop\audio\audio\018_episode-76-religious-fasting\8497309-religious-fasting_chunk0002_000039779-000056546.wav,بفهمك كتير وولا يهمك ابدا هني اول يومين بصيام شهر رمضان بكونو شوي صعبين وممكن يصير عندي وجع راس بس بعدا الجسم بيتعود وبصير الصيام اسهل بكتير اي ساعه
C:\Users\user\Desktop\audio\audio\018_episode-76-religious-fasting\8497309-religious-fasting_chunk0003_000058439-000081760.wav,عغروب الشمس هالايام عم يكون تقريبا بين ال سبعة وربع وال سبعة ونص في شويه فرق ب تحديد الوقت بين المذاهب الاسلاميه يعني انتو حوالي ثلاثون يوم من الصبح للسبعة ونص تقريبا هالسنه صايمين عن الاكل والشرب الوقت مش قليل ابدا
C:\Users\user\Desktop\audio\audio\018_episode-76-religious-fasting\8497309-religious-fasting_chunk0004_000081800-000106740.wav,نحنا عنا منوقف الاكل والشرب كليا من ال اثنا عشر نص ليل لل اثنا عشر الضهر بالخمسين يوم وباقي النهار فينا ناكل ونشرب اي شي ما عدا اللحومات والمنتوجات الحيوانيه يلي بيرجع للشخص ال خيار انو يصوم عنن خلال كل فتره ال خمسون يوم او بس يوم الجمعه
C:\Users\user\Desktop\audio\audio\018_episode-76-religious-fasting\8497309-religious-fasting_chunk0005_000105740-000133859.wav,وكمان هالامور فيا بعض الفروقات بين الطوائف المسيحيه كمان فيه يقرر الشخص انو يصوم بس عن نوع معين من الاكل
C:\Users\user\Desktop\audio\audio\018_episode-76-religious-fasting\8497309-religious-fasting_chunk0006_000117083-000136266.wav,واجمالا بكون هالنوع شي هو بحبو كتير متل الشوكولا او الحلويات او المشروبات الغازيه يعني هي من قبل الصبح كمان ريا الامساك عنا او يعني الصيام عن الاكل والشرب ببلش من قبل طلوع الشمس هالايام عم يكون
C:\Users\user\Desktop\audio\audio\018_episode-76-religious-fasting\8497309-religious-fasting_chunk0007_000140860-000152107.wav,طيب هاتي لنشوف هلا شهيني وخبريني شو الاكلات اللي بتعملوا بدون اي لحومات او منتوجات حيوانيه خلال صيامكن منعمل كتير
C:\Users\user\Desktop\audio\audio\018_episode-76-religious-fasting\8497309-religious-fasting_chunk0008_000156097-000177679.wav,متل ال زعتر بالزيت والاكلات ال نباتيه متل ورق سلق محشي رز الفلافل البابا غنوج وللحلو منعتمد كتير علي الحلاوه وانواع الدبس بالطحينه مثلا دبس الخروب ومناكل كتير سمك يلي ما يعد مع باقي اللحوم انا كتير
C:\Users\user\Desktop\audio\audio\018_episode-76-religious-fasting\8497309-religious-fasting_chunk0009_000184325-000188456.wav,فتره مفيده كتير للجسم والصحه
C:\Users\user\Desktop\audio\audio\018_episode-76-religious-fasting\8497309-religious-fasting_chunk0010_000190460-000214143.wav,كل سنه كنا نخصص نهار مع عيلتي لننزل عبيروت نفطر عند اصحاب اهلي و نرجع نروح كلنا سوا نتمشا عالروشه عالبحر لنهضم كل هالاكل اللي اكلناه وبما انو انفتح هالحديث هلا دورك خبريني اكتر عن اكلكن انتو بشهر رمضان وعن الاجواء بالبيوت وال حارات
C:\Users\user\Desktop\audio\audio\018_episode-76-religious-fasting\8497309-religious-fasting_chunk0011_000215619-000235959.wav,انا بحب هالشهر و بنبسط بس يجي بحس فيه ب راحه نفسيه وهي فرصه نبعد شوي عن الماديات الناس بتصير تسال عن احوال بعضا اكتر وتساعد بعضا اكتر وتهتم باكل غيرا مرات قبل اكلا هي في خير
C:\Users\user\Desktop\audio\audio\018_episode-76-religious-fasting\8497309-religious-fasting_chunk0012_000238637-000249460.wav,بالعاده العيل بتجتمع كتير علي موائد الافطار برمضان الكبيره ما في بس طبعا هالسنه الوضع غير بسبب الكورونا
C:\Users\user\Desktop\audio\audio\018_episode-76-religious-fasting\8497309-religious-fasting_chunk0013_000251008-000265480.wav,رمضان هو شهر وهو شهر الله وعد فيه المؤمنين بالمغفره فكمان في وقت كبير مخصص للعبادات الصلاه بالبيت وبال مساجد و قرايه القران والادعيه
C:\Users\user\Desktop\audio\audio\018_episode-76-religious-fasting\8497309-religious-fasting_chunk0014_000266540-000278859.wav,الناس بتصير تسهر وكرمال وجبه اللي هي متل مثلا الترويقه بس مناكلا بعد نص ليل قبل ما يبلش وقت الصيام
C:\Users\user\Desktop\audio\audio\018_episode-76-religious-fasting\8497309-religious-fasting_chunk0015_000280768-000288962.wav,غالبا منتسحر و منصلي الصبح ومننام وبعرف انه في حدا بيبرم عن الشوارع بهالوقت من
C:\Users\user\Desktop\audio\audio\018_episode-76-religious-fasting\8497309-religious-fasting_chunk0016_000291928-000293920.wav,مش هيك
C:\Users\user\Desktop\audio\audio\018_episode-76-religious-fasting\8497309-religious-fasting_chunk0017_000295851-000314398.wav,مزبوط المسحراتي هو تقليد من ايام زمان بس ما عاد كتير موجود هون ببيروت بتلاقيه اكتر بالضيع حتي زينه رمضان الهلال والفوانيس والاضويه بتلاقيا بحارات وبيوت الضيع اكتر بكتير من هون وقت يقدن المغرب
C:\Users\user\Desktop\audio\audio\018_episode-76-religious-fasting\8497309-religious-fasting_chunk0018_000315861-000341820.wav,دينيا هيك مستحب وبعدا الاكل اللبناني المعتاد ما بيتغير عليه شي صارت مجتمعيا مشهوره متل صحن الفتوش او الشوربه وال رقاقات ال محشيه جبنه او شي نوع من اللحمه عصير الجلاب المعمول من دبس العنب او دبس التمر وقمر الدين المعمول من المشمش
C:\Users\user\Desktop\audio\audio\018_episode-76-religious-fasting\8497309-religious-fasting_chunk0019_000342019-000369087.wav,الله يعين الناس يا مريم اجا الصيام عنا وعندكن هالسنه بوضع اقتصادي كتير صعب خانق العيل ماديا هلا صحن الفتوش لحالو عم يكون
C:\Users\user\Desktop\audio\audio\018_episode-76-religious-fasting\8497309-religious-fasting_chunk0020_000368087-000395540.wav,مكلف كتير فكيف باقي انواع الاكل بتعرفي ريا هالامور بتمرق اصعب عالولاد يعني مثلا الحلويات ال شعبيه اللي كمان متعارف عليا انا رمضانيه
C:\Users\user\Desktop\audio\audio\018_episode-76-religious-fasting\8497309-religious-fasting_chunk0021_000242466-000268857.wav,متل
C:\Users\user\Desktop\audio\audio\018_episode-76-religious-fasting\8497309-religious-fasting_chunk0022_000267857-000294248.wav,الكلاج
C:\Users\user\Desktop\audio\audio\018_episode-76-religious-fasting\8497309-religious-fasting_chunk0023_000293248-000319638.wav,والقطايف
C:\Users\user\Desktop\audio\audio\018_episode-76-religious-fasting\8497309-religious-fasting_chunk0024_000318638-000345029.wav,والعسمليه
C:\Users\user\Desktop\audio\audio\018_episode-76-religious-fasting\8497309-religious-fasting_chunk0025_000344029-000370420.wav,وغيرن
C:\Users\user\Desktop\audio\audio\018_episode-76-religious-fasting\8497309-religious-fasting_chunk0026_000369420-000386420.wav,وبتكون معبيه محلات الحلو عالشوارع كيف ما برم وجو الولد صارت اسعارن خرافيه وكتير اهل ما عاد قادرين يامنوون للعيله وللولاد لان متل ما عم تقولي يا دوب عم يقدرو يامنو الاكل الاساسي
C:\Users\user\Desktop\audio\audio\018_episode-76-religious-fasting\8497309-religious-fasting_chunk0027_000389302-000391584.wav,ونشوف كلنا ايام يا رب انا
C:\Users\user\Desktop\audio\audio\018_episode-76-religious-fasting\8497309-religious-fasting_chunk0028_000396116-000405519.wav,اليوم رح نفطر عند اهلي فرح روح لعندن من هلا بكسب شوفتن عبكير وبساعدن ب تحضير الافطار
C:\Users\user\Desktop\audio\audio\018_episode-76-religious-fasting\8497309-religious-fasting_chunk0029_000407310-000409480.wav,توصلي بال سلامه مريم ميسره
C:\Users\user\Desktop\audio\audio\019_episode-75-skit-trip-to-the-beach\8455059-skit-trip-to-the-beach_chunk0000_000010680-000039149.wav,واو لمي شو حلو الشط عنجد متل ما قال كريم جوهره مخبايه عنجد حلو و معظم الايام بكون فاضي بتحسي الشط والبحر بس لالك روعه يعني اليوم البحر لالنا ليش قولك ما بتعجق ما بعرف يمكن لانه صغير ومخبا وراء حقل معنا كل شي عايزينو
C:\Users\user\Desktop\audio\audio\019_episode-75-skit-trip-to-the-beach\8455059-skit-trip-to-the-beach_chunk0001_000085699-000096197.wav,ايه وين بدك نحط الشمسيه و نقعد فينا نحطا قدام شوي عاليمين حد ال صخره منيح الموقع جبتي معك ال طابه
C:\Users\user\Desktop\audio\audio\019_episode-75-skit-trip-to-the-beach\8455059-skit-trip-to-the-beach_chunk0002_000095197-000117590.wav,اكيد جبتا و جبت غير العاب لانو ما رح نقعد نتسمر كل النهار مش ناويه انشوي طيب كل ساعتين بنام لاتشمس لمده ساعه هيدا اذا ما زهقنا وفلينا بكير اكيد ما رح نزهق بين نسبح ناكل ونلعب بيخلص النهار بسرعه روعه عندك مسحوق واقي من الشمس انا بس معي زيت التسمير ايه معي تفضلي عبالك نتمشي شوي و نكتشف المنطقه اكيد بدي شوف شو في ورا الصخور يلا قومي وبس نرجع منسبح ماشي يلا نروح منجهز الاكل قبل ما نروح مش احسن نجهز الاكل بس نرجع ما في مشكله
C:\Users\user\Desktop\audio\audio\019_episode-75-skit-trip-to-the-beach\8455059-skit-trip-to-the-beach_chunk0003_000135419-000149250.wav,يي وصلتلي رساله من ربي رح يلقولنا هون بعد شي ساعه روعه منتسلي مع المجموعه قالتلك مين جاي معا رح تجي مع ساره الياس ونبيل يلا نقوم نعمل جولتنا قبل ما يجو قولك احسن ناخدن عالقليله التلفونات وال مصاري يي عفكره اذا منمشي شي اثنان كيلومتر من هون في دكانه عالشط عندو اطيب بوظه عبالك كتير عبالي
C:\Users\user\Desktop\audio\audio\019_episode-75-skit-trip-to-the-beach\8455059-skit-trip-to-the-beach_chunk0004_000151160-000160860.wav,ليكي هالمنظر شو حلو في خضار صخر رمل وبحر كلن بمحل واحد
C:\Users\user\Desktop\audio\audio\019_episode-75-skit-trip-to-the-beach\8455059-skit-trip-to-the-beach_chunk0005_000163205-000174220.wav,بالفعل بتحسي حالك بال جنه طيب خلينا نمشي عالدكانه ونجيب البوظه ونرجع قبل ما يوصلو اصحابنا ايه بهالشوب بدا بوظه
C:\Users\user\Desktop\audio\audio\020_episode-74-lebanese-beaches\8404069-lebanese-beaches_chunk0000_000000000-000014998.wav,مرحبا رنا عايز رايك بموضوع صغير فاضيه تحكي خمسة دقايق او برجع بتلفنلك بعدين اهلا خالد اخده استراحه صغيره او break من الشغل كلني سمع كيف فيي ساعدك
C:\Users\user\Desktop\audio\audio\020_episode-74-lebanese-beaches\8404069-lebanese-beaches_chunk0001_000016100-000042680.wav,ما بدي حرقصك انت وبالمكتب بس عم ننظم انا واخواتي مشوار عالبحر لبكرا وبعدنا مش عارفين لوين نروح طلبو مني انا نقي محل فجربت نبش عن مسابح جديده علي الانترنت بس اول ما كتبت كلمه مسابح او pools لكون دقيق طلعلي كل المشاريع الخاصه في كتير خيارات بعده مناطق بس صراحه اسعار الدخول اغلي من ميزانيتنا
C:\Users\user\Desktop\audio\audio\020_episode-74-lebanese-beaches\8404069-lebanese-beaches_chunk0002_000043340-000068500.wav,بفهمك و السعر بيغلي بعد اكتر اذا كان هالمسبح ضمن منتجع او resort في مشاريع حلوه وبتقدم خدمات واغراض مفيده متل كراسي لتتشمس برياحه حمامات لبعد السباحه متاجر مطاعم واكيد ملاهي مائيه او water parks بس بهالاوضاع الاقتصاديه طبيعي تفكر مرتين بالاسعار
C:\Users\user\Desktop\audio\audio\020_episode-74-lebanese-beaches\8404069-lebanese-beaches_chunk0003_000067970-000085970.wav,وعلي كل حال تعرضت بعض هالمشاريع الخاصه ل انتقادات باعتبارا تعدي علي الاملاك البحريه يلي لازم تكون لكل الشعب ببلاش بس من هلا لتنحل القصه ما الك الا الشواطئ العامه عم فكر بجبيل
C:\Users\user\Desktop\audio\audio\020_episode-74-lebanese-beaches\8404069-lebanese-beaches_chunk0004_000087561-000093809.wav,منا كتير بعيده عن بيروت اذا ما في عجقه سير اكيد وبحرا حلو
C:\Users\user\Desktop\audio\audio\020_episode-74-lebanese-beaches\8404069-lebanese-beaches_chunk0005_000096430-000120062.wav,فمناخد معنا شمسيه للشمس ومنقعد باول الموسم مش مفروض يكون في كتير ناس عالبحر مناخد راحتنا عرواق عندي ذكريات كتير حلوه بهالمنطقه وفينا بس نخلص نبرم بالسوق القديم او نزور القلعه التراثيه ما زال ناوي تسوق عجبيل ليه ما بتكفي ابعد شوي وبتوصل عالبترون
C:\Users\user\Desktop\audio\audio\020_episode-74-lebanese-beaches\8404069-lebanese-beaches_chunk0006_000120309-000127809.wav,بدا شي عشرة دقايق من جبيل ولانا ابعد عن بيروت بحرا بعد انضف واجمل
C:\Users\user\Desktop\audio\audio\020_episode-74-lebanese-beaches\8404069-lebanese-beaches_chunk0007_000130872-000139511.wav,ببلاش بس يمكن ما تلقيهم بسهوله والقعده ما تكون كتير مريحه انا بنصحك اذا بدك تنزل
C:\Users\user\Desktop\audio\audio\020_episode-74-lebanese-beaches\8404069-lebanese-beaches_chunk0008_000141809-000150809.wav,في محلات اسعارا مقبوله اكتر من غيرا وفي محلات بس بيطلبوا منك اجار الكرسي الطويله او
C:\Users\user\Desktop\audio\audio\020_episode-74-lebanese-beaches\8404069-lebanese-beaches_chunk0009_000152309-000180070.wav,او حق الاكل اللي بتطلبوه شخصيا بحر البترون هو المفضل عندي بلبنان لان بحس المي عم تلمع هونيك اد ما شفافه ومنظر الموج علي البحص كتير حلو بحب اتفرج عالوان واشكال البحص انا وقاعده مع انو اول مره رحت انا يلي كان شكلي بضحك كنت ملبكه وما عم اعرف امشي
C:\Users\user\Desktop\audio\audio\020_episode-74-lebanese-beaches\8404069-lebanese-beaches_chunk0010_000180670-000186950.wav,ايه اكيد الرمل املس وقعدتو اهين بس بيتعود الواحد خطر عبالي خيارات
C:\Users\user\Desktop\audio\audio\020_episode-74-lebanese-beaches\8404069-lebanese-beaches_chunk0011_000188830-000195590.wav,لحقنا ورحنا عجبيل او البترون فينا نوقف ععمشيت او نكفي علي شط الهري بشكا تنايناتن بقولو عنن رايقين وانا مش زايرن من قبل منتعرف علين
C:\Users\user\Desktop\audio\audio\020_episode-74-lebanese-beaches\8404069-lebanese-beaches_chunk0012_000200832-000224580.wav,او فينا حتي نبعد شوي صوب انفه انت بتعرفي انو بسموا سنتوريني لبنان لانو بيوتا الزرقا والبيضا و دواليب الهوا الزرقا الموجودين فيا بخلوا تشبه جزيره سنتوريني اليونانيه معروف باسم تحت الريح لانه موقع جغرافه حرفيا تحت الريح ومحمي
C:\Users\user\Desktop\audio\audio\020_episode-74-lebanese-beaches\8404069-lebanese-beaches_chunk0013_000229393-000251790.wav,منظر روعه شمس حلوه واكل ومازه لبنانيه ولا اطيب اوووه احلي قعده بس ما تنسي تفصيل صغير ما في شط رمل او بحص البحر صخري و غميق يعني اذا اخواتك الصغار ما بيعرفو يسبحو منيح يمكن ما يرتاحو كتير
C:\Users\user\Desktop\audio\audio\020_episode-74-lebanese-beaches\8404069-lebanese-beaches_chunk0014_000254090-000256950.wav,هيت لنغيرلك المشوار من الشمال عالجنوب ليه ما
C:\Users\user\Desktop\audio\audio\020_episode-74-lebanese-beaches\8404069-lebanese-beaches_chunk0015_000260230-000283265.wav,الشط الرملي مقصود من كل المناطق اد ما حلو وكبير عمد عينك والنظر فيكن تتمشو تتشمسو او تلعبو بالطابه الطائره او الvolleyball متل ما معروف اسم هالرياضه بالانكليزي البلديه بتهتم باجراءات السلامه وبالنضافه
C:\Users\user\Desktop\audio\audio\020_episode-74-lebanese-beaches\8404069-lebanese-beaches_chunk0016_000284572-000292290.wav,وبالكن مرتاح في كمان مجموعه مقاهي واستراحات بتقدرو تقعدو عندن
C:\Users\user\Desktop\audio\audio\020_episode-74-lebanese-beaches\8404069-lebanese-beaches_chunk0017_000294791-000297422.wav,الشمس كتير حلو
C:\Users\user\Desktop\audio\audio\020_episode-74-lebanese-beaches\8404069-lebanese-beaches_chunk0018_000298775-000317735.wav,شكلي رح اقتنع منك وبلكي نحنا وهونيك فينا نقطع شوي عبحر الجمل كمان بصور بس صخري اذا تسبحنا هونيك فينا نتفرج علي الزلاحف البحريه اديه حلو تكوني عم تسبحي وتشوفي هيك مخلوقات حدك او فينا حتي نكفي
C:\Users\user\Desktop\audio\audio\020_episode-74-lebanese-beaches\8404069-lebanese-beaches_chunk0019_000320089-000324559.wav,كمان بحره صخري وفي مغارات بقلب
C:\Users\user\Desktop\audio\audio\020_episode-74-lebanese-beaches\8404069-lebanese-beaches_chunk0020_000327910-000343230.wav,حتي لو ما نزلنا عالمي المشوار عالناقوره حرزان بس للفرجه المنظر بجنن لون المي مميز ازرق اكتر من باقي المناطق والصخور العاليه بتبين كانا واجهه غامره البحر
C:\Users\user\Desktop\audio\audio\020_episode-74-lebanese-beaches\8404069-lebanese-beaches_chunk0021_000344970-000353440.wav,تذكرت اديه بلدنا حلو بمساحه صغيره ليكي كم شط فيه وكل واحد الو خصايصو ومحبينو
C:\Users\user\Desktop\audio\audio\020_episode-74-lebanese-beaches\8404069-lebanese-beaches_chunk0022_000354487-000362297.wav,يا ريت الكل بقدر هالطبيعه وبحافظ عليا متل ما لازم معك حق ميه بالميه بس انا
C:\Users\user\Desktop\audio\audio\020_episode-74-lebanese-beaches\8404069-lebanese-beaches_chunk0023_000365829-000394250.wav,شو اشتقت اقعد عالشط عرواق حس بالشمس عم تدفيني اتطلع بالازرق اللي ما بيخلص قدامي واتسمع بس عصوت الموج لنرجع للمهم حلينالك مشكلتك تلمع هونيك قد ما ما تنسي تاخد معك كريم لل حمايه من الشمس لانا رح تكون كتير قويه
C:\Users\user\Desktop\audio\audio\020_episode-74-lebanese-beaches\8404069-lebanese-beaches_chunk0024_000394529-000407752.wav,مشروع مبكل شكرا لمساعدتك ويا ريت فيكي تجي معنا المره الجايه منزبط المشروع نهار فرصتك هلا ركزي عشغلك عسيره الشغل ما صار لازم يخلص الbreak
C:\Users\user\Desktop\audio\audio\020_episode-74-lebanese-beaches\8404069-lebanese-beaches_chunk0025_000409569-000413789.wav,حق خلص بتمني تقضو نهار حلو بكرا
C:\Users\user\Desktop\audio\audio\021_episode-73-lebanese-movies\8362772-lebanese-movies_chunk0000_000121319-000124605.wav,خاي منيح خلص هالنهار الطويل شو رايك يا خالد نعمل شويه بوشار ونحضر فيلم سوا الليله زمان ما عملنا بشي فيلم عن الابطال الخارقه او لا كل مره انت بتنقي افلام اجنبيه هالمره دوري عبالي نحضر فيلم لبناني بعرف انو منك وحيد الجمهور اللبناني بشكل عام بتابع الافلام الغربيه والاميركيه اكتر من ما بيحضر الافلام المحليه لانو معودين عليها اكتر وبرايي السبب الرئيسي لهالافضليه هو الاختلاف اللي كتير كبير بالانتاج بين لبنان وهوليوود مثلا صناع السينما اللبنانيه معدودين يخسروا مصرياتن بهيك بس هالشي ما بيمنع انو صار في انتاج ما تفهميني غلط معود احضر افلام اجنبيه اكتر بس في كم مخرج وعمل لبناني بحبن كتير منن زياد الدويري يلي اشتغل علي عده افلام اهمها بيروت الغربيه وقضيه رقم ثلاثة و عشرون فيلم قضيه رقم ثلاثة و عشرون او The Insult متل ما معروف اسمو بالانكليزي لاقي نجاح عالمي وترشح لجايزه الاوسكار عن فئه افضل فيلم اجنبي لعام ألفان و ثمانية عشر بس اذا بدي نقي بين التنين بفضل نحضر الليله فيلم بيروت الغربيه او West Beirut اللي الو مكانه مميزه عندي ابطال هالفيلم هني ثلاثة مراهقين طارق عمر ومي يلي عم يجربوا يكفوا حياتن اليوميه ببدايه الحرب اللبنانيه سنه ألف و تسعمائة و خمسة و سبعون كتير حلو كيف من خلال مغامراتن الشبابيه منقدر نتعرف عماساه بيروت بهداك الوقت ايه حاضرتو وكتير بتاثر بقدي تمثيلن حقيقي
C:\Users\user\Desktop\audio\audio\021_episode-73-lebanese-movies\8362772-lebanese-movies_chunk0001_000126819-000130380.wav,بس شو رايك بدل فيلم لزياد
C:\Users\user\Desktop\audio\audio\021_episode-73-lebanese-movies\8362772-lebanese-movies_chunk0002_000134566-000160652.wav,فيلمها كفرناحوم كمان ترشح لجايزه الاوسكار سنه ألفان و تسعة عشر بس كتير حزين بصور المعاناه الموجوده بافقر الاحياء اللبنانيه والمشاكل اللي بتواجها عائلات اللاجئين بفضل نحضرلها فيلم سكر بنات اللي معروف عالميا باسم Caramel بينقل هالفيلم المشاكل الشخصيه والاجتماعيه ل خمسة نساء لبنانيات
C:\Users\user\Desktop\audio\audio\021_episode-73-lebanese-movies\8362772-lebanese-movies_chunk0003_000161847-000164101.wav,متل العلاقات العاطفيه الممنوعه
C:\Users\user\Desktop\audio\audio\021_episode-73-lebanese-movies\8362772-lebanese-movies_chunk0004_000165610-000191499.wav,التقاليد
C:\Users\user\Desktop\audio\audio\021_episode-73-lebanese-movies\8362772-lebanese-movies_chunk0005_000190499-000216389.wav,العائليه
C:\Users\user\Desktop\audio\audio\021_episode-73-lebanese-movies\8362772-lebanese-movies_chunk0006_000215389-000241279.wav,
C:\Users\user\Desktop\audio\audio\021_episode-73-lebanese-movies\8362772-lebanese-movies_chunk0007_000240279-000266169.wav,
C:\Users\user\Desktop\audio\audio\021_episode-73-lebanese-movies\8362772-lebanese-movies_chunk0008_000265169-000293789.wav,تقبل التقدم بالعمر واختيار الواجب او الرغبات الشخصيه اما فيلم هلا لوين Where Do We Go Now كمان لنادين لبكي فهو احد الافلام المفضله عندي بخبر الفيلم قصه اهالي مسيحيين ومسلمين ساكنين بضيعه صغيره بعيده عن باقي المناطق لما تبلش المشاكل الطائفيه بباقي المناطق بتجرب صبايا وامات هالضيعه يعملوا المستحيل ليحافظوا عالسلام بين عيلهن مظبوط الموضوع مستوحي من الحرب الاهليه والانقسامات الطائفيه اللي موجودين بمجتمعنا بذكرني شوي بفيلم بيروت الغربيه بس تفاصيل القصه وطريقه المعالجه مختلفين الابطال بتذكر لما حضرت هالفيلم بالسينما عجبتني الموسيقي التصويريه تبعو حضرها زوجها لنادين خالد مزنر واللي لفتلي نظري كمان كيف قدرت نادين لبكي تمزج الكوميديا بالدراما بمشهد منضحك وبالتاني منبكي بس بتعرفي شو ما عبالي احضر فيلم عندك فكره شو معقول يكون ممم شو رايك بفيلم محبس او Solitaire اذا سامع اسمو بالانكليزي انعرض بلبنان سنه ألفان و سبعة عشر من تاليف واخراج صوفي بطرس الرساله الرئيسيه هي التعصب الموجود عند البعض منا وليه لازم نتخطي مشاكل الماضي ورفض الاخر ومع انو الموضوع هلقد عميق تصير مع اي حدا اذا قرر يرتبط بشخص من غير جنسيه او غير دين واهلو ما وافقوا بيحكي الفيلم عن قصه حب بين غاده وسامر يلي بقرروا يتزوجوا ويلبسوا خاتم المحبس بس المشاكل بتبلش لما تتعرف امها لغاده عالعريس وعيلتو وتكتشف انن منن لبنانيي
C:\Users\user\Desktop\audio\audio\021_episode-73-lebanese-movies\8362772-lebanese-movies_chunk0009_000294693-000315144.wav,رده فعلها بتضحك والعلاقه بين العيلتين فيها شوي توتر او tension بس مهضومه يعني ما قلتيها بس واضح انو الفيلم رومنسي كوميدي وعم تجربي ما بتخبريني بشكل مباشر لانو بتعرفيني ما بحب هالنوع من الافلام الrom coms متل ما منقلن بالانكليزي
C:\Users\user\Desktop\audio\audio\021_episode-73-lebanese-movies\8362772-lebanese-movies_chunk0010_000316897-000318934.wav,اي فيلم لازم
C:\Users\user\Desktop\audio\audio\021_episode-73-lebanese-movies\8362772-lebanese-movies_chunk0011_000321540-000328483.wav,للمخرج اللبناني وانا بعرف كيف فيي اقنعك فيه بطله الفيلم اسمها رنا متلك
C:\Users\user\Desktop\audio\audio\021_episode-73-lebanese-movies\8362772-lebanese-movies_chunk0012_000329600-000349266.wav,بيحكي كمان عن قصه حب متل القصص اللي بتحبيهن بين رنا وجود اللي فيه فوارق اجتماعيه كبيره بيناتن لقيت احداث القصه بطيئه شوي بس اللي كتير عجبني هو التركيز علي الصوت هالنقطه عامل اساسي بالفيلم لانو جود بصير يسجل اصوات بيروت ويسمعها ياهن لحبيبتو بفضل
C:\Users\user\Desktop\audio\audio\021_episode-73-lebanese-movies\8362772-lebanese-movies_chunk0013_000355157-000381119.wav,بتتذكر اخر مره حكينا فيها عن الدبكه وحضرنا من بعدها فيلم البوسطه كان لنفس المخرج فيليب عرقتنجي فخلينا هالمره نغير شوي الاسلوب وبلكي نحضر فيلم غدي المخرج هو امين دره واحد الابطال هو ممثلك المفضل جورج خباز او ليبا متل ما اسمو بالفيلم
C:\Users\user\Desktop\audio\audio\021_episode-73-lebanese-movies\8362772-lebanese-movies_chunk0014_000379559-000406179.wav,ليبا هو الراوي اللي بخبرنا عن ابنو غدي اللي بعاني من متلازمه داون او الdown syndrome ولانو اهالي الحي ما بيتقبلوا اختلاف هالصبي بجرب البي يقنعن يحبوه بطريقه ذكيه ومهضومه لما حضرت الفيلم لقيت غدي كتير قريب عالقلب وخلاني فكر بكتير امور متل الايمان الجهل الاختلاف
C:\Users\user\Desktop\audio\audio\021_episode-73-lebanese-movies\8362772-lebanese-movies_chunk0015_000407019-000424700.wav,طيب رنا ما زال حاضرتيه مش عبالك تشوفي شي جديد انا برايي ننقي فيلم مش حاضرو حدا منا من قبل افلام لبنانيه بيقولوا انها حلوه مثل لما حكيت مريم خبصه غد العيد
C:\Users\user\Desktop\audio\audio\021_episode-73-lebanese-movies\8362772-lebanese-movies_chunk0016_000429359-000433074.wav,ما زال مش حاضر ولا واحد منن رح اتركك انت تنقي
C:\Users\user\Desktop\audio\audio\021_episode-73-lebanese-movies\8362772-lebanese-movies_chunk0017_000434140-000440049.wav,تمام رح شوف شو بلاقي منن عالانترنت بتقدر خالد بهالوقت انت تحضر البوشار
C:\Users\user\Desktop\audio\audio\021_episode-73-lebanese-movies\8362772-lebanese-movies_chunk0018_000441820-000444299.wav,اتفقنا يلا نقي عالسريع
C:\Users\user\Desktop\audio\audio\022_episode-72-dabke-dance\8316075-dabke-dance_chunk0000_000000740-000015899.wav,خالد تعا تفرج معي عصور عرس سهي منزلتن عن جديد عفايسبوك من اجمل الذكريات صرلها سنتين مزوجه بتصدق لااا كيف قطع الوقت
C:\Users\user\Desktop\audio\audio\022_episode-72-dabke-dance\8316075-dabke-dance_chunk0001_000018809-000040760.wav,تعلموني ارقص دبكي وما مع انو كرقصه مش صعبه ابدا لازم تتعلمها بما انو رح نرجع نشوفها بكل عرس وكل سهره لما نرجع عالحياه الطبيعيه بعد ما تخلص جائحه الكورونا اكيد ملاحظ القواعد الاساسيه اول ما نسمع موسيقي فلكلوريه
C:\Users\user\Desktop\audio\audio\022_episode-72-dabke-dance\8316075-dabke-dance_chunk0002_000178639-000192966.wav,منوقف حد بعض بشكل صف قوس يعني arcاو دايره يعنيcircle منمسك ايدين وكل ما كنا كتار كل ما صارت الرقصه احلي بس انت خليك لانو يلي بيوقف عالطرف الدبكه بكون الاشطر وبيعمل خطوات او ستابس اكتر منه ليبين هيدا كلو واضح بالنسبه الي وبعرف انو في عده انواع موسيقي فلكلوريه بينرقص عليها دبكه متل اغاني الدلعونا الميجانا والهواره بس انا اللي بضيعني هو كيف لازم نضرب علي الارض باجرينا بقوه ومتل ما بتعرفي حركه الاجرين اساسيه بالدبكه لانو اصلا هيدا المعني الحرفي لكلمه دبكه خبط الاجرين عالارض مظبوط واصلا هيك بلشت الدبكه بتقول القصه انو من زمان قبل ما يخترعوا المحدله كانت اسطح بيوت الجبل معموله من تراب وبحص ممدودين علي قطع خشب وحتي يقدروا جدودنا يرصوا هالتراب كانوا يطلبوا مساعده جيرانن وعيلتن يجتمعوا سوا عسطح البيت يمسكوا ايدين بعض ويدوروا بنظام يمشوا يمشوا ويخبطوا الارض ويضلوا يعيدوا ليكونوا رصوا التراب كلو ايه سامعها للخبريه وبعرف كمان انو بلش اسم غنيه الدلعونا من وقتها او بالاحري الدلعونا متل ما قلتي كانوا اصحاب البيت يطلبوا مساعده او عونه غيرن وبهيديك الايام كانوا يحكوا اللغه السريانيه فبدل ما يقولوا ال عونه كانوا يقولوا د لعونه فيصيروا يغنوا دلعونه هني وعالسطح ليسمعوهن اصحابن وينضموا الن شكلك بتعرف معلومات عن الدبكه اكتر ما بتعرف ترقصها في قصه تانيه عن تاريخ الدبكه بقول البعض انها بلشت مع شعب المرده يلي اجوا من منطقه القوقاز علي جبال لبنان سنه ستمائة و ستة و سبعون معركه كانوا يعملوا رقصه الحرب يشبكوا ايدين بعض ويرقصوا جماعيا مع سلاحن كامل لما يرجعوا من المعركه كانوا يعيدوا نفس الرقصه ليحتفلوا بانتصارن هالخبريه مرتبطه بالحرب وبيختلف
C:\Users\user\Desktop\audio\audio\022_episode-72-dabke-dance\8316075-dabke-dance_chunk0003_000195874-000224570.wav,بس التنين عندن نفس المعاني انخراط الفرد بالجماعه وتعاون هالجماعه لتحقيق هدف موحد اولك خالد ايه قصه منن اصح برايي ما فينا نجزم اياها ادق من التانيه متل كتير قصص بماضينا كل وحده عندها مراجع خاصه فيها ولعبت دور معين تاريخيا عالارجح التنين مظبوطين والمعاني اللي حكيتي عنها بتمثل جوهر الدبكه
C:\Users\user\Desktop\audio\audio\022_episode-72-dabke-dance\8316075-dabke-dance_chunk0004_000051322-000052737.wav,علي كل حال
C:\Users\user\Desktop\audio\audio\022_episode-72-dabke-dance\8316075-dabke-dance_chunk0005_000226024-000237710.wav,الحدث المباشر اللي اثر عالدبكه اللبنانيه متل ما منعرفها اليوم هو مهرجان الدبكه الشعبيه بمدينه بعلبك بالبقاع سنه ألف و تسعمائة و سبعة و خمسون
C:\Users\user\Desktop\audio\audio\022_episode-72-dabke-dance\8316075-dabke-dance_chunk0006_000239510-000242610.wav,الدبكه بمسرحيات الاخوين
C:\Users\user\Desktop\audio\audio\022_episode-72-dabke-dance\8316075-dabke-dance_chunk0007_000244729-000273374.wav,واكيد خطوات الرقص اللي بتقدمها هالفرق المحترفه بتختلف عن خطوات الاشخاص العاديين لانها بتكون متنوعه اكتر اسرع وهدفها ترفيه الجمهور شخصيا لما احضر هالفرق بحب ركز علي تيابن مش بس علي رقصن الدبكه جزء من التراث اللبناني اعضاء هالفرق بيلبسوا ازياء تقليديه مثل شروال واسع
C:\Users\user\Desktop\audio\audio\022_episode-72-dabke-dance\8316075-dabke-dance_chunk0008_000097137-000099451.wav,القصه انو من
C:\Users\user\Desktop\audio\audio\022_episode-72-dabke-dance\8316075-dabke-dance_chunk0009_000282230-000299029.wav,يعني مثلا من عشرة سنين عالقد عمل مطار بيروت دعايه بتتحول فيها منطقه السوق الحره او الduty free لمسرح دبكه فجاه بتنسمع غنيه الهواره لالان مرعب وبصير الكل يرقص عليها بتتذكرها
C:\Users\user\Desktop\audio\audio\022_episode-72-dabke-dance\8316075-dabke-dance_chunk0010_000301269-000327950.wav,ايه كتير مهضومه حضرتها اكتر من مره عYouTube فيه كمان فيلم البوسطه للمخرج فيليب عرقتنجي بضوي من خلاله علي هالفن قديم شوي نزل بالألفان و خمسة وبيحكي عن فرقه جربت تدمج الدبكه التراثيه بايقاع غربي وتشارك بمسابقه رقص شو رايك رنا نحضرو قريبا مش غلط ابدا بس قبل ما
C:\Users\user\Desktop\audio\audio\022_episode-72-dabke-dance\8316075-dabke-dance_chunk0011_000330489-000347779.wav,عاده بينرقص دبكه عالحان الات موسيقيه محليه مثل الطبله المجوز الناي والدف بس منا دايما بحاجه لكل هالموسيقي بيكفينا دربكه او طبل لضبط الايقاع هلق بحط موسيقي عالتلفون
C:\Users\user\Desktop\audio\audio\022_episode-72-dabke-dance\8316075-dabke-dance_chunk0012_000349086-000375160.wav,طيب متل ما بعرف انو في عده انواع لهالرقصه حسب البلد والمنطقه فهي منا حصريه للبنان ومعروفه كمان بفلسطين سوريه العراق وغيرها من البلدان وحتي بقلب لبنان في عده اشكال لرقصها بمنطقه البترون لوحدها مثلا في اكثر من عشرة اساليب وبعكار فيه أربعة دبكات اهمها دبكه عرب
C:\Users\user\Desktop\audio\audio\022_episode-72-dabke-dance\8316075-dabke-dance_chunk0013_000375126-000379540.wav,بدك تعلميني بدها سؤال الاهين اكيد
C:\Users\user\Desktop\audio\audio\022_episode-72-dabke-dance\8316075-dabke-dance_chunk0014_000381540-000406980.wav,تذكر انو اهم نصايح لتقدر تتبع الايقاع هني انك تنسجم مع باقي الراقصين تحترم توقيت كل خطوه وتنبسط باللي عم تعملو نحنا اليوم بس شخصين بس من كم سنه بالألفان و أحد عشر بالتحديد ببلده ضهور الشوير شارك خمسة آلاف و خمسون شخص برقصه دبكه استمرت لمده ستة دقايق
C:\Users\user\Desktop\audio\audio\022_episode-72-dabke-dance\8316075-dabke-dance_chunk0015_000406540-000424540.wav,حققوا بوقتها رقم قياسي عالمي بموسوعه غينيس لاطول دبكه جاهز لنبلش الصف جاهز ومحمس بس خيفان شوي ما تظبط معي وبدل ما نرقص دبكه تدبك بيناتنا او نتخانق متل ما منقول باللبناني ما
C:\Users\user\Desktop\audio\audio\022_episode-72-dabke-dance\8316075-dabke-dance_chunk0016_000427588-000433133.wav,منعيد الخطوات عرواق بتلاقيهن هينين ومنتسلي سوا يلا عالدبكه
C:\Users\user\Desktop\audio\audio\023_episode-71-mothers-day\8266467-mother-s-day_chunk0000_000000840-000004535.wav,جاهزه جاهزه مرحبا مستمعيننا عاللانغويج وايف
C:\Users\user\Desktop\audio\audio\023_episode-71-mothers-day\8266467-mother-s-day_chunk0001_000005619-000032219.wav,معكن مريم من جديد و الصوت اللي سمعتوه عم يرد علي هلا هو من اغلي و اعز الاصوات عقلبي هو صوت الماما نفس الشي بعتقد صوت الام لكل حدا فيكن فاذا كانت امكن بعدا عايشه واحتفلتو فيا بعيد الام هالسنه بقلكن الله يطول بعمرا ما يحرمكن ويخليا فوق راسكن
C:\Users\user\Desktop\audio\audio\023_episode-71-mothers-day\8266467-mother-s-day_chunk0002_000031360-000059352.wav,واذا كانت متوفيه فاكيد تذكرتوا بكتير طرق بعيد الام وبقلكن الله يرحما وان شا الله تكون بمكان افضل هلا الماما معي بهالحلقه لان بدل ما انا خبركن ب عيد الام عن تعبا وقوتا و صبرا بتربايتنا انا واخواتي بوحده من اصعب المراحل اللي رح خليا هي تخبركن وتخبرني
C:\Users\user\Desktop\audio\audio\023_episode-71-mothers-day\8266467-mother-s-day_chunk0003_000060520-000077048.wav,تنعاد عليك يا رب ماما بال صحه وال عافيه والخير وما نشوف فيك شر حبيبتي ماما يخليلي ياكن ويفرحني فيكن دايما ماما شو رايك بالبدايه تخبرينا عنك ب طفولتك انا
C:\Users\user\Desktop\audio\audio\023_episode-71-mothers-day\8266467-mother-s-day_chunk0004_000083930-000107360.wav,ورحت عال مدرسه بعمر خمس سنين انا اكبر وحده بين اخواتي كنا خمسة بنات وثلاثة صبيان وكان بي بس بدو يضهرنا ياخدنا عحرش بيروت او عالروشه كنا عيله كبيره وكانت ايام حلوه كتير بيك كان ابن جيراننا بالحي تعرفنا علي بعض بعمر صغير
C:\Users\user\Desktop\audio\audio\023_episode-71-mothers-day\8266467-mother-s-day_chunk0005_000106360-000134940.wav,كنت انا أربعة عشر سنه وهو تسعة عشر سنه حبني كتير واجا طلبني من اهلي يعني اي سنه خطبتو انت وبابا واي سنه تزوجتو خبرينا اكتر كيف كانت هيديك الفتره وشو اصعب شي مرقتو فيه اول زواجكن شو بدي خبرك يا ماما خطبنا ب تموز سنه ألف و تسعمائة و أربعة و سبعون كان عمري أربعة عشر سنه
C:\Users\user\Desktop\audio\audio\023_episode-71-mothers-day\8266467-mother-s-day_chunk0006_000133940-000151059.wav,كنا صغار ونضهر كتير عالسينما وال مسرح وال مطاعم والاسواق بعدين بلشت الحرب بسنه ال ألف و تسعمائة و خمسة و سبعون وانقسمت بيروت ل شرقيه و غربيه وما عدنا قدرنا نتحرك
C:\Users\user\Desktop\audio\audio\023_episode-71-mothers-day\8266467-mother-s-day_chunk0007_000153093-000178779.wav,تزوجنا باذار ألف و تسعمائة و ستة و سبعون اول بيت اخدناه كان ع خطوط التماس صار قصف وانضرب البيت قبل ما نتزوج و نسكنو اجت قذيفه فيه واتضرر كتير وصرنا نفتش عبيت تاني واصعب شي صار انو قبل ما نتزوج بعشر شهور بي قتلوه مسلحين ب قناصه كان حارس ب بلديه بيروت
C:\Users\user\Desktop\audio\audio\023_episode-71-mothers-day\8266467-mother-s-day_chunk0008_000178679-000196479.wav,غياب البي بهد الانسان بس الحياه بدا تكفي بالاخير رجعنا استاجرنا بيت تاني كانت ظروف صعبه ووضعنا المادي ابدا مش منيح فاستاجرنا بيت اوضه و مطبخ وحمام واحد الله يرحمو جدو
C:\Users\user\Desktop\audio\audio\023_episode-71-mothers-day\8266467-mother-s-day_chunk0009_000198946-000213479.wav,وال تاتا كمان ربت بقيه اخواتك لحالا وكانت ام عظيمه و تحملت كتير عاندت ال ياس وال مصاعب وكبرتكن وبعدا بكم شهر حبلتي انت باول ولد اختي الكبيره صح
C:\Users\user\Desktop\audio\audio\023_episode-71-mothers-day\8266467-mother-s-day_chunk0010_000214679-000229293.wav,مزبوط انا وحامل ببنتي الاولي اشتدت الحرب الاهليه كتير وصار قصف ومعارك قويه هربنا برا بيروت وبس راقت شوي رجعنا عبيروت و ولدت كان
C:\Users\user\Desktop\audio\audio\023_episode-71-mothers-day\8266467-mother-s-day_chunk0011_000233119-000239479.wav,وبعدين جبت تاني ولد وتالت ولد بالحرب الاهليه كمان بيك كان
C:\Users\user\Desktop\audio\audio\023_episode-71-mothers-day\8266467-mother-s-day_chunk0012_000242479-000251660.wav,بالدرك يعني وكان يغيب كتير بمهات و ماموريات بشغلو وضل لحالي بالبيت مع ثلاثة ولاد
C:\Users\user\Desktop\audio\audio\023_episode-71-mothers-day\8266467-mother-s-day_chunk0013_000252884-000273688.wav,ولمن تشتد المعارك والقصف جهز شويه اكل واحملن واهرب فين من ملجا لملجا حميتي عيله وانت مرا صغيره باول العشرينيات في شي حادثه ما بتنسيا انت ومع ثلاثة ولاد لحالك بالملاجئ ايه والله يا بنتي مره كان بيك كان
C:\Users\user\Desktop\audio\audio\023_episode-71-mothers-day\8266467-mother-s-day_chunk0014_000278480-000280453.wav,اختك الكبيره
C:\Users\user\Desktop\audio\audio\023_episode-71-mothers-day\8266467-mother-s-day_chunk0015_000282160-000292084.wav,طلعت حرارتا كتير وما عاد قدرت تتحرك او تحكي صرت ابكي كتير وما عارفه شو اعمل في شاب
C:\Users\user\Desktop\audio\audio\023_episode-71-mothers-day\8266467-mother-s-day_chunk0016_000294480-000315000.wav,تركت اخواتك تنين مع جيراني بالملجا واخدني الشاب بسيارتو تحت القصف عند دكتور اطفال بمنطقه قريبه الطريق كانت فاضيه وما فيا ولا شخص شي مرعب و مشهد ما بنساه بحياتي الدكتور قلنا شو مجانين انتو كيف جيتو فحصا و وصفلا دوا
C:\Users\user\Desktop\audio\audio\023_episode-71-mothers-day\8266467-mother-s-day_chunk0017_000317000-000343140.wav,الشاب اللي اخدني يا حرام مات بالحرب بعدا بكم شهر بقصف علي بيتو يا الله يا ماما اديش مرق عليك واديش تحملتي لنحنا نكبر ونعيش حرب اهليه ازمه اقتصاديه وليره عم تنهار متل ما عم يصير هلا تقريبا و عفوقن بلش الاجتياح الاسرائيلي بحزيران سنه ال ألف و تسعمائة و اثنان و ثمانون
C:\Users\user\Desktop\audio\audio\023_episode-71-mothers-day\8266467-mother-s-day_chunk0018_000343260-000371820.wav,صح قصفو الاسرائيليه بيروت ونزلنا عالملاجئ وبعدين جاب بيك سياره من الشغل وطلعنا من بيروت عالضيعه وقفونا الاسرائيليه ع حاجز بمنطقه الشويفات و حققو معنا شي أربعة ساعات ضلينا ثلاثة عشر ساعه لوصلنا عالضيعه وخيك مرض عالطريق ما عرفت كيف وصلنا عالضيعه لنشوف دكتور
C:\Users\user\Desktop\audio\audio\023_episode-71-mothers-day\8266467-mother-s-day_chunk0019_000371899-000393669.wav,ضلينا كذا شهر بالضيعه لان الاحتلال الاسرائيلي كان محاصر بيروت كليا و قتلو ناس كتير العالم جاعت كتير ببيروت ابدا ولا مي ولا خبز وقصف ومعارك وبعدا رجعتو عبيروت
C:\Users\user\Desktop\audio\audio\023_episode-71-mothers-day\8266467-mother-s-day_chunk0020_000393399-000412560.wav,بتذكر خبرتيني عن صعوبات بالتربيه كمان مرقتي فيا باصغر تفاصيل بالحياه بتخبرينا اكتر عنن ان شا الله ما بتنعاد هيديك الايام بالليل ما اعرف وين بدي نيم اخواتك كرمال القصف والتقنيص
C:\Users\user\Desktop\audio\audio\023_episode-71-mothers-day\8266467-mother-s-day_chunk0021_000414506-000416190.wav,كانو يقولو قذيفه الار بي جي بتفوت ب حيطين
C:\Users\user\Desktop\audio\audio\023_episode-71-mothers-day\8266467-mother-s-day_chunk0022_000418260-000424226.wav,فصير فكر انا وين ممكن نيمن وفيه قدامن اكتر من حيطين يحموون
C:\Users\user\Desktop\audio\audio\023_episode-71-mothers-day\8266467-mother-s-day_chunk0023_000427671-000440859.wav,قول بنيمن بالكوريدور بعدين قول لاء بالمطبخ احسن وارجع اخدن واقعد بالحمام واخر شي مرات كنت احملن وانزل اقعد فين بمدخل ال بنايه وهيك ما نام بالليل ابدا كمان بيك ما كان
C:\Users\user\Desktop\audio\audio\023_episode-71-mothers-day\8266467-mother-s-day_chunk0024_000447239-000465386.wav,كنت روح انا وبيك نجيب مي من بير بارض قريبه ومرات اذا هو بالشغل روح لحالي عبي غالنات المي واحملن عالبيت وانا وحامل مرات طلعن عا لسلم عتتخيته البيت كان فيا البركه اللي منسحب منا مي عالحنفيات
C:\Users\user\Desktop\audio\audio\023_episode-71-mothers-day\8266467-mother-s-day_chunk0025_000466640-000468502.wav,وهيك كنت
C:\Users\user\Desktop\audio\audio\023_episode-71-mothers-day\8266467-mother-s-day_chunk0026_000470519-000479394.wav,وبس بدي حممكن دفي المي عنار الحطب مره الساعه اثنان بالليل صابت البيت ار بي جي اجت عال برنده
C:\Users\user\Desktop\audio\audio\023_episode-71-mothers-day\8266467-mother-s-day_chunk0027_000481279-000486839.wav,بعدني لهلا بتذكر كيف احملت اخواتك وانزلت اركض بالشارع
C:\Users\user\Desktop\audio\audio\023_episode-71-mothers-day\8266467-mother-s-day_chunk0028_000491579-000515500.wav,بس تحكي كل هيدا بتفاءل بقوتك وبتاكد انو ما في شي بالدنيا بيصعب عالانسان اذا كان عندو اراده وحب متل اللي عندك وهلا رح احكي انا شويه اشيا ما قلتين بقلب كل هول كانت قيمه الليره عم تنهار وبابا عم يشتغل اكتر من شغل ليحلق ع مصروف العيله
C:\Users\user\Desktop\audio\audio\023_episode-71-mothers-day\8266467-mother-s-day_chunk0029_000515459-000540500.wav,كنتو تحملو هم ال حليب وال سكر وال رز المقطوع متل كتير اميات وبيات بلبنان بوقتا وكتير اميات هلا كمان ورغم كل هيدا حرمتي حالك انت وبابا كتير اشيا حتي قدرتو علمتونا كلنا مع انو انت وياه ما قدرتو تكفو تعليمكن بسبب الحرب وبعدك لليوم عندك صعوبات كتير بالنوم بعرف بسبب الحرب
C:\Users\user\Desktop\audio\audio\023_episode-71-mothers-day\8266467-mother-s-day_chunk0030_000539960-000567219.wav,صعب احكي بحلقه او مائة حلقه عن كل شي مرقتي فيه واديش تعبتي و ضحيتي كرمالنا انت وبابا بس يمكن حبيت نسمع انا والمستمعين شوي من قصصك بعيد الام وقلك انو انت كنت ام ومرا جباره وعظيمه ومتلك كتير اميات من جيل الحرب بلبنان رح تضلي دايما مثالي الاعلي بالحياه كل عام وانت بالف خير يا رب
C:\Users\user\Desktop\audio\audio\024_episode-70-skit-taxi-or-service\8230003-taxi-or-service_chunk0000_000000259-000006004.wav,شكرا عال قهوه ديما هيدا احلي كافيه بالحمرا بس صار لازم ارجع عال بيت
C:\Users\user\Desktop\audio\audio\024_episode-70-skit-taxi-or-service\8230003-taxi-or-service_chunk0001_000007360-000010120.wav,ليه ولاو خليك بعد
C:\Users\user\Desktop\audio\audio\024_episode-70-skit-taxi-or-service\8230003-taxi-or-service_chunk0002_000011683-000017100.wav,لاء معليش تاخرت منرجع منعمل قعده تانيه قريبا رح اطلب تاكسي هلا
C:\Users\user\Desktop\audio\audio\024_episode-70-skit-taxi-or-service\8230003-taxi-or-service_chunk0003_000018120-000022512.wav,ليش لتطلبي تاكسي المناره مش بعيده
C:\Users\user\Desktop\audio\audio\024_episode-70-skit-taxi-or-service\8230003-taxi-or-service_chunk0004_000021512-000049604.wav,وقفي سرفيس
C:\Users\user\Desktop\audio\audio\024_episode-70-skit-taxi-or-service\8230003-taxi-or-service_chunk0005_000048604-000076696.wav,اسرعلك و
C:\Users\user\Desktop\audio\audio\024_episode-70-skit-taxi-or-service\8230003-taxi-or-service_chunk0006_000075696-000103788.wav,ارخصلك عنجد
C:\Users\user\Desktop\audio\audio\024_episode-70-skit-taxi-or-service\8230003-taxi-or-service_chunk0007_000026299-000028979.wav,شو بي فرق عن التاكسي
C:\Users\user\Desktop\audio\audio\024_episode-70-skit-taxi-or-service\8230003-taxi-or-service_chunk0008_000030236-000053860.wav,السرفيس بتوقفيه من وين ما بدك اصلا هو بشوفك واقفه بوقف معقول يكون في غيرك بال سياره ويمكن يوقف ل غير ناس كمان بس كلكن بتكونو رايحين ب ذات الاتجاه المفروض تاخديه اسرع بس عالارجح تطول الرحله شوي اكتر اذا بدو ينزل حدا قبلك
C:\Users\user\Desktop\audio\audio\024_episode-70-skit-taxi-or-service\8230003-taxi-or-service_chunk0009_000054000-000075795.wav,طيب ديما مش غريب شوي انو نكون خمسة اشخاص بذات السياره بحس الوضع بكون محرج او لاء عادي كتير يا بشري اعتبري حالك بال باص حتي انو معقول تتعرفي علي ناس كتير مثيرين للاهتمام وما تكوني متوقعه انا دايما باخد سرفيس
C:\Users\user\Desktop\audio\audio\024_episode-70-skit-taxi-or-service\8230003-taxi-or-service_chunk0010_000076919-000092419.wav,اوف طمنتيني وبوصلني عالبيت يمكن ما يوصلك عالبيت بس بتنزلي قريب عالطريق العام لانو هو بكفي مشوارو ليوصل الباقيين واديش بتكلف الرحله بالسرفيس
C:\Users\user\Desktop\audio\audio\024_episode-70-skit-taxi-or-service\8230003-taxi-or-service_chunk0011_000094199-000098879.wav,كلا اثنان صفر ليره انت اديش بتدفعي للتاكسي لتروحي من الحمرا عالمناره عشرة صفر ليره
C:\Users\user\Desktop\audio\audio\024_episode-70-skit-taxi-or-service\8230003-taxi-or-service_chunk0012_000100779-000102282.wav,شفتي اديش ارخص
C:\Users\user\Desktop\audio\audio\024_episode-70-skit-taxi-or-service\8230003-taxi-or-service_chunk0013_000105802-000121127.wav,بتوفري ثمانية صفر ليره بس بتكوني تشاركتي الرحله مع غير اشخاص وما بتنزلي بالضبط عبيتك بيشتغل بكل المناطق هو موجود اكتر شي بال مدن بينتقل بقلب المدينه ذاتا مش من مدينه للتانيه مش معقول
C:\Users\user\Desktop\audio\audio\024_episode-70-skit-taxi-or-service\8230003-taxi-or-service_chunk0014_000123356-000127183.wav,فيني وفر كتير مصاري بال مواصلات بقلب بيروت شكرا كتير عال معلومه
C:\Users\user\Desktop\audio\audio\024_episode-70-skit-taxi-or-service\8230003-taxi-or-service_chunk0015_000129639-000142505.wav,اهلا وسهلا يلا صار لازم امشي عنجد شكرا عكل شي منشوف بعض قريبا مع السلامه انبسطت فيك كتير اكيد منشوف بعض قريبا حالك
C:\Users\user\Desktop\audio\audio\025_episode-69-ziad-rahbani\8186620-ziad-rahbani_chunk0000_000000000-000010359.wav,صباح الخير رنا كيفك شو عامله اليوم صباح النور خالد انا منيحه بس عندي كتير شغل اليوم
C:\Users\user\Desktop\audio\audio\025_episode-69-ziad-rahbani\8186620-ziad-rahbani_chunk0001_000012644-000017208.wav,واسمع غنيه كيفك انت عالقد حكيتني انا منيح
C:\Users\user\Desktop\audio\audio\025_episode-69-ziad-rahbani\8186620-ziad-rahbani_chunk0002_000020314-000044326.wav,شو حلوه هالغنيه وشو بحب زياد الرحباني يلي الفها وامو فيروز يلي غنتها انتي بتعرفي انو مش بالهين لقبلت فيروز تغنيها بخبر زياد الرحباني انو من بعد ما عرضها عليها باخر التمانينات استغربت اسلوبها وخاصه عباره ملا انت فكرت فيها أربعة سنين لقبلت تغنيها
C:\Users\user\Desktop\audio\audio\025_episode-69-ziad-rahbani\8186620-ziad-rahbani_chunk0003_000043852-000069440.wav,سنه ألف و تسعمائة و واحد و تسعون نزلت البوم موسيقي كامل باسم هالغنيه اه ما كنت سامعه هالخبريه مع اني متابعه كتير زياد الرحباني وبعرف قصه سالوني الناس اول غنيه جمعته بفيروز بوقتها فات بيو عاصي الرحباني عالمستشفي وكانت فيروز عم تمثل بمسرحيه المحطه للاخوين الرحباني
C:\Users\user\Desktop\audio\audio\025_episode-69-ziad-rahbani\8186620-ziad-rahbani_chunk0004_000070444-000083298.wav,منصور الرحباني كلمات فاجا الكل بموهبته الموسيقيه وبين لاول مره عخشبه المسرح بدور المحقق بمسرحيه المحطه
C:\Users\user\Desktop\audio\audio\025_episode-69-ziad-rahbani\8186620-ziad-rahbani_chunk0005_000085328-000090488.wav,هالخبريه كانت سنه ألف و تسعمائة و ثلاثة و سبعون يعني كان زياد
C:\Users\user\Desktop\audio\audio\025_episode-69-ziad-rahbani\8186620-ziad-rahbani_chunk0006_000094342-000121300.wav,صراحه ما كتير بستغرب الموضوع زياد معروف بموهبتو واذا امو هي فيروز وبيو عاصي الرحباني يعني تربي ببيت موسيقي من هو وصغير وماثر بهالاجواء هالشي ببين باول عمل مسرحي كتبو واخرجو سهريه مسرحيه غنائيه بامتياز اكيد سامعتيها رنا كتير بتشبه اسلوب او style مسرحيات الاخوين الرحباني
C:\Users\user\Desktop\audio\audio\025_episode-69-ziad-rahbani\8186620-ziad-rahbani_chunk0007_000121339-000123674.wav,وكمان اشتغل عليها
C:\Users\user\Desktop\audio\audio\025_episode-69-ziad-rahbani\8186620-ziad-rahbani_chunk0008_000126879-000143899.wav,حاضرتها كمان مش بس سامعتها بتذكر انا وصغيره جابها بابا مسجله عشريط فيديو او cassette وكان كتير مبسوط فيها وبدو احضرها معو وتقلك الحقيقه ما تحمست عالفكره بالاول
C:\Users\user\Desktop\audio\audio\025_episode-69-ziad-rahbani\8186620-ziad-rahbani_chunk0009_000144993-000148126.wav,بالابيض والاسود لانه قديم وما
C:\Users\user\Desktop\audio\audio\025_episode-69-ziad-rahbani\8186620-ziad-rahbani_chunk0010_000149259-000163619.wav,بس قد ما بيي بحبها وبضل يدندن مقاطع منها حضرتها بعد كم سنه وانغرمت بعالم زياد الرحباني ملاحظ خالد الفرق بين هالمسرحيه وباقي اعمالو اكيد
C:\Users\user\Desktop\audio\audio\025_episode-69-ziad-rahbani\8186620-ziad-rahbani_chunk0011_000165639-000183547.wav,هيدي المسرحيه الوحيده اللي فيها هلقد اغاني وبتشبه مسرحيات الاخوين الرحباني من بعدها صار يركز اكتر عالمسرح السياسي ويستعمل اغاني بس بسياق القصه الاساسي كان انتقاد مشاكل المجتمع
C:\Users\user\Desktop\audio\audio\025_episode-69-ziad-rahbani\8186620-ziad-rahbani_chunk0012_000186460-000190320.wav,في كتير امور حاكيها بعدها بتتطبق لليوم
C:\Users\user\Desktop\audio\audio\025_episode-69-ziad-rahbani\8186620-ziad-rahbani_chunk0013_000191842-000208199.wav,صحيح للاسف في كتير اشيا ما تغيرت بعد أربعون سنه وبما انو حكي عنن بشكل كتير واقعي وبلغه بتشبه لغتنا اليوميه منقدر بسهوله نشوف حالنا فيهن اليوم
C:\Users\user\Desktop\audio\audio\025_episode-69-ziad-rahbani\8186620-ziad-rahbani_chunk0014_000205183-000226901.wav,حظي حلو من كم سنه حضرت مسرحيتين الو
C:\Users\user\Desktop\audio\audio\025_episode-69-ziad-rahbani\8186620-ziad-rahbani_chunk0015_000225901-000252059.wav,بالسينما بالنسبه لبكرا شو و فيلم اميركي طويل اييه بتذكر هالمشروع كان من انتاج شركه م ميديا بالألفان و ستة عشر اخذوا مقاطع صورتهن اخته ليال بكاميرتها خلال تمرين لمسلين او غير هيك معظم مسرحيات زياد مش مصوره وربينا عم نسمعن بس عالراديو شخصيا ما حضرت هالفيلمين وفضلت حافظ عالصوره اللي انا متخايلها براسي لما كنت اسمع المسرحيات انت شو رايك فيهن لا بالعكس انا حبيت الفكره
C:\Users\user\Desktop\audio\audio\025_episode-69-ziad-rahbani\8186620-ziad-rahbani_chunk0016_000252339-000280239.wav,لقيت انو الصوت والصوره بكملوا بعض وكانت فرصه لاتعرف عزياد الممثل كتير مهضوم وخفيف عالمسرح ان كان بحركات جسمو وتعابيرو او صوتو ونبرتو المميزين اصلا هو معروف باسلوبو الكوميدي بعيدا عن الكليشيهات وكوميديا المواقف اللي معودين عليهن بيقدر زياد يضحكك عواقع المجتمع الصعب والحزين
C:\Users\user\Desktop\audio\audio\025_episode-69-ziad-rahbani\8186620-ziad-rahbani_chunk0017_000279739-000285397.wav,كتير شاطر بالتهكم والكوميديا السودا او متل ما بتقلن انت بالانكليزي بالsarcasm والblack comedy
C:\Users\user\Desktop\audio\audio\025_episode-69-ziad-rahbani\8186620-ziad-rahbani_chunk0018_000288339-000292431.wav,مظبوط لاحظت هالاسلوب ببرنامجو الاذاعي العقل زينه
C:\Users\user\Desktop\audio\audio\025_episode-69-ziad-rahbani\8186620-ziad-rahbani_chunk0019_000294008-000296554.wav,وقدرت لاقي مقاطع
C:\Users\user\Desktop\audio\audio\025_episode-69-ziad-rahbani\8186620-ziad-rahbani_chunk0020_000298119-000306000.wav,حتي الف اغاني متل يا زمان الطائفيه و ولعت كتير بينتقد فيهن مشاكل اجتماعيه بشكل مهضوم
C:\Users\user\Desktop\audio\audio\025_episode-69-ziad-rahbani\8186620-ziad-rahbani_chunk0021_000308410-000311899.wav,ما زال كنت عم تسمعي كيفك انت
C:\Users\user\Desktop\audio\audio\025_episode-69-ziad-rahbani\8186620-ziad-rahbani_chunk0022_000314992-000329320.wav,مش اكيده كتير حلوين مممم هيدا خيار صعب حسب المزاج اعمال مع فننين غير فيروس كمان بصوت جوزف
C:\Users\user\Desktop\audio\audio\025_episode-69-ziad-rahbani\8186620-ziad-rahbani_chunk0023_000333671-000356799.wav,ما في ومن اهم انجازاتو بعالم الموسيقي كيف قدر يدمج الجاز الغربي بالالحان الشرقيه حضرتو مره بحفله بالجامعه اللبنانيه الاميركيه كان عم يعزف الحان غربيه وموسيقي جاز ومره بمهرجان بمنطقه زوق مكايل كان الجو اكتر عربي
C:\Users\user\Desktop\audio\audio\025_episode-69-ziad-rahbani\8186620-ziad-rahbani_chunk0024_000357959-000360039.wav,مع غنيه
C:\Users\user\Desktop\audio\audio\025_episode-69-ziad-rahbani\8186620-ziad-rahbani_chunk0025_000361720-000369799.wav,دايما بالسهرات لما يحطوا هالغنيه بصير الكل يغنيها شو اشتقنا للمهرجانات والحفلات الموسيقيه
C:\Users\user\Desktop\audio\audio\025_episode-69-ziad-rahbani\8186620-ziad-rahbani_chunk0026_000371083-000373941.wav,لتكون رجعت هالايام عم اسمع
C:\Users\user\Desktop\audio\audio\025_episode-69-ziad-rahbani\8186620-ziad-rahbani_chunk0027_000378046-000380077.wav,كتابات سياسيه
C:\Users\user\Desktop\audio\audio\025_episode-69-ziad-rahbani\8186620-ziad-rahbani_chunk0028_000381140-000404753.wav,عنجد هالانسان استعمل مختلف انواع الفن من موسيقي لمسرح وكتابه ليعبر عن حالو عندك فكره وين فيي اقرا اكتر عنو ايه اكيد في كتير مقالات عالانترنت واذا بدك بنصحك بكتابين زمن زياد لطلال شتوي او Popular culture and nationalism in Lebanon
C:\Users\user\Desktop\audio\audio\025_episode-69-ziad-rahbani\8186620-ziad-rahbani_chunk0029_000403753-000425959.wav,The Fairouz and Rahbani nation كتابه كريستوفر ستون اذا بتفضل الكتب الانكليزيه واذا بدك فيي عيرك كتاب من تاليف زياد الرحباني نفسو لما كان عمرو ثلاثة عشر سنه بس اسمو صديقي الله وبيحكي فيه عن نظرتو للايمان والعيله والمجتمع
C:\Users\user\Desktop\audio\audio\025_episode-69-ziad-rahbani\8186620-ziad-rahbani_chunk0030_000427160-000440679.wav,تمام ما كنت عارف فيه شكرا رنا ما بقا رح طول عليك اشتغلي منيح وبشوفك قريبا ولو اهلا وسهلا منبقي منحكي ونهارك سعيد خالد
C:\Users\user\Desktop\audio\audio\026_episode-68-masculine-and-feminine-words\8141311-feminine-and-masculine-words_chunk0000_000000000-000026187.wav,ايام الجامعه كان عندي صديقه اجنبيه عم تدرس بلبنان وكانت لغتا العربيه عادا يعني بعدا عم تتعلم اللغه وتقوي حالا فيا خاصه عبر ال محادثات مع الرفقه وبال زيارات الاجتماعيه كتير كنت حب فيا انا كانت تحكي عربي بدون ما تستحي تغلط وكانت تقلي اذا ما حكيت
C:\Users\user\Desktop\audio\audio\026_episode-68-masculine-and-feminine-words\8141311-feminine-and-masculine-words_chunk0001_000027175-000041500.wav,كيف بتعلم وبيوم من الايام بين مجموعه طلاب ب باحه الجامعه قالت هالعباره بعد ما شافت صبي صغير عم يلعب ع مقعد خشب لحالو
C:\Users\user\Desktop\audio\audio\026_episode-68-masculine-and-feminine-words\8141311-feminine-and-masculine-words_chunk0002_000042571-000066319.wav,هيدي الصبي الصغيره شو عم تعمل هون ضحك شخص من ال موجودين بس سمعا وقال شو الهيئه ال صبيه مش من عنا ضحكت صديقتي الاجنبيه بعد هال تعليق وعرفت انا قالت شي لغويا غلط مين منكن عرف وين غلطت صديقتي او حزر شو موضوع حلقتنا اليوم
C:\Users\user\Desktop\audio\audio\026_episode-68-masculine-and-feminine-words\8141311-feminine-and-masculine-words_chunk0003_000067604-000094440.wav,مستعميننا الاعزاء معكن مريم وبحلقه اليوم رح نحكي مره جديده عن قواعد اللغه العربيه او يعني grammar وهالمره الموضوع عن المؤنث والمذكر بالانكليزي Feminine and masculine صديقتي كان لازم تقول هيدا الصبي الصغير شو عم يعمل هون بدل هيدي الصبي الصغيره شو عم تعمل هون
C:\Users\user\Desktop\audio\audio\026_episode-68-masculine-and-feminine-words\8141311-feminine-and-masculine-words_chunk0004_000094480-000104274.wav,لان ببساطه مذكر و بالتالي لازم مع المذكر نستخدم اسم اشاره مذكر مذكر
C:\Users\user\Desktop\audio\audio\026_episode-68-masculine-and-feminine-words\8141311-feminine-and-masculine-words_chunk0005_000328730-000340089.wav,و صفه بالمذكر يعني كل الكلمات بالجمله لازم تكون ب صيغه المذكر لتتلائم مع المذكر اللي عم نحكي عنو واللي هون هو الصبي طيب كيف منفرق ومنعرف شو المؤنث وشو المذكر في شي اسمو علامات التانيث يعني اشيا بالكلمه بتساعدنا نعرف انو هالكلمه مؤنث وهيدي علامات منفرقا اكتر لمن نشوف الكلمه مكتوبه لان بال لفظ اصواتن مرات بتشبه بعض اول علامه هي التاء المربوطه باخر الكلمه متل مثلا There is something called signs of feminine which means things in a word that help us tell that this word is feminine We can differentiate these sign more when we see the word written because their sound in pronunciation is sometimes similar The first sign is Al ta Al Marbouta ه at the end of the word Like for example طاوله شجره مجله دفايه زريعه تكايه سجاده ضيعه هيدول كلن كلمات مؤنث وهاي اكتر علامه بتساعدنا نفرق المؤنث عن المذكر تاني علامه كمان ممكن ببعض الكلمات تدلنا انن مؤنث هي الالف الممدوده باخر الكلمه يعني ال واقفه متل صحرا او يعني الdesert اشيا و كهربا مثلا منقول انقطعت الكهربا مش انقطع الكهربا The second sign which could also in some words indicate that they are feminine is Al alef Al Mamdoodeh ا at the end of the word which means the standing like desert things and electricity kahraba For example we say n ata et al kahraba and not n ata al kahraba تالت علامه هي الالف المقصوره اخر الكلمه بتكون ببعض الكلمات علامه علي التانيث مثلا اسم ليلي او ندا او The third sign is the Al alef Al maqsoura ي at the end of the word which in some words is a sign of feminine Like for example the name of Layla Nada or Huda and these are names of girls كل شي غير هيك بكون مذكر طبعا متل اي لغه تانيه بالعالم في دايما استثناءات عن هاي القواعد وهيدول ما منكتسبن غير بال ممارسه وال حفظ استثناءات يعني exceptions بالانكليزي بتسمحولي هلا بمحادثه قصيره مع زميلي خالد ل نركز كل شي حكيناه مرحبا مريم ومستمعيننا كلمه محادثه هي مؤنث مزبوط مزبوط ميه بالميه لانا بتخلص بتاء مربوطه هيدي اسهل واوضح قاعده طيب مريم حطيلنا هي بجمله الي وللمستمعين وبعدين بدليا لحالا بكلمه مذكر عشان نشوف كيف الكلمات اللي معا بالجمله بيتغيرو فكره حلوه خالد مثلا منقول هيدي المحادثه البسيطه بتحتوي علي معلومات مهمه كتير رح قول نفس هيدي الجمله واستعمل كلمه كتاب بدل محادثه لان كتاب هي كلمه مذكر الجمله بتصير هيدا الكتاب ال بسيط بيحتوي علي معلومات مهمه كتير ممتاز ال مثال وبتحتوي صارت بيحتوي كلن هالكلمات اللي عم يشيرو للمحادثه قلبناهن للمذكر لمن صرنا عم نحكي عن الكتاب اللي هو مذكر تماما طيب كلمه سما او يعني سماء بال فصحه هي مذكر او مؤنث الف ممدوده باخره ساعدتني اكتر لاعرفها اذا مذكر او مثلا منقول اليوم بينما اذا بدلناها بكلمه والطقس مذكر الجمله بتصير شوفو الطقس اديش حلو وصافي اليوم Feminine also especially that it has an alef mamdoodeh ا at the end which helped me more to tell if it is masculine or feminine For example we say Look at how beautiful and clear the sky is today Whereas if we replaced it with the word weather and weather is masculine the sentence becomes Look at how beautiful and clear the weather is today يعني صفه حلوه للسما صارت حلو بالمذكر مع كلمه الطقس اللي هي مذكر ونفس الشي صافيه صارت صافي طيب كلمه
C:\Users\user\Desktop\audio\audio\026_episode-68-masculine-and-feminine-words\8141311-feminine-and-masculine-words_chunk0006_000343500-000345460.wav,مؤنث او ذكري
C:\Users\user\Desktop\audio\audio\026_episode-68-masculine-and-feminine-words\8141311-feminine-and-masculine-words_chunk0007_000347660-000352380.wav,انا بعرفا مؤنث ومن لفظا كمان هيك مبين بتخلص Zekra I know it to be feminine and from its pronunciation it seems so as well Does it end with alef maqsoura ي
C:\Users\user\Desktop\audio\audio\026_episode-68-masculine-and-feminine-words\8141311-feminine-and-masculine-words_chunk0008_000355339-000364700.wav,صح فاذا تاكدت اكتر انا مؤنث اذا مثلا حدا ذكر قدامي حدا صار معي من زمان وبحبه كتير
C:\Users\user\Desktop\audio\audio\026_episode-68-masculine-and-feminine-words\8141311-feminine-and-masculine-words_chunk0009_000367279-000373579.wav,بينما اذا بدلت كلمه ذكري بكلمه صديق وكلمه صديق مذكر ال جمله بتصير هيدا الصديق غالي كتير عقلبي هيدي
C:\Users\user\Desktop\audio\audio\026_episode-68-masculine-and-feminine-words\8141311-feminine-and-masculine-words_chunk0010_000382739-000398540.wav,شكرا عهالامثله الممتازه والواضحه خالد وفي كلمات بتكون استثناء عن القاعده مثلا كلمه عين ما فيا لا تاء مربوطه ولا الف مقصوره ولا الف ممدوده بس هي مؤنث منقول هيدا
C:\Users\user\Desktop\audio\audio\026_episode-68-masculine-and-feminine-words\8141311-feminine-and-masculine-words_chunk0011_000401420-000418260.wav,او مثلا كلمه حرب منقول الحرب خلصت لانا مؤنث وما منقول الحرب خلص وحتي مريم في كلمات بتزبط نحكي عنا بالمؤنث او بالمذكر والتنين بكونو صح وهيدول قلال
C:\Users\user\Desktop\audio\audio\026_episode-68-masculine-and-feminine-words\8141311-feminine-and-masculine-words_chunk0012_000417260-000436563.wav,يعني مثلا كلمه طريق اغلب الناس بيتعبروا
C:\Users\user\Desktop\audio\audio\026_episode-68-masculine-and-feminine-words\8141311-feminine-and-masculine-words_chunk0013_000435563-000457799.wav,مذكر بس هي مسموح كمان ينحكي عنا بالمؤنث بعتقد هيك منكون غطينا اهم الامور بالمذكر والمؤنث باللغه شكرا كتير الك ع مساهمتك بهالحلقه وهلا مستعميننا عاللانغويج وايف برجع لالكن بالحكي لاشكركن علي استماعكن غطينا بهالحلقه اهم الامور اللي بتساعدنا نفرق بين المذكر والمؤنث وكيف نتعاطي معن بالجمله وقلنا انو عنا تلات علامات بتساعدنا نعرف الكلمات المؤنثه
C:\Users\user\Desktop\audio\audio\026_episode-68-masculine-and-feminine-words\8141311-feminine-and-masculine-words_chunk0014_000459080-000484239.wav,المربوطه بشكل والالف المقصوره والالف الممدوده ببعض الكلمات كل شي غيرن بكون مذكر واكيد في دايما استثناءات ولمن نحكي سواء عن مؤنث او عن مذكر كل الكلمات ال باقيه بالجمله لازم تلائمن بتمني تكونو استفدتو من هالحلقه ضلو بخير How would you use the word lawha لوحه painting in a sentence and is it feminine or masculine How would you use the word aleb قلب heart in a sentence and is it feminine or masculine ه علبه عصايه
C:\Users\user\Desktop\audio\audio\027_episode-67-farewells\8092221-farewell_chunk0000_000000000-000005493.wav,مرحبا واهلا وسهلا فيكن بحلقه جديده من لانغويج وايف
C:\Users\user\Desktop\audio\audio\027_episode-67-farewells\8092221-farewell_chunk0001_000007039-000019557.wav,انا لين واليوم رح خبركن عن تجربه صارت معي شخصيا هالتجربه كثير من العيال اللبنانيه
C:\Users\user\Desktop\audio\audio\027_episode-67-farewells\8092221-farewell_chunk0002_000022840-000026649.wav,اليوم رح احكيلكن عن النهار
C:\Users\user\Desktop\audio\audio\027_episode-67-farewells\8092221-farewell_chunk0003_000029500-000047233.wav,بعدني متذكرتو كتير منيح وبكل تفاصيلو مع انو صار مارق علي سفر وائل ثلاثة سنين اول شي رح اخبركن شوي عن عيلتي ورح
C:\Users\user\Desktop\audio\audio\027_episode-67-farewells\8092221-farewell_chunk0004_000049479-000054963.wav,كيف جهزت العيله لسفره وكيف
C:\Users\user\Desktop\audio\audio\027_episode-67-farewells\8092221-farewell_chunk0005_000056621-000080860.wav,كتير من الشعب اللبناني بحب العلم وبيسعي وراه وبشوفو الطريق يللي رح يوصلو لانو يزيد مركزو الاجتماعي والاقتصادي و يامن لو مستقبل احسن وكتير من الشباب اللبناني عندو طموح وبحب يضل يتعلم اكتر واكتر
C:\Users\user\Desktop\audio\audio\027_episode-67-farewells\8092221-farewell_chunk0006_000080300-000091360.wav,بحاول انو يوصل ل مراتب عاليه بالعلم وياخد شهادات مهمه ومن بين هالاشخاص هو
C:\Users\user\Desktop\audio\audio\027_episode-67-farewells\8092221-farewell_chunk0007_000093300-000105497.wav,لخبركن شوي عن عيلتي بالاول هو خي الاكبر مني بسنه وعنده اخت اسمها ندا تزوجت
C:\Users\user\Desktop\audio\audio\027_episode-67-farewells\8092221-farewell_chunk0008_000107500-000135139.wav,وبما اني بقيت انا وخيي بالبيت بعد ما تزوجت اختي صرنا انا وياه كتير قراب من بعض وصرنا نقضي وقت اكتر سوا نضهر وناكل و نتحدث سوا وبعد ما خلص خيي دراستو بالجامعه قرر انو يكفي وياخد شهاده الدكتوراه برات لبنان
C:\Users\user\Desktop\audio\audio\027_episode-67-farewells\8092221-farewell_chunk0009_000134139-000144285.wav,فصار يقدم علي كثير جامعات برات لبنان لانه الاختصاص يلي بده يعمله ما
C:\Users\user\Desktop\audio\audio\027_episode-67-farewells\8092221-farewell_chunk0010_000147339-000164975.wav,وبعد ما قدم علي كذا بلد ونقبل بكذا جامعه اجا اليوم يللي بدو يسافر فيه هالنهار كتير صعب عكل العيل اللي بتكون عم تودع حدا من افرادا البي الام الاخوه
C:\Users\user\Desktop\audio\audio\027_episode-67-farewells\8092221-farewell_chunk0011_000166087-000191090.wav,او الولاد لايه سبب من الاسباب ان كان للدراسه او للهجره او الشغل او حتي لايا سبب تاني بنهارا كنت متوتره وكتير زعلانه بس بنفس الوقت كنت مبسوطه ان واقل رايح تيحسن
C:\Users\user\Desktop\audio\audio\027_episode-67-farewells\8092221-farewell_chunk0012_000194320-000205709.wav,وحتي اهلي يخففو ضغط هالنهار قررت ماما نجتمع كلنا سوا عملت عزيمه و عزمت اختي وزوجا وولادا عالغدا
C:\Users\user\Desktop\audio\audio\027_episode-67-farewells\8092221-farewell_chunk0013_000208982-000218411.wav,اختي وزوجه وولاده قبل الاكل بساعه وزوجه وولاده سيلين ونادر علي غرفه
C:\Users\user\Desktop\audio\audio\027_episode-67-farewells\8092221-farewell_chunk0014_000220699-000233785.wav,وبس خلص الغدا قعدنا كلنا عالسفره ناكل ونتحدث ونتضحك تننسي شوي انو باخر النهار حنودع وائل
C:\Users\user\Desktop\audio\audio\027_episode-67-farewells\8092221-farewell_chunk0015_000237480-000258020.wav,و فجاه نحنا و قاعدين برن تلفون خيي وسمعنا خيي عم بقول يلا نازل بس سكر الخط قلنا انو اجا التاكسي يللي بدو يوصلو عالمطار ما اصعب هاللحظه عنجد وبوقتا
C:\Users\user\Desktop\audio\audio\027_episode-67-farewells\8092221-farewell_chunk0016_000260220-000276734.wav,ليطلعن بالتاكسي وهو وعباب البيت قبل ما يفل عبطتو ماما وقالتلو توصل بالسلامه يا روحي حطيتلك بالشنطه كيلو كشك من يللي بتحبو
C:\Users\user\Desktop\audio\audio\027_episode-67-farewells\8092221-farewell_chunk0017_000278359-000295542.wav,ودعناه انا واختي وقلنا انو رح يتصل فينا ويتطمن علينا كل يوم وقال لسيلينا ونادر ما تعذبو بالماما وهو فالل صارت ماما
C:\Users\user\Desktop\audio\audio\027_episode-67-farewells\8092221-farewell_chunk0018_000298519-000305167.wav,ما تنسي تحكينا بس توصل وهيك ودعنا خيي وائل وسافر
C:\Users\user\Desktop\audio\audio\027_episode-67-farewells\8092221-farewell_chunk0019_000306920-000311820.wav,ومن وقته كل يوم بنتصل فيه
C:\Users\user\Desktop\audio\audio\027_episode-67-farewells\8092221-farewell_chunk0020_000315320-000327039.wav,وهيدي قصتنا مع سفر خيي قصتنا مع وداع مسافر يللي كتير من العيل حوالين العالم و خصوصي العيل اللبنانيه
C:\Users\user\Desktop\audio\audio\027_episode-67-farewells\8092221-farewell_chunk0021_000330484-000342000.wav,بتعيشو وقتا يودعو حدا من افراد العيله للعلم او للشغل او للهجره برات لبنان وهيك بتكون خلصت حلقه اليوم نطرونا بحلقه جديده من لانغويج وايف
C:\Users\user\Desktop\audio\audio\027_episode-67-farewells\8092221-farewell_chunk0022_000346160-000347859.wav,مع السلامه
C:\Users\user\Desktop\audio\audio\028_episode-66-mat\8048803-mate_chunk0000_000000000-000025139.wav,مرحبا خالد كيفك انا هلا قبل ما اتصل فيك خلصت شرب المته مع اهلي وكانت قعده كتير حلوه اهلا رنا انا منيح ذكرتيني بالمته دقتا لاول مره من كم سنه و لقيتا كتير طيبه كنت معزوم وقتا عالغدا عند اصحابي بمنطقه الشوف قبل ما تبلش ازمه الكورونا اكيد
C:\Users\user\Desktop\audio\audio\028_episode-66-mat\8048803-mate_chunk0001_000024139-000030139.wav,اول ما وصلنا استقبلونا بابتسامه عريضه وبالمته
C:\Users\user\Desktop\audio\audio\028_episode-66-mat\8048803-mate_chunk0002_000031788-000056099.wav,صحيح شرب المته منتشر اكتر شي بجبل لبنان وبين الدروز اللبنانيه بالتحديد بس هالمشروب منو ابدا حصري لايه منطقه او طايفه حصري يعني exclusive باللغه الانكليزيه بتلاقي كتير ناس ببيروت بالشمال وغيرا من المناطق اللبنانيه كمان بحبو المته
C:\Users\user\Desktop\audio\audio\028_episode-66-mat\8048803-mate_chunk0003_000055099-000062801.wav,حتي برات لبنان بالبلدان القريبه علينا متل سوريا وفلسطين المته معروفه و محبوبه كتير
C:\Users\user\Desktop\audio\audio\028_episode-66-mat\8048803-mate_chunk0004_000066879-000081325.wav,مش لبنان ولا سوريا ولا فيا تنمي بارضنا وطقسنا اذا زرعناها هون فهي بحاجه ل تربه وحراره معينه ولمي كتير دايما خضره وموجوده بالاصل باراضي شبه
C:\Users\user\Desktop\audio\audio\028_episode-66-mat\8048803-mate_chunk0005_000084459-000093459.wav,هي مختلفه عن نبته الشاي بس بتشبه الشاي والقهوه لانا مشروب منشط وطعمتا شوي مره وحاده
C:\Users\user\Desktop\audio\audio\028_episode-66-mat\8048803-mate_chunk0006_000095429-000097716.wav,حظنا حلو لكان
C:\Users\user\Desktop\audio\audio\028_episode-66-mat\8048803-mate_chunk0007_000099720-000109379.wav,باخر ال قرن التاسع عشر كانو جدودنا عم يهاجرو من لبنان عاميركا لينبشو عن شغل ومستوي حياه افضل و عطريقن توفقو كمان بالمته
C:\Users\user\Desktop\audio\audio\028_episode-66-mat\8048803-mate_chunk0008_000112623-000117867.wav,تعودو يشربوا هونيك فجابو منا لالن ولعيلن خلال زياراتن علبنان
C:\Users\user\Desktop\audio\audio\028_episode-66-mat\8048803-mate_chunk0009_000119170-000128430.wav,بهالطريقه انتشرت المته شوي شوي من اميركا الجنوبيه لعنا واليوم صار بعض التجار يستوردوا بشكل دايم
C:\Users\user\Desktop\audio\audio\028_episode-66-mat\8048803-mate_chunk0010_000130619-000149720.wav,ضروري هيك يعملو لانو في قعدات ما بتكمل بلا المته بالاضافه لطعمتا المميزه الا قيمه اجتماعيه لانا بتجمع العيله والاحباب ان كانت صبحيه مع الجيران مشاهده مباراه رياضيه يعني Sports match مع الاصحاب او زياره رسميه
C:\Users\user\Desktop\audio\audio\028_episode-66-mat\8048803-mate_chunk0011_000150157-000176419.wav,من ال عادات والتقاليد عند اهالي الجبل انو اول ما يدق الباب بيغلو المي لتحضير المته بس ما بعرف باقي تفاصيل تحضيرا انا اللي بعرف ورح خبرك بلكي بتصير تحضرا بالبيت وتقرقع مته بال حجر تقرقع يعني تشرب بس منستعمل هالفعل للمته بالذات لانو كاس المته معروف باسم القرعه
C:\Users\user\Desktop\audio\audio\028_episode-66-mat\8048803-mate_chunk0012_000175419-000202589.wav,عكل حال خلينا نرجع لل وصفه من بعد ما تسخن المي لازم تحط عشبه المته يلي معروفه باسم الجيربا لتعبي تلات ارباع القرعه وفيك تزيد عليا سكر لمن تكون كتير مره من بتغطي القرعه بايدك بتخضا منيح وبتتاكد بالنهايه انو العشبه موجوده بميله وحده وفيا حفره صغيره بالنص حفره يعني hole بالانكليزي
C:\Users\user\Desktop\audio\audio\028_episode-66-mat\8048803-mate_chunk0013_000205919-000222927.wav,والباقي هين بصب المي ال فاتره وبنطر شويه وقت قبل ما بلش اشربا بالمصاصه يعني الstraw او متل ما منسميا باللبناني البومبيجه وكل ما يخلص برجع بزيد مي بنفس الحفره حتي ما تخلص القعده
C:\Users\user\Desktop\audio\audio\028_episode-66-mat\8048803-mate_chunk0014_000224197-000235399.wav,و استفيد من الطعمه الطيبه لاطول وقت ممكن متل ما خبروني فينا نشربا متل ما وصفتيا بالشكل التقليدي او فينا نغير شوي فيا نزيد عليا ال مشمش الحامض ال زنجبيل العسل
C:\Users\user\Desktop\audio\audio\028_episode-66-mat\8048803-mate_chunk0015_000238699-000258440.wav,الحليب وغيرن حتي انه في بعض الناس في كتير طرق و طعمات مختلفه نجربا بس كيف ما كانت بتضلا المته مفيده لل صحه وهالشي بيرجع بالدرجه الاولي لطريقه تحضيرا
C:\Users\user\Desktop\audio\audio\028_episode-66-mat\8048803-mate_chunk0016_000259640-000269475.wav,منحصل علي مشروب المته من خلال تخمير او fermentation لورق شجرتا يلي بكون فيو كتير فيتامينات معادن ومواد مضاده للاكسده معادن يعني minerals ومواد مضاده للاكسده يعني antioxidants خلصت شرب المته من
C:\Users\user\Desktop\audio\audio\028_episode-66-mat\8048803-mate_chunk0017_000283311-000286578.wav,وبخفف من خطر الاصابه بامراض القلب ال سرطان والباركنسون
C:\Users\user\Desktop\audio\audio\028_episode-66-mat\8048803-mate_chunk0018_000287940-000299848.wav,محبي المته بقولو كمان انا صحيه اكتر من القهوه والشاي لانا ما بتاثر بنفس الشكل علي نسبه الحموضه بالجسم بس بنفس
C:\Users\user\Desktop\audio\audio\028_episode-66-mat\8048803-mate_chunk0019_000304814-000330379.wav,كل شي زاد بالمعني يعني رغم اهميه المته الصحيه لازم نضل عم نشربا باعتدال وخاصه اليوم بزمن الكورونا لازم ننتبه كيف نشرب المته عاده بتنتقل نفس القرعه من شخص للتاني ويمكن نكون عازمين عدد كبير من الاصحاب عالقعده اما اليوم احسن شي نعملو هو اللي انت عملتيه
C:\Users\user\Desktop\audio\audio\028_episode-66-mat\8048803-mate_chunk0020_000315584-000335889.wav,نشرب المته مع اهالي بيتنا و نخصص قرعه وبومبيجه لكل واحد منا
C:\Users\user\Desktop\audio\audio\028_episode-66-mat\8048803-mate_chunk0021_000337220-000359573.wav,الحلو هون انو عنا عده خيارات ننقي منا في عده احجام لقرعه المته وهي عاده مصنوعه من اليقطين او ال pumpkin تكون من دهب او فضه اذا منحب الامور الباهظه او الfancy متل ما منقول بالانكليزي وهيدا دليل علي البعد الاقتصادي للمته
C:\Users\user\Desktop\audio\audio\028_episode-66-mat\8048803-mate_chunk0022_000363270-000375666.wav,زادت الدوله اللبنانيه الماده علي السلعه المدعومه بالسله الغذائيه يعني تدخلت الدوله وساعدت بتخفيض سعر المته ليقدر الكل يشتريا
C:\Users\user\Desktop\audio\audio\028_episode-66-mat\8048803-mate_chunk0023_000378748-000380605.wav,خبريه تانيه
C:\Users\user\Desktop\audio\audio\028_episode-66-mat\8048803-mate_chunk0024_000383700-000400166.wav,عم احكي عن ذا ماتي فاكتوري مصنع المته يلي مخصص للمته وموجود بمنطقه عاليه شرق بيروت علي الارجح مسكر اليوم للاسف بسبب الاقفال العام بس فيه كتير زباين
C:\Users\user\Desktop\audio\audio\028_episode-66-mat\8048803-mate_chunk0025_000404530-000421700.wav,تخايلي انو هالمطعم لوحدو كان يستورد خمس اطنان من المته الارجنتينيه اوف مهضومه فكرتو وعد يا خالد لما يخلص الحجر الصحي نقرقع مته سوا
C:\Users\user\Desktop\audio\audio\029_episode-65-skit-clothes-shopping\7998025-clothes-shopping_chunk0000_000010739-000024159.wav,مرحبا كيف مرحبا عم فتش علي فستان الي لالبسو علي عرس رفيقتي ويمكن نقي كم قطعه زياده شو بتفضلي يكون لون الفستان يللي بدك تلبسيه عالعرس
C:\Users\user\Desktop\audio\audio\029_episode-65-skit-clothes-shopping\7998025-clothes-shopping_chunk0001_000027420-000028840.wav,ما عم فكر بلون معين
C:\Users\user\Desktop\audio\audio\029_episode-65-skit-clothes-shopping\7998025-clothes-shopping_chunk0002_000029890-000031545.wav,كل الالوان
C:\Users\user\Desktop\audio\audio\029_episode-65-skit-clothes-shopping\7998025-clothes-shopping_chunk0003_000153949-000158620.wav,اكيد وشو ال قياس بالعاده بلبس أربعون عالقياسات الفرنسيه يعني متوسط ايه مفروض اصلا مش مشكله رح نلاقيلك فستان عقياسك عندك ميزانيه معينه يكون طيب شو رايك بهيدا الفستان الاصفر الطويل ال معرق بالورد هيدا من احلي القطع ب المجموعه الجديده شو حلو بس شكلو رح يكون شوي طويل علي ما في مشكله منقصرو في خياط بال محل او فيكي تاخديه عند خياطك اذا اريحلك شو سعرو هالفستان أربعمائة أربعمائة صفر ل ل ايه ضمن الميزانيه لاء أربعمائة مممممم اذا هيك صراحه غالي ميزانيتي ما بتسمحلي اشتري فستان بهالسعر اذا بدك فيني افرجيكي مجموعه السن الماضيه يلي بيجي عليها خصم ايه عملي معروف يكون فيها فستين حلوه وقياسات يمكن ما تلاقي قياسات بما انو المجموعه قديمه خلينا نشوف شو منلاقي الا ما اتوفق بشي حتي لو ما كان الفستان شو رايك بمجموعه الفساتين يللي معلقين بال زاويه حلوه كتير هالمجموعه والالوان رائعه فستان بتحب تجربيه بالاول رح اتفرج ونقي الفستان يللي بيعجبني شو حلو هالفستان ال ملون المعروض عالواجهه فعلا حلو بس ما عنا قياسك شو القياسات يلي عندكن اقرب قياس لقياسك هو ال تسعة و ثلاثون وسعرو مائة صفر ل ل رح
C:\Users\user\Desktop\audio\audio\029_episode-65-skit-clothes-shopping\7998025-clothes-shopping_chunk0004_000164286-000171116.wav,بحس انو بيزبط بس معقول يكون شوي صغير طيب خليه ببالك
C:\Users\user\Desktop\audio\audio\029_episode-65-skit-clothes-shopping\7998025-clothes-shopping_chunk0005_000172156-000182520.wav,رح نحطو عجنب ونشوف فساتين تانيه ما بعتقد معقده مشكلتو الخياط بيقدر يزبطو فكره جيده رح
C:\Users\user\Desktop\audio\audio\029_episode-65-skit-clothes-shopping\7998025-clothes-shopping_chunk0006_000183551-000185483.wav,بس بدي
C:\Users\user\Desktop\audio\audio\029_episode-65-skit-clothes-shopping\7998025-clothes-shopping_chunk0007_000189100-000190527.wav,اكيد
C:\Users\user\Desktop\audio\audio\029_episode-65-skit-clothes-shopping\7998025-clothes-shopping_chunk0008_000268339-000269959.wav,بعد في فساتين حلوه من المجموعه القديمه يييي هالبلوزه مع هاي التنوره الطويله بجننو مع بعض شو سعرن تنايناتن مع بعض مائة و خمسون صفر ل ل روعه شكلك بتحبي ال موضه وبتحبي تلبقي التياب عبعضن لاحظتي علي ايه معك حق بحب كتير فرجيكي لفتني هيدا الفستان الازرق ال فاتح حد غرفه القياس بتفرجيني ياه عملي معروف
C:\Users\user\Desktop\audio\audio\029_episode-65-skit-clothes-shopping\7998025-clothes-shopping_chunk0009_000294424-000295899.wav,اكيد تفضلي شو حظك حلو بفساتين السهره هيدا ب مائة و عشرون ألف ل ل كتير منيح رح شو صار ال مجموع المجموع ثلاثمائة و سبعون صفر ل ل هيدا هو التسوق الاقتصادي يييي الجزدان والسكربينه يللي حد ال مرايه كتير حلوين هول كمان من المجموعه القديمه الجزدان جلد طلياني ب مائة صفر ل ل والسكربينه ب تسعون صفر ل ل كمان رح اخدن وعندي بعد سؤال فينا نرجع غرض او نسترجع المصاري او نبدل ما منرجع مصاري بس فيكي تبدلي عال يعني اذا السكربينه او اي قطعه تانيه ما زبطت بجي ببدلا اديش صار المجموع فاذا المجموع خمسمائة و ستون صفر ليره لبنانيه رح ادفع نقدي تفضلي
C:\Users\user\Desktop\audio\audio\029_episode-65-skit-clothes-shopping\7998025-clothes-shopping_chunk0010_000297226-000301299.wav,مبروك و نهارك سعيد شكرا لالك كمان
C:\Users\user\Desktop\audio\audio\030_episode-64-skit-get-together\7852303-get-together_chunk0000_000009739-000019500.wav,مرحبا انا ساره مرحبا تشرفنا اسمي سهام تشرفنا سهام كيف ملاقيه السهره
C:\Users\user\Desktop\audio\audio\030_episode-64-skit-get-together\7852303-get-together_chunk0001_000198499-000206479.wav,حلوه بس صراحه انا ما بعرف حدا الا علاء صاحب الدعوه وشكلو مشغول مع المعازيم طيب هلا صرتي بتعرفيني انا ساره رفيقتو لعلاء من الشغل و بتعرفي حدا من الموجودين ايه بعرف كم حدا الصبيه يللي بال زاويه اللابسه الفستان الاسود بتكون اختي والشب يللي عم يحكي مع علاء بكون زميلنا بالمستشفي هو جراح والشاب يللي لابس بلوزه زرقا قاعد عالكرسي حد الباب بكون خطيبي حلو وانتي دكتوره كمان لاء انا بشتغل باداره المستشفي كتير منيح وانتي كيف بتعرفيه لعلاء انا كنت مع علاء بال جامعه وضلينا اصحاب من وقتا شو درستي درست اداره اعمال بالجامعه اللبنانيه واخدت صف مع علاء بعلم النفس وانا كمان درست اداره اعمال بس بالجامعه الاميركيه ببيروت يعني منفهم علي بعض صح طيب وين ساكنه ساكنه بالشوف بس عم فكر انقل عبيروت لانو مكتبي ببيروت ولازم انزل واطلع كل يوم مشوار متعب وفي عجقه كتير اكيد اذا فيك تخففي عحالك مشاوير متعبه بكون اريحلك و انتي وين ساكنه انا ساكنه ببيروت وقريبه عالشغل خيييي محظوظه تكوني ساكنه قريب عشغلك طيب شو بتشتغل او شو انا منظمه حفلات واعراس و بعلم رقص كمان شو حلو شغلك مسلي كتير صح مسلي و بحبو كتير بتعب فيه شوي بس بتعرف عكتير ناس وهيدا من احلي الاشيا بشغلي شو بدي اتجوز صيفيه الجاي وعم فتش ع شركه بتنظم اعراس وكمان بدي اتعلم انا وخطيبي الرقصه الاولي طلبك عندي ومش بس هيك رح اعملك سعر كتير مناسب لالك عنجد انا محظوظه كتير تعرفت عليك شفتي القدر بدو ياكي تلتقي فيي ما كان ضروري تدوري علي شركات انا روعه محمسه خبرك عن افكاري لل عرس هيدي بطاقتي بس تصيري جاهزه تلفنيلي رح يطلع معنا افكار كتير حلوه كلك ذوق بحكيكي قريبا اهلا وسهلا تشرفت بمعرفتك
C:\Users\user\Desktop\audio\audio\031_episode-63-sursock-museum\7699447-sursock-museum_chunk0000_000000000-000023699.wav,بتذكر اول مره سافرت مع خيي علي فرنسا تخانقنا كتير هو بدو يزور الاماكن اللي بتسلي بالنسبه الو وانا بدي قضي وقتي بين المتاحف العالميه متاحف جمع كلمه متحف وبتعني museum بالانكليزي من بعد هالرحله رجعت علي لبنان مقرره
C:\Users\user\Desktop\audio\audio\031_episode-63-sursock-museum\7699447-sursock-museum_chunk0001_000027159-000038079.wav,البدايه كانت مع متحف سرسق بالاشرفيه بيروت يلي رح خبركن عنو بحلقه اليوم من لانغويج وايف معي انا رنا خليكن عالسمع
C:\Users\user\Desktop\audio\audio\031_episode-63-sursock-museum\7699447-sursock-museum_chunk0002_000039853-000066819.wav,بيهدف متحف سرسق للفن ال حديث وال معاصر للحفاظ وعرض الاعمال المحليه و العالميه بالاضافه للمعارض العديده معارض جمع معرض يعني يلي بتتنظم كل سنه بهالمتحف فيكن تشاركو كمان بورش عمل او workshops للولاد عروض افلام محادثات فنيه او اذا كان حظكن حلو متلي توقيع كتاب
C:\Users\user\Desktop\audio\audio\031_episode-63-sursock-museum\7699447-sursock-museum_chunk0003_000067879-000088959.wav,اول زياره الي لهالمتحف كانت زياره رسميه خلال عملي كصحافيه طلب مني غطي توقيع كتاب مصور اسمو بيروت نيويورك لل فنانه اللبنانيه مايا زنكول بمتحف سرسق ومن بيروت لنيويورك كان المشوار بمتحف سرسق من احلي المشاوير
C:\Users\user\Desktop\audio\audio\031_episode-63-sursock-museum\7699447-sursock-museum_chunk0004_000089139-000098860.wav,عجبني كتير هالمتحف لدرجه اني شبهتو بالقصر وحبيت اكتشف قصتو الكامله وطلع معي حق
C:\Users\user\Desktop\audio\audio\031_episode-63-sursock-museum\7699447-sursock-museum_chunk0005_000099959-000127699.wav,خلونا نرجع كم سنه لورا ونتعرف سوا عشويه معلومات تاريخيه قبل سنه ألف و تسعمائة و اثنان و خمسون كان هالمتحف فعلا قصر بمنطقه الاشرفيه وصاحب القصر هو نيكولا سرسق امن نيكولا سرسق ب اهميه الفن وبضروره مشاركه الفن مع الغير تحديدا ابناء وطنو لبنان
C:\Users\user\Desktop\audio\audio\031_episode-63-sursock-museum\7699447-sursock-museum_chunk0006_000128483-000142679.wav,لهالسبب طلب بوصيته عام ألف و تسعمائة و اثنان و خمسون ووصيه بتعني will بالانكليزي انو يتحول القصر و محتوياته لمتحف ويتسلم لرئيس بلديه بيروت
C:\Users\user\Desktop\audio\audio\031_episode-63-sursock-museum\7699447-sursock-museum_chunk0007_000143863-000150705.wav,تاخر تحقيق هالوصيه لمده تسعة سنين استقبل القصر ضيوف
C:\Users\user\Desktop\audio\audio\031_episode-63-sursock-museum\7699447-sursock-museum_chunk0008_000153262-000163240.wav,واخيرا افتتح متحف سرسق ابوابه للزوار سنه ألف و تسعمائة و واحد و ستون مع اول معرض فيو باسم صالون الخريف اوSalon d automne
C:\Users\user\Desktop\audio\audio\031_episode-63-sursock-museum\7699447-sursock-museum_chunk0009_000165339-000183619.wav,شارك بهالمعرض عده فنانين لبنانيين مهمين متل شفيق عبود ايفات اشقر اتيل عدنان وغيرن اما باقي المعارض فكانت بتضم اعمال عالميه متنوعه من سوريا لبلجيكا وبريطانيا
C:\Users\user\Desktop\audio\audio\031_episode-63-sursock-museum\7699447-sursock-museum_chunk0010_000184479-000212960.wav,اذا الاماكن عندا ذكريات متلنا بعتقد انو الحرب اللبنانيه من ألف و تسعمائة و خمسة و سبعون لل ألف و تسعمائة و تسعون من اصعب ذكريات هالمتحف بس رغم هالفتره قدر متحف سرسق انو يضل فاتح معظم الوقت في حدث تاني كمان كتير صعب قطع فيه المتحف مش من زمان بس بخبركن عنو بعد شوي خلونا هلا بالذكريات الحلوه
C:\Users\user\Desktop\audio\audio\031_episode-63-sursock-museum\7699447-sursock-museum_chunk0011_000212960-000224852.wav,كانت سنه ال ألفان و تسعة نقطه تحول يعني turning point لمتحف سرسق بما انو وقتا بلشت ورشه شغل ل خمسة سنين ل تجديدو وتوسيعو بالنسبه للنتيجه
C:\Users\user\Desktop\audio\audio\031_episode-63-sursock-museum\7699447-sursock-museum_chunk0012_000227696-000251114.wav,زادت مساحه المتحف من ألف و خمسمائة ل ثمانية آلاف و خمسمائة متر مربع وصار يضم صاله جديده للمعارض قاعه لل محاضرات او auditorium مكتبه محل مكان عمل ل ترميم اللوحات ومكان غيرو ل تخزين الارشيف ومطعم مين ما بجوع بعد هيك مشوار
C:\Users\user\Desktop\audio\audio\031_episode-63-sursock-museum\7699447-sursock-museum_chunk0013_000252539-000265819.wav,شو رايكن كمان خبركن عن خصائصو الهندسيه اذا شي نهار كنتو عم تتمشو بالاشرفيه مش معقول تضيعو فيه فهو مميز بواجهتو البيضا ساحتو الاماميه ودرجو الواسع
C:\Users\user\Desktop\audio\audio\031_episode-63-sursock-museum\7699447-sursock-museum_chunk0014_000267046-000282149.wav,بتقربو بعد شوي بيوضح المنظر اكتر وببين قزاز ملون و قناطر تقليديه متل ما قلتلكن من شوي هالمتحف كان اصلا قصر ف طبيعي يكونو المهندسين هلاد شاغلين عليه
C:\Users\user\Desktop\audio\audio\031_episode-63-sursock-museum\7699447-sursock-museum_chunk0015_000283230-000301630.wav,انبني هالقصر سنه ألف و تسعمائة و اثنا عشر و دمج اساليب عمار فينيسيه وعثمانيه نموذجيه يعني typical لل مباني اللبنانيه ببدايه القرن العشرين شخصيا بلاقي هالمتحف حلو من برا وجوا
C:\Users\user\Desktop\audio\audio\031_episode-63-sursock-museum\7699447-sursock-museum_chunk0016_000302829-000313412.wav,كتير بحب مثلا الصالون العربي مطرح ما كان نيكولا سرسق يستقبل ضيوفو خشب هالغرفه منحوت علي الايد ومستورد من دمشق سوريا
C:\Users\user\Desktop\audio\audio\031_episode-63-sursock-museum\7699447-sursock-museum_chunk0017_000318714-000324439.wav,مبني المتحف علي انه مبني تاريخي من الدرجه بس
C:\Users\user\Desktop\audio\audio\031_episode-63-sursock-museum\7699447-sursock-museum_chunk0018_000329528-000333149.wav,لان هون عندكن خيارات واسعه
C:\Users\user\Desktop\audio\audio\031_episode-63-sursock-museum\7699447-sursock-museum_chunk0019_000334662-000336538.wav,الموجوده بشكل
C:\Users\user\Desktop\audio\audio\031_episode-63-sursock-museum\7699447-sursock-museum_chunk0020_000338290-000356242.wav,واذا معكن وقت اكيد بنصحكن تشوفو كمان المعارض ال موقته من رسومات لصور فوتوغرافيه بكل زياره الي لهالمتحف كنت اتوفق بمعرض جديد معرض لور ومازن بيني
C:\Users\user\Desktop\audio\audio\031_episode-63-sursock-museum\7699447-sursock-museum_chunk0021_000359329-000379350.wav,هالمعرض هو من اكتر المعارض اللي اثرت فيي وبتذكرا لانو بيتناول العلاقه بين الام وابنا و راين الصريح بمواضيع مختلفه عفكره ما ضروري تكونو محترفين يعني professionals بالفن حتي تزورو هالمتحف
C:\Users\user\Desktop\audio\audio\031_episode-63-sursock-museum\7699447-sursock-museum_chunk0022_000378350-000399350.wav,بتذكر من شي سنه اخدت رفيقي معي لنتفرج عمعرض بيكاسو والاسره او العيله للفنان العالمي بابلو بيكاسو ومع انو رفيقي ما كتييير بحب هالنشاطات تسلينا كتير لانو كنا عم نتشارك راينا ونجرب نحلل شو قصه هاللوحات
C:\Users\user\Desktop\audio\audio\031_episode-63-sursock-museum\7699447-sursock-museum_chunk0023_000402040-000407540.wav,يعني for free بالانجليزي لان الزوار مش مجبورين
C:\Users\user\Desktop\audio\audio\031_episode-63-sursock-museum\7699447-sursock-museum_chunk0024_000410489-000438310.wav,والمتحف بيتكل بالكامل علي ال تبرعات الخاصه وعلي برنامج تمويل عام معرضين ما
C:\Users\user\Desktop\audio\audio\031_episode-63-sursock-museum\7699447-sursock-museum_chunk0025_000421149-000438310.wav,الاول بيتناول تراث مدينه بعلبك اللبنانيه لحسن حظي نقل هالمعرض لل موقع الالكتروني للمتحف ببدايه ازمه الكورونا و الاقفال العام موقع الكتروني يعني website واقفال عام يعنيlockdown
C:\Users\user\Desktop\audio\audio\031_episode-63-sursock-museum\7699447-sursock-museum_chunk0026_000439549-000446570.wav,وهيك من قلب بيتي تعرفت ع تاريخ بعلبك وعبيت وقتي بال زربه الطويله
C:\Users\user\Desktop\audio\audio\031_episode-63-sursock-museum\7699447-sursock-museum_chunk0027_000447910-000459773.wav,اما المعرض التاني يلي ما قدرت شوفو فكان ل اعمال الفنان اللبناني جورج داوود قرم هاللوحيت كانت معروضه يوم اربعه قب اليوم اللي
C:\Users\user\Desktop\audio\audio\031_episode-63-sursock-museum\7699447-sursock-museum_chunk0028_000462609-000470743.wav,بهالنهار هز بيروت انفجار كبير دمر كتير من معالما و ادي لعدد كبير من القتلي والجرحي
C:\Users\user\Desktop\audio\audio\031_episode-63-sursock-museum\7699447-sursock-museum_chunk0029_000472149-000475159.wav,حكينا عنو من قبل بحلقه سابقه للانغويج وايف
C:\Users\user\Desktop\audio\audio\031_episode-63-sursock-museum\7699447-sursock-museum_chunk0030_000476709-000482067.wav,بسبب هالانفجار تكسر القزاز والصالون العربي و تاذي كتير اعمال
C:\Users\user\Desktop\audio\audio\031_episode-63-sursock-museum\7699447-sursock-museum_chunk0031_000483712-000502010.wav,يتصلح حتي بعدنا كلنا لليوم عم نجرب نتخطي اللي صار و نكفي حياتنا وهيدا اللي عم بصير كمان بمتحف سرسق فهو مسكر هلا بشكل مؤقت ليكون فريق العمل زبط اثار الدمار ورمم الاعمال
C:\Users\user\Desktop\audio\audio\031_episode-63-sursock-museum\7699447-sursock-museum_chunk0032_000503089-000530289.wav,وبالاضافه لصعوبه الترميم من الناحيه الفنيه عم يواجه المتحف كمان تحديات ماديه ليتخطي هالازمه كرمال هيك تنظمت حمله تبرعات عبر الاتنرنت لجمع المبلغ المطلوب والمساعده بعمليه الترميم اكيد بتمني تنجح هال جهود قريبا قد ما اشتقت قضي وقتي بين غرف المتحف ال رايقه ولوحاتو الحلوه
C:\Users\user\Desktop\audio\audio\031_episode-63-sursock-museum\7699447-sursock-museum_chunk0033_000530162-000540999.wav,وبتمنالكن الكن اذا شي نهار زرتو بيروت يكون رجع متحف سرسق اجمل من ما كان من هلا لوقته تابعوني انا
C:\Users\user\Desktop\audio\audio\032_episode-61-skit-anniversary-dinner\7440940-anniversary-dinner_chunk0000_000008319-000035720.wav,ياي يا نديم هيدا من اغلي مطاعم السمك ببيروت ماكد انو بدك نتعشي هون اكيد عم نحتفل بالسنه العاشره سوا اقل شي نحتفل بهيك مطعم بعدين ليكي شو حلو محل طاولتنا عنجد حلوه كتير القعده مقابيل البحر شكلك حاجز من زمان لتاخد هيك طاوله حجزت من شهر لانو بيضل عاجق المطعم طيب منطلب العشا شو عبالك
C:\Users\user\Desktop\audio\audio\032_episode-61-skit-anniversary-dinner\7440940-anniversary-dinner_chunk0001_000035759-000060580.wav,الليله انتي رح تنقي اختصاصو للمحل سمك وثمار البحر الخيارات قليله بس طيبه طيب رح اطلب مازه جديده علينا بالاول تمام يلا خلينا نشوف شو رح تنقي بلشت ضيع في كتير اشيا بحياتي مش سامعه فيا متل شو لنشوف متل كبه بالسمك
C:\Users\user\Desktop\audio\audio\032_episode-61-skit-anniversary-dinner\7440940-anniversary-dinner_chunk0002_000060500-000087315.wav,الكبه بالسمك متل الكبه باللحمه بس بحطو سمك بدل اللحمه وبزيدولها شويه حر غريبه بس ضروري دوقها انت دايقه قبل ايه لانو جيت مره مع مديري كان عنا ضيوف عالغدا فطلبناها طيب كتير منيح ساعدني بنصحك بالطاجن بيجي في سمك اكيد بيجي في سمك ومخلوط مع طحينه
C:\Users\user\Desktop\audio\audio\032_episode-61-skit-anniversary-dinner\7440940-anniversary-dinner_chunk0003_000086315-000093784.wav,كتير طيب رح اطلب مقابلات بعرفها كمان بدي فتوش بطاطا بكزبره وباميه بزيت
C:\Users\user\Desktop\audio\audio\032_episode-61-skit-anniversary-dinner\7440940-anniversary-dinner_chunk0004_000095720-000098565.wav,عبالك شقف حبار ني مع حامض وكزبرا حبار ني
C:\Users\user\Desktop\audio\audio\032_episode-61-skit-anniversary-dinner\7440940-anniversary-dinner_chunk0005_000101299-000128653.wav,شو هيدا الحبار هو الكلماري قول كلماري من الاول بس ما كنت عارفي انو حبار ايه عبالي كلماري طيب شو رايك نقرر علي الصحن الرئيسي يللي من نقي منو يا سمك مقلي او مشوي اكيد انا بدي بزري مقلي شو رايك تطلب بعد صحن سمك البزري اساسي رح اطلب نص كيلو
C:\Users\user\Desktop\audio\audio\032_episode-61-skit-anniversary-dinner\7440940-anniversary-dinner_chunk0006_000127653-000133199.wav,وشو راي ك ن طلب نص كيلو سلطان ابراهيم مقلي اياه السلطان ابراهيم
C:\Users\user\Desktop\audio\audio\032_episode-61-skit-anniversary-dinner\7440940-anniversary-dinner_chunk0007_000134240-000161179.wav,السلطان ابراهيم متوسط الحجم ولونو شوي زهري رح تعرفيه بس مش كتير اكل ولو منن كتار رح تاكلين من دون ما تحسي قد ما طيبين صدقيني منعيط للغارسون بس قبل شو بدنا نشرب شو رايك بالعرق يلا بما انو عم ناكل سمك بلدي لازم نشرب مشروب بلدي
C:\Users\user\Desktop\audio\audio\032_episode-61-skit-anniversary-dinner\7440940-anniversary-dinner_chunk0008_000160899-000164883.wav,عظيم رح اطلب عرق والاكل معلم
C:\Users\user\Desktop\audio\audio\033_episode-60-skit-ph-d-candidate\7331176-skit-ph-d-candidate-and-professor_chunk0000_000000600-000003980.wav,مرحبا دكتور مرحبا ليلي تفضلي
C:\Users\user\Desktop\audio\audio\033_episode-60-skit-ph-d-candidate\7331176-skit-ph-d-candidate-and-professor_chunk0001_000149240-000150919.wav,شكرا كيفك انا منيح مبروك علي شهاده الماجستير سمعت انو نجحتي بتفوق شكرا هلا جاي شوف شو لازم اعمل لكفي الدكتوراه قبل اي خطوه انتي بتعرفي اذا بدك تكفي بموضوع رساله الماجستير او بدك تغيريه اكيد بدي كفي بذات الموضوع بدي اتعمق فيه و ادرسو من كل الجوانب ذكريني بالموضوع عملي معروف السياسه الخارجيه تبع السلطان محمد الفقيه السلطان الثاني لمملكه غرناطه بالاندلس بال قرن التالت عشر طيب اول شي لازم تعمليه هو انك تكتبي خطه البحث يللي بيحتوي علي الموضوع الاشكاليه وال منهجيه يللي رح تعتمديا ببحثك و رح بلش اكتب الخطه وشو لازم اعمل كمان صراحه اشيا اداريه لازم تنعمل وبما انك عامله الماجستير باسبانيا لازم تعدلي الشهاده بلبنان شهادتك الاسبانيه و علاماتك علي وزاره التربيه وهن بيخبروك امتين تجي تاخد المعدله غير الشهاده المعدله ايه وراق لازم جيب كمان كاستاذ ما خصني بالامور الاداريه بس كل المعلومات موجوده علي موقع الانترنت تبع وكيف بختار المشرف علي رسالتي بكل جامعات العالم طريقه اختيار المشرف هي ذاتا بتنقي المشرف يللي تخصص بموضوعك او الاقرب لموضوعك واكيد بدك تكوني مرتاحه معو او معا لانو رح تشتغلو سوا لمده ثلاثة او أربعة سنين كل يوم وكيف فيني اتعرف علين او اعرف اختصاصاتن كل الدكاتره يللي بعلمو بالكليه ناشرين مقالاتن ودراساتن عالانترنت يعني فيكي تقري اد ما بدك وبعد شهر رح ننظم نهار للمهتمين يعملو دكتوراه رح نعرض فيه كل شي بخص برنامج الدكتوراه ورح يكونو الدكاتره موجودين فيكن تحكو معن تمام رح جهز اسئلتي للدكاتره لكون حاضره بهاليوم في شي بعد بتحبي تستفسري عنو معقول يكون في اشراف مشترك بين بروفيسور من الجامعه اللبنانيه وواحد من اسبانيا صراحه ما بعرف اذا صايره قبل بس بتاكدلك ومنشوف اذا بتزبط لانو بظن انو ما في شي بيمنع شكرا كتير
C:\Users\user\Desktop\audio\audio\033_episode-60-skit-ph-d-candidate\7331176-skit-ph-d-candidate-and-professor_chunk0002_000152494-000170740.wav,فكرتي تكملي الدكتوراه باسبانيا فكرت فيا بس حبيت ارجع علبنان و ادرسا بالجامعه اللبنانيه لانو بدي كون قريبه من العيله انا بعتقد رح يكون الك مساهمه ايجابيه بالجامعه اللبنانيه بتمني شكرا علي وقتك دكتور بشوفك قريبا بالتوفيق ليلي مرحبا ليلي تفضلي شكرا هلا جاي شوف شو لازم اعمل لكفي الدكتوراه قبل اي خطوه انتي بتعرفي اذا بدك تكفي بموضوع رساله الماجستير او بدك تغيريه اكيد بدي كفي بذات الموضوع بدي اتعمق فيه وادرسو من كل الجوانب ذكريني بالموضوع عملي معروف السياسه الخارجيه تبع السلطان محمد الفقيه السلطان الثاني لمملكه غرناطه بالاندلس بالقرن التالت عشر طيب اول شي لازم تعمليه هو انك تكتبي خطه البحث يللي بيحتوي علي الموضوع الاشكاليه والمنهجيه يللي رح تعتمديا ببحثك وبعتيه لاداره الدكتوراه صراحه اشيا اداريه لازم تنعمل وبما انك عامله الماجستير باسبانيا لازم تعدلي الشهاده بلبنان علي وزاره التربيه وهن بيخبروك امتين تجي تاخد المعدله كاستاذ ما خصني بالامور الاداريه بس كل المعلومات موجوده علي موقع الانترنت تبع وكيف بختار المشرف علي رسالتي بكل جامعات العالم طريقه اختيار المشرف هي ذاتا بتنقي المشرف يللي تخصص بموضوعك او الاقرب لموضوعك واكيد بدك تكوني مرتاحه معو او معا لانو رح تشتغلو سوا لمده ثلاثة او أربعة سنين كل يوم كل الدكاتره يللي بعلمو بالكليه ناشرين مقالاتن ودراساتن عالانترنت يعني فيكي تقري قد ما بدك وبعد شهر رح ننظم نهار للمهتمين يعملو دكتوراه رح نعرض فيه كل شي بخص برنامج الدكتوراه ورح يكونو الدكاتره موجودين فيكن تحكو معن تمام رح جهز اسئلتي للدكاتره لكون حاضره بهاليوم صراحه ما بعرف اذا صايره قبل بس بتاكدلك ومنشوف اذا بتزبط لانو بظن انو ما في شي بيمنع فكرت فيا بس حبيت ارجع علبنان وادرسا بالجامعه اللبنانيه لانو بدي كون قريبه من العيله بتمني شكرا علي وقتك دكتور بشوفك قريبا
C:\Users\user\Desktop\audio\audio\034_episode-59-skit-hotel-reservation\7189588-skit-hotel-reservation_chunk0000_000007819-000015500.wav,مرحبا مرحبا استاذ معك فرح من قسم ال حجوزات باوتيل شمس كيف يمكننا ساعدك
C:\Users\user\Desktop\audio\audio\034_episode-59-skit-hotel-reservation\7189588-skit-hotel-reservation_chunk0001_000016843-000025431.wav,عم تلفن لاحجز غرفتين لليلتين الحجز الاسبوع الجاي من الجمعه ثمانية و عشرون اب للاحد ثلاثون اب
C:\Users\user\Desktop\audio\audio\034_episode-59-skit-hotel-reservation\7189588-skit-hotel-reservation_chunk0002_000026560-000028920.wav,بهالتواريخ متوفرين الغرف بتحب يكونو حد بعضن
C:\Users\user\Desktop\audio\audio\034_episode-59-skit-hotel-reservation\7189588-skit-hotel-reservation_chunk0003_000030219-000034662.wav,يفضل عملي معروف غرفه لالي و مرتي و اكيد استاذ
C:\Users\user\Desktop\audio\audio\034_episode-59-skit-hotel-reservation\7189588-skit-hotel-reservation_chunk0004_000036220-000052453.wav,في غرفه بدك ياها تكون لل مدخنين لا ما حدا بدخن بتفضل يكون فيه بالاوضه تختين مفرد او مجوز غرفه بتختين مفرد والتانيه تخت مجوز حاضر رح اعطيك غرفتين
C:\Users\user\Desktop\audio\audio\034_episode-59-skit-hotel-reservation\7189588-skit-hotel-reservation_chunk0005_000054360-000072940.wav,روعه و فيني اعرف اديش عالليله الليله ب ثلاثمائة صفر ليره والغرفتين ذات السعر يعني مجموع الغرفتين عليلتين واحد مئتا صفر ليره شو بيتضمن السعر غير المنامه السعر بيتضمن الترويقه واكيد دخوليه المسبح والبحر
C:\Users\user\Desktop\audio\audio\034_episode-59-skit-hotel-reservation\7189588-skit-hotel-reservation_chunk0006_000076413-000084815.wav,والنادي الرياضي حاليا مسكرين النادي الرياضي لل صيانه تمام وفيني ادفع بالاوتيل او بتفضلي ادفع هلا بال بطاقه المصرفيه يللي بريحك استاذ
C:\Users\user\Desktop\audio\audio\034_episode-59-skit-hotel-reservation\7189588-skit-hotel-reservation_chunk0007_000086279-000088959.wav,اذا بتدفع هلا او لما
C:\Users\user\Desktop\audio\audio\034_episode-59-skit-hotel-reservation\7189588-skit-hotel-reservation_chunk0008_000090279-000101279.wav,فيني اعملك الحجز وابعتلك التاكيد برساله الكترونيه ايميل شكرا فيني استفسر عن كم شغله قبل ما تبعتي التاكيد عالحجز اكيد تفضل
C:\Users\user\Desktop\audio\audio\034_episode-59-skit-hotel-reservation\7189588-skit-hotel-reservation_chunk0009_000102294-000104882.wav,في عندكن نشاطات بيقدرو يستفيدو منا الولاد شو اعمارن ولادك
C:\Users\user\Desktop\audio\audio\034_episode-59-skit-hotel-reservation\7189588-skit-hotel-reservation_chunk0010_000107339-000118740.wav,عشرة واثنا عشر سنه في نشاطات و العاب مائيه مسليه مع مدربين وحتي فيك انت ومرتك تشاركو بالالعاب ما في مشكله حلو ومسلي
C:\Users\user\Desktop\audio\audio\034_episode-59-skit-hotel-reservation\7189588-skit-hotel-reservation_chunk0011_000119989-000129528.wav,وفي برامج ليليه في سهره قرويه السبت بالليل بيتضمنا عزف عالعود مع اغاني قديمه لبنانيه بعدين بتتغير الاغاني وبتنقل عالدبكه اكيد وشو العشا هيدي الليله
C:\Users\user\Desktop\audio\audio\034_episode-59-skit-hotel-reservation\7189588-skit-hotel-reservation_chunk0012_000137355-000156520.wav,بامتياز من مناقيش عالصاج المشاوي الهريسه العدس و المزات المعتاده و اكيد بيكون في اصناف تانيه واديش بتكلف المشاركه بهيدا العشا ستون صفر ليره عالشخص وأربعون صفر ليره للولاد يللي تحت ال خمسة عشر سنه
C:\Users\user\Desktop\audio\audio\034_episode-59-skit-hotel-reservation\7189588-skit-hotel-reservation_chunk0013_000157279-000172220.wav,تمام كمان عملي معروف بتحجزيلنا ل أربعة اشخاص لعشا السبت حاضر بيطلع المجموع مئتا صفر ليره لانو في شخصين تحت الخمسة عشر وبيقدرو ناس مش نازلين بالاوتيل يجو السبت عالسهره
C:\Users\user\Desktop\audio\audio\034_episode-59-skit-hotel-reservation\7189588-skit-hotel-reservation_chunk0014_000173336-000185220.wav,اكيد هيدي السهره مش بس للنازلين بالاوتيل بس خلين يتلفنو يحجزو ولما يوصلو بيدفعو عالاستقبال كتير منيح بخبرن لكان اي شي تاني استاذ لاء شكرا
C:\Users\user\Desktop\audio\audio\034_episode-59-skit-hotel-reservation\7189588-skit-hotel-reservation_chunk0015_000186740-000214360.wav,ورح ادفع لما اوصل عالاوتيل تمام عمول معروف بتعطيني عنوان البريد الالكتروني تبعك لابعتلك تاكيد الحجز اكيد fadikarim hotmail com فاذا الجمعه ب ثمانية و عشرون اب الشيك ان عال ثلاثة بعد الظهر و الضهره من الغرفه الاحد ب ثلاثون اب الساعه اثنا عشر الظهر علم كلك ذوق شكرا كتير منشوفكن الاسبوع الجاي
C:\Users\user\Desktop\audio\audio\034_episode-59-skit-hotel-reservation\7189588-skit-hotel-reservation_chunk0016_000213639-000217460.wav,نهارك سعيد شكرا الك نهارك اسعد مرحبا استاذ معك فرح من قسم الحجوزات باوتيل شمس كيف يمكننا ساعدك عم تلفن لا حجز غرفتين لليلتين يفضل عملي معروف غرفه لالي اكيد استاذ في غرفه بدك ياها تكون للمدخنين لا ما حدا بدخن بتفضل يكون فيه بالاوضه تختين مفرد او مجوز حاضر رح اعطيك غرفتين بطلو عالبحر وبلزق بعضن روعه وفيني اعرف اديش عالليله حاليا مسكرين النادي الرياضي للصيانه تمام وفيني ادفع بالاوتيل او بتفضلي ادفع هلا بالبطاقه المصرفيه يللي بريحك استاذ اذا بتدفع هلا او لما فيني اعملك الحجز وابعتلك التاكيد برساله الكترونيه ايميل في نشاطات والعاب مائيه مسليه مع مدربين وحتي فيك انت ومرتك تشاركو بالالعاب ما في مشكله يعني بيوفي لبناني قراوي بامتياز من مناقيش عالصاج المشاوي الهريسه العدس تمام كمان عملي معروف بتحجزيلنا ل أربعة اشخاص لعشا السبت اكيد هيدي السهره مش بس للنازلين بالاوتيل بس خلين يتلفنو يحجزو ولما يوصلو بيدفعو عالاستقبال فاذا الجمعه ب ثمانية و عشرون اب الشيك ان عال ثلاثة بعد الظهر والضهره من الغرفه الاحد ب ثلاثون اب الساعه اثنا عشر الظهر علم كلك ذوق شكرا كتير منشوفكن الاسبوع الجاي نهارك سعيد
C:\Users\user\Desktop\audio\audio\035_episode-58-happy-new-year\7079146-new-years-2021_chunk0000_000000000-000024760.wav,مرحبا نعيم كيفك شو الاخبار تنعاد عليك بالخير بالسنه الجديده اهلا لين وعليك انشالله بتكون سنه ألفان و واحد و عشرون خير علينا واحسن من ألفان و عشرون ايه والله عنجد كيف قطعت مش معقول شو صار فيا احداث بالعالم وبلبنان خاصه
C:\Users\user\Desktop\audio\audio\035_episode-58-happy-new-year\7079146-new-years-2021_chunk0001_000024470-000031154.wav,بتتذكر كيف بلشت سنه ألفان و عشرون واللبنانيه كانو بعدن عم ينزلو عال طرقات يتظاهرو
C:\Users\user\Desktop\audio\audio\035_episode-58-happy-new-year\7079146-new-years-2021_chunk0002_000032285-000038969.wav,وكانت ثوره سبعة عشر تشرين بعدا مستمره باغلب المناطق اللبنانيه
C:\Users\user\Desktop\audio\audio\035_episode-58-happy-new-year\7079146-new-years-2021_chunk0003_000040220-000066053.wav,فعلا صار في كتير بكفي انو استقبلنا ألفان و عشرون مع فايروس كورونا يلي وصل عالبلد بشباط ومن وقتا تغيرت حياتنا واتسكر البلد والمدارس والجامعات وصارت اغلب الناس تشتغل من بيوتا ولهلا ما منعرف شو اخرتا مع هالفايروس معك حق صرنا نحسب ميه حساب قبل ما نضهر
C:\Users\user\Desktop\audio\audio\035_episode-58-happy-new-year\7079146-new-years-2021_chunk0004_000065657-000086595.wav,واذا ضهرنا ما منسترجي نشيل الكمامه يعني بال ألفان و عشرون صار الانفجار بمرفق بيروت وهو من اكبر المصايب يلي مين كان بقول انو بيروت بصير فيا هيك انفجار بيوم من الايام
C:\Users\user\Desktop\audio\audio\035_episode-58-happy-new-year\7079146-new-years-2021_chunk0005_000087800-000097837.wav,وفوق هال كارثه الكبيره بهيدي السنه صار في حرايق كبيره ضلت كذا يوم وبكذا منطقه بالشمال وبالجبل وبالجنوب
C:\Users\user\Desktop\audio\audio\035_episode-58-happy-new-year\7079146-new-years-2021_chunk0006_000099096-000110010.wav,و تسببت هالحرايق بخساره لبنان مساحات خضرا من شجر الصنوبر والسنديان والاراضي الزراعيه واللي زاد الطين بله الازمه الاقتصاديه
C:\Users\user\Desktop\audio\audio\035_episode-58-happy-new-year\7079146-new-years-2021_chunk0007_000113035-000126915.wav,سعر الدولار بالنسبه لليره وصارت تغلي الاسعار بشكل جنوني وفي كتير شركات ومحلات سكرت وزادت البطاله
C:\Users\user\Desktop\audio\audio\035_episode-58-happy-new-year\7079146-new-years-2021_chunk0008_000128330-000132550.wav,لهلا الوضع الاقتصادي بلبنان
C:\Users\user\Desktop\audio\audio\035_episode-58-happy-new-year\7079146-new-years-2021_chunk0009_000134759-000144009.wav,اوقات منصير نفكر انو هل حنرجع نعيش متل ما كنا عايشين قبل فيروس كورونا و قبل الازمه الاقتصاديه وقبل كل الكوارث يلي اجت علبنان
C:\Users\user\Desktop\audio\audio\035_episode-58-happy-new-year\7079146-new-years-2021_chunk0010_000145759-000150348.wav,عفكره لين بالرغم من كل هالمصايب صار في قصص
C:\Users\user\Desktop\audio\audio\035_episode-58-happy-new-year\7079146-new-years-2021_chunk0011_000152139-000167683.wav,من هالاشيا الحلوه انو بهيدي السنه صار في شي اسمو لانغويج وايف يلي نحنا عم نحكي عبرو هلا اكيد بتذكر كيف اخر سنه ال ألفان و تسعة عشر التقيت بال صدفه بشخص اسمو رامي
C:\Users\user\Desktop\audio\audio\035_episode-58-happy-new-year\7079146-new-years-2021_chunk0012_000169301-000197584.wav,ب مؤتمر ببيروت بمناسبه اليوم العالمي للشباب وكان عم بخبرني كيف حابب يعمل بودكاست ليساعد العالم اللي حابه تتعلم اللهجه اللبنانيه وخبرني بوقتا عن فكره لانغويج وايف وقررنا وقتا انو نشتغل سوا عالمشروع ودغري سجلت اول حلقه ب لانغويج وايف وكانت عن المازه بتذكر هالحلقه
C:\Users\user\Desktop\audio\audio\035_episode-58-happy-new-year\7079146-new-years-2021_chunk0013_000198002-000202309.wav,لهلا كل اخر الاسبوع بتنزل حلقه جديده
C:\Users\user\Desktop\audio\audio\035_episode-58-happy-new-year\7079146-new-years-2021_chunk0014_000204144-000216817.wav,لحتي صار عنا سبعة و خمسون حلقه لهلا حكينا فين عن كتير امثال شعبيه و كلمات لبنانيه عاميه ومناطق لبنانيه متل صيدا وفاريا وبيروت وغيرا ايه
C:\Users\user\Desktop\audio\audio\035_episode-58-happy-new-year\7079146-new-years-2021_chunk0015_000218713-000246800.wav,وما تنسي الحلقات يلي عملناها عن مواضيع غريبه ومتنوعه متل السكه الحديديه بلبنان وبيت بيروت والاكل بشوارع طرابلس وكيف حكينا عن اشخاص لبنانيه مهمه و معروفه متل المغنيه صباح ومصمم الازياء ايلي صعب والعالم والمخترع اللبناني حسن كامل الصباح
C:\Users\user\Desktop\audio\audio\035_episode-58-happy-new-year\7079146-new-years-2021_chunk0016_000248530-000259119.wav,و فوق يلي ذكرتيهن لين في شي كتير مميز بلشنا فيه من شهرين وهني حلقات السكتس سيريز يلي عم نحكي فين ب اسلوب جديد عن قصص وخبريات لبنانيه
C:\Users\user\Desktop\audio\audio\035_episode-58-happy-new-year\7079146-new-years-2021_chunk0017_000260515-000278339.wav,بشوارع بيروت الاول بين شخصين وتنين متزوجين عم بناقشو شغل البيت مزبوط نعيم فعلا هيك وهالحلقات بتمثل كزا نموذج حياه ممكن الواحد يلاقيه بلبنان
C:\Users\user\Desktop\audio\audio\035_episode-58-happy-new-year\7079146-new-years-2021_chunk0018_000278119-000302359.wav,وللسنه الجديده اخدنا تعليقات واقتراحات مشتركيننا بعين الاعتبار تنحضر مواضيع جديده ومميزه وحلقات حوار متنوعه كرمال هيك نحنا دايما منحب نعرف تعليقات و اقتراحات مشتركيننا حتي نحكي عن مواضيع بتهمن وبحبو يعرفو عنا اكتر
C:\Users\user\Desktop\audio\audio\035_episode-58-happy-new-year\7079146-new-years-2021_chunk0019_000301359-000307359.wav,فانشالله تكون سنه حلوه وكلا احداث ايجابيه فينا نحكي عنا بحلقاتنا
C:\Users\user\Desktop\audio\audio\035_episode-58-happy-new-year\7079146-new-years-2021_chunk0020_000308519-000334640.wav,انشالله تكون هيك بركي منقدم مواضيع وحلقات تكون مختلفه عن السنه الماضيه ويكون فيها تفاؤل وفرح اكتر وعفكره لين شو اهدافك للسنه الجديده هوهووو صراحه عندي بس اهم شي انو بدي اتخرج هالسنه من الجامعه و سافر علي عده بلدان سياحه بلا ما اعتل هم الكورونا وانت
C:\Users\user\Desktop\audio\audio\035_episode-58-happy-new-year\7079146-new-years-2021_chunk0021_000333940-000360239.wav,انا بتمني انو نقدر نرجع شوي لعاداتنا يلي كنا نعملا قبل كورونا زياره الاهل الضهرات مع الاصحاب وناوي كمان صير اعمل رياضه بشكل دايم انا كتير انبسطت حكينا سوا بهيدي الحلقه ومره تانيه تنعاد عليك وعلي مستمعينا بال صحه وال عافيه ينعاد عليك انت كمان وعلي جميع مستمعيننا بكل خير
C:\Users\user\Desktop\audio\audio\036_episode-56-skit-debate-about-smartphones\6901739-smartphones_chunk0000_000000000-000026525.wav,عفوا كاتيا بعرف انو مش دايما عنا ال فرصه نجتمع بس وصلتلي رساله الكترونيه من مديري ولازم اقريا اوف ماخر الوقت ليبعتلك رساله بتمني يكون كل شي منيح قريتو بسرعه لانو الرساله قصيره ما شكلو في شي ضروري فيني رد عليه بعدين فظيع الهاتف الذكي كيف بيمنع الفصل بين وقت الشغل ووقت الراحه مزبوط
C:\Users\user\Desktop\audio\audio\036_episode-56-skit-debate-about-smartphones\6901739-smartphones_chunk0001_000025525-000042220.wav,الهاتف الذكي بقاطع وقت الراحه تبعي بس بوفر عليي كتير وقت يعني اذا في شي ضروري دغري فيني خلصو ب كبسه زر بفهمك ذات الشي بصير معي بس هيدا الناس لازم تفصل بين وقت الشغل ووقت الراحه
C:\Users\user\Desktop\audio\audio\036_episode-56-skit-debate-about-smartphones\6901739-smartphones_chunk0002_000044566-000054236.wav,برايك هيدا التغيير يللي عملو الهاتف الذكي بحياتنا مفيد او لاء
C:\Users\user\Desktop\audio\audio\036_episode-56-skit-debate-about-smartphones\6901739-smartphones_chunk0003_000120823-000144668.wav,عندو ايجابيات
C:\Users\user\Desktop\audio\audio\036_episode-56-skit-debate-about-smartphones\6901739-smartphones_chunk0004_000143668-000167514.wav,و سلبيات
C:\Users\user\Desktop\audio\audio\036_episode-56-skit-debate-about-smartphones\6901739-smartphones_chunk0005_000166514-000192360.wav,بس صراحه لو بصحلي ارجع عالتلفون الخليوي القديم ما بعترض ليش عم تقولي هيك انا بحب وقتي لما كون بالبيت بعد الشغل و ببلش الواتساب يرن ورسايل الشغل والاخبار ع مواقع التواصل الاجتماعي تطلعلي فيكي ما تردي وما تتطلعي و تخفيلو صوتو صعب عليي ما رد عحدا عم يحكيني او رساله شغل واصلتلي او ما اتطلع عالاخبار اوقات بجرب سيطر عحالي بس مش دايما بتزبط متل ما شفتي صعبه خاصه اذا شيء خاصه بالشغل شفت شو صعبه بتصير مدمن و بتضل تطلع كل شوي ومن اسوا عاداتي انو بالليل قبل ما نام دايما في ساعه بحضر فيا فيديوهات عاليوتيوب ومواقع التواصل الاجتماعي عنجد كتير مضره هالشغله المفروض قبل ما ننام بساعه نوقف نتطلع علي شاشه الخليوي لانو بتسبب القلق معك حق المنيح يلي بعمله هو انه بخليه صامت كل الليل لما اسمع طيب بما انو عم نحكي عن هيدا الموضوع شو رايك لما حدا يقطش حديث كرمال يفتش عن موضوع عغوغل كان عم بيحكي عنو او شيء انت قلته ليتاكد حسب الوضع اذا كانت المجموعه يللي عم تحكي عن الموضوع عم تتنافس علي معلومه والكل عم بشارك فاذا مش غلط ابدا بس اذا شخص قطش الحديث ليفتش علي شي معلومه مش ضروريه اكيد مش مزبوطه بوافقك ميه بالميه الهاتف متل مواضيع تخليص معاملات البنك او غيرو عالتطبيقات وارسال بريد الكتروني للشغل والتواصل والحكي مع اي شخص بالعالم من دون اي كلفه اضافيه ومن اهم الاختراعات كمان خرايط الغوغل وغيرو وغيرو وفعلا مسهلنا حياتنا وعنجد ما فينا نستغني ولو ما في خرايط غوغل انا صراحه ما بوصل لمحل اد ما بضيع بالطرقات منشان هيك متل كل الاشيا اللي بالحياه لازم يكون في توازن فينا نستفيد من خدمات الهاتف الذكي ونسيطر عسلبياتو بس لازم يكون عنا ال وعي والاراده
C:\Users\user\Desktop\audio\audio\036_episode-56-skit-debate-about-smartphones\6901739-smartphones_chunk0006_000193500-000211139.wav,بوافقك بس ما بضمن انو فيني سيطر عحالي كل الوقت شو رايك نساعد بعض لما نضيع بهواتفنا ونكون حاضرين باللحظه لما نكون سوا او مع غير ناس حبيت الفكره وما فيني الا ما وافقك اتفقنا علي هالشي ايه اتفقنا عفوا كاتيا بعرف انو مش دايما عنا الفرصه نجتمع بس وصلتلي رساله الكترونيه من مديري ولازم اقريا اوف ماخر الوقت ليبعتلك رساله بتمني يكون كل شي منيح قريتو بسرعه لانو الرساله قصيره ما شكلو في شي ضروري فيني رد عليه بعدين مزبوط الهاتف الذكي بقاطع وقت الراحه تبعي بس بوفر عليي كتير وقت يعني اذا في شي ضروري دغري فيني خلصو بكبسه زر بفهمك ذات الشي بصير معي بس هيدا الناس لازم تفصل بين وقت الشغل ووقت الراحه برايك هيدا التغيير يللي عملو الهاتف الذكي بحياتنا مفيد او لاء عندو ايجابيات وسلبيات بس صراحه لو بصحلي ارجع عالتلفون الخليوي القديم ما بعترض انا بحب وقتي لما كون بالبيت بعد الشغل فيكي ما تردي وما تتطلعي وتخفيلو صوتو صعب عليي ما رد عحدا عم يحكيني او رساله شغل واصلتلي او ما اتطلع عالاخبار اوقات بجرب سيطر عحالي بس مش دايما بتزبط متل ما شفتي صعبه خاصه اذا شيء خاصه بالشغل شفت شو صعبه بتصير مدمن وبتضل تطلع كل شوي ومن اسوا عاداتي انو بالليل قبل ما نام دايما في ساعه بحضر فيا فيديوهات عاليوتيوب ومواقع التواصل الاجتماعي عنجد كتير مضره هالشغله المفروض قبل ما ننام بساعه نوقف نتطلع علي شاشه الخليوي لانو بتسبب القلق معك حق هو انه بخليه صامت كل الليل لما اسمع طيب بما انو عم نحكي عن هيدا الموضوع شو رايك ل ما حدا يقطش حديث كرمال يفتش عن موضوع عغوغل كان عم بيحكي عنو او شيء انت قلته ليتاكد حسب الوضع اذا كانت المجموعه يللي عم تحكي عن الموضوع عم تتنافس علي معلومه والكل عم بشارك فاذا مش غلط ابدا بس اذا شخص قطش الحديث ليفتش علي شي معلومه مش ضروريه اكيد مش مزبوطه الهاتف متل مواضيع تخليص معاملات البنك او غيرو عالتطبيقات وارسال بريد الكتروني للشغل والتواصل والحكي مع اي شخص بالعالم من دون اي كلفه اضافيه ومن اهم الاختراعات كمان خرايط الغوغل وغيرو وغيرو حياتنا وعنجد ما فينا نستغني ولو ما في خرايط غوغل انا صراحه ما بوصل لمحل اد ما بضيع بالطرقات هيك مثل كل الاشيالي بالحياه لازم يكون فينا نستفيد من خدمات الهاتف الذكي ونسيطر عسلبياتو بس لازم يكون عنا الوعي والاراده شو رايك نساعد بعض ل ما نضيع بهواتفنا ونكون حاضرين باللحظه لما نكون سوا او مع غير ناس حبيت الفكره وما فيني الا ما وافقك
C:\Users\user\Desktop\audio\audio\037_episode-55-art-on-vehicles\6808267-artwork-on-vehicles_chunk0000_000000000-000022759.wav,اصحاب الاليات او يعني ال vehicles بلبنان وبالعديد من الدول العربيه قررو انو الكتب او الجرايد مش المكان الوحيد ليقرا فيه الواحد فلسفه حياه او Life philosophy اشعار وطنيه قصايد حب للحبيب او للاهل والوطن
C:\Users\user\Desktop\audio\audio\037_episode-55-art-on-vehicles\6808267-artwork-on-vehicles_chunk0001_000021759-000037292.wav,حتي النكت والحكم و النصايح والامتال الشعبيه و الادعيه الدينيه هالامور اللي ذكرتا عاده الا اماكنا المتعارف عليا لنقراها بالكتب او بال مجلات والجرايد وعالانترنت وغيرا
C:\Users\user\Desktop\audio\audio\037_episode-55-art-on-vehicles\6808267-artwork-on-vehicles_chunk0002_000040080-000064360.wav,بس بلبنان وقت تعلق بعجقه سير او تكون عم تقطع بالسياره ع حاجز للجيش اللبناني والسير عم يمشي ببطء رح تلاقي انك قادر تقرا هالامور نفسا ولو بلغه شعبيه او عاميه وبسيطه علي قزاز او جسم الشاحنات والفانات والسيارات وغيرن من وسائل النقل
C:\Users\user\Desktop\audio\audio\037_episode-55-art-on-vehicles\6808267-artwork-on-vehicles_chunk0003_000065441-000082450.wav,مستمعيننا الاعزاء معكن مريم وحابه احكيلكن اليوم عن جانب ثقافي غريب شوي بال مجتمع اللبناني والعربي بشكل عام منشوفو بالشارع بس تحديدا رح كون عم احكي عن اللبناني اليوم وهالحلقه مميزه
C:\Users\user\Desktop\audio\audio\037_episode-55-art-on-vehicles\6808267-artwork-on-vehicles_chunk0004_000083883-000092180.wav,فخلوني هلا رحب بزميلي نعيم اللي رح نكون انا وياه عم نقدملكن موضوع هالحلقه
C:\Users\user\Desktop\audio\audio\037_episode-55-art-on-vehicles\6808267-artwork-on-vehicles_chunk0005_000094160-000097222.wav,اهلا مريم ومرحبا لكل مستعميننا علي بودكاست لانغويج وايف
C:\Users\user\Desktop\audio\audio\037_episode-55-art-on-vehicles\6808267-artwork-on-vehicles_chunk0006_000098800-000125720.wav,رح ضيف عاللي حكيتيه بالمقدمه او ال introduction انو صاحب الشاحنه او الفان ما بيكتب هالعبارات كيف ما كان علي اليتو بيطلب من حدا خطاط او يعني calligrapher يكتبن بطريقه مميزه وكتير مرات بكون معن رسومات معينه يعني كان احد اهم اهداف هالعبارات هو تزيين الشاحنه او الفان وغيرن وانو يتميزو عن غيرن عالطريق بشي خاص فين
C:\Users\user\Desktop\audio\audio\037_episode-55-art-on-vehicles\6808267-artwork-on-vehicles_chunk0007_000085829-000087315.wav,مزبوط نعيم
C:\Users\user\Desktop\audio\audio\037_episode-55-art-on-vehicles\6808267-artwork-on-vehicles_chunk0008_000127300-000150964.wav,يعني مثلا كتير بشوف شاحنات مرسوم علين علم لبنان او عيون مرات عيون عاديه ومرات عيون عم تبكي او رسومات بسيطه وبتضحك بتعبر عن الجمله المكتوبه حدن في اليات مرات اد ما مرسوم علين بتحسن صارو لوحه وبدك وقت طويل لتركز وتفهم كل شي مكتوب و ملون علين
C:\Users\user\Desktop\audio\audio\037_episode-55-art-on-vehicles\6808267-artwork-on-vehicles_chunk0009_000152380-000179539.wav,عسيره الرسمات والعيون يمكن وحده من اكتر العبارات اللي بتتكرر عكل انواع الاليات بالطريق هي اللي بتحكي عن الحسد فدايما بيرسمو عين او حتي كف ايد الحسد بالانكليزي يعني ال evil eye كتار بيكتبو يخزي العين او محروسه من عين البشر او مثلا لا تصيبنا بالعين كلو بالدين يعني عم يخبر الناس انو هو مديون وما في داعي يحسدوه عشي
C:\Users\user\Desktop\audio\audio\037_episode-55-art-on-vehicles\6808267-artwork-on-vehicles_chunk0010_000179036-000200320.wav,و اهضم عباره شفتا من هول بتقول عضه اسد ولا نظره حسد بمعني انو ضرر او وجع عضه الاسد اسهل و ارحم من ضرر الحسد عالانسان ب حالات تانيه نعيم عم تكون طريقه بعبر فيا صاحب الاليه عن امور دينيه علاقتو باهلو او حتي همومو
C:\Users\user\Desktop\audio\audio\037_episode-55-art-on-vehicles\6808267-artwork-on-vehicles_chunk0011_000201800-000228122.wav,مثلا كتار بيكتبو رضا الله ورضا الوالدين او سيري فعين الله ترعاكي يعني عم يقول لسياراتو او شاحنتو انو هي برعايه الله او يعني God s care او عبارات تانيه متل ما شاء الله و الله اكبر وادعيه قصيره بتطلب من الله الحمايه و التيسير
C:\Users\user\Desktop\audio\audio\037_episode-55-art-on-vehicles\6808267-artwork-on-vehicles_chunk0012_000227740-000235892.wav,وغيرن بركزو كتير عموضوع الاهل والام فكتار بيكتبو رضاك يا امي يعني عم
C:\Users\user\Desktop\audio\audio\037_episode-55-art-on-vehicles\6808267-artwork-on-vehicles_chunk0013_000240240-000246660.wav,ومره شفت حدا كاتب هالعباره علي الفان تعوله وهي عن بيه
C:\Users\user\Desktop\audio\audio\037_episode-55-art-on-vehicles\6808267-artwork-on-vehicles_chunk0014_000250440-000276739.wav,وهاي بتحكي عن انو صاحب هالفان موجوع من غياب بيو اللي مات ومشتقلو كتير وكتار كمان بيكتبو عباره لا يخفيني الموت لكن تقتلني دمعه امي يعني هني ما بخافو من الموت بس دمعه امن صعبه علين متل الموت هالعبارات اللي قلتن هلا اغلبن بالعربيه الفصحه
C:\Users\user\Desktop\audio\audio\037_episode-55-art-on-vehicles\6808267-artwork-on-vehicles_chunk0015_000276440-000303239.wav,فعلا كتير من هالعبارات مش بس بتعبر عن هموم صاحب الاليه بل كمان عن شخصيتو وقناعاتو وتجارب مرق فيا غالبا تجارب مش حلوه وعلمتو مثلا درس بالحياه واللغه اللي بيستخدموا ليكتبو عبارات عن هالامور مش دايما لطيفه او مهذبه فمثلا هاي عباره منشوفا بتتكرر كتير عالسيارات والفانات وغيرا كلب صديق ولا صديق كلب
C:\Users\user\Desktop\audio\audio\037_episode-55-art-on-vehicles\6808267-artwork-on-vehicles_chunk0016_000303000-000309416.wav,وهاي بقول احد الاشخاص اللي كاتبا علي الفان تعولو بعد ما
C:\Users\user\Desktop\audio\audio\037_episode-55-art-on-vehicles\6808267-artwork-on-vehicles_chunk0017_000310500-000330920.wav,فعبر من خلالا عن انو صداقه الكلب كحيوان وفي احسن من الصديق ال غدار وفي بالانكليزي يعني loyal وغدار يعني treacherous وكمان عن تجارب الحياه حدا تاني بيكتب عسيارتو في ناس عالحلوه معك وعالمره الله معك
C:\Users\user\Desktop\audio\audio\037_episode-55-art-on-vehicles\6808267-artwork-on-vehicles_chunk0018_000333300-000355200.wav,معك بس بالاوقات الحلوه ووقت تمرق بمحنه او يعني ordeal بيتركوك وما بيوقفو حدك وهاي كمان بتدل عن تجربه سيئه لهالشخص مع بعض الناس بحياتو واكيد ما مننسي تعابير الحب عهالاليات سواء لل وطن او للحبيبه
C:\Users\user\Desktop\audio\audio\037_episode-55-art-on-vehicles\6808267-artwork-on-vehicles_chunk0019_000356165-000363934.wav,بحبك يا لبنان او عزنا بارزنا مع رسومات بتتضمن العلم اللبناني
C:\Users\user\Desktop\audio\audio\037_episode-55-art-on-vehicles\6808267-artwork-on-vehicles_chunk0020_000365380-000377131.wav,اما للحبيبه فاغلب التعابير هي حب و فكاهه بنفس الوقت وبكون كتير منا جاي من تجارب شخصيه لاصحاب الاليات بيكتب
C:\Users\user\Desktop\audio\audio\037_episode-55-art-on-vehicles\6808267-artwork-on-vehicles_chunk0021_000380549-000384470.wav,وسياره بتحط عباره مجنون ليلي عال قزاز
C:\Users\user\Desktop\audio\audio\037_episode-55-art-on-vehicles\6808267-artwork-on-vehicles_chunk0022_000386660-000411029.wav,وصاحب شاحنه صغيره منقلا بيك اب يعني pickup truck بعبر عن حب مرق فيه و الظاهر انتهي ب خلاف فبيكتب عالبيك اب اللي عاده بحمل وبينقل فيه رمل بعت حبك واشتريت فيه رمل وصاحب سياره موجوع من حبيبه او زوجه سابقه علي ما يبدو بيكتب عالقزاز الوراني
C:\Users\user\Desktop\audio\audio\037_episode-55-art-on-vehicles\6808267-artwork-on-vehicles_chunk0023_000411959-000419897.wav,بدعيلك بال جنه بلاقي النار ادفالك يعني عم يدعي عليا يكون مصيرا تفوت عالنار او hell بالانكليزي
C:\Users\user\Desktop\audio\audio\037_episode-55-art-on-vehicles\6808267-artwork-on-vehicles_chunk0024_000421787-000449508.wav,بس بطريقه غير مباشره والجنه بالانكليزي يعني heaven بتعرفي مريم ممكن كمان يكون عم يكتب هالشي تاثرا بتجربه صديق لالو ومش تجربتو الشخصيه وممكن يكتبا لمجرد النكته يعني النكته حاضره كتير بهالكتابات مثلا مره شفت بيك اب كاتب عالحديد الوراني ما جيت كحل رمشي
C:\Users\user\Desktop\audio\audio\037_episode-55-art-on-vehicles\6808267-artwork-on-vehicles_chunk0025_000448991-000466459.wav,جيت حمل وامشي والمعني المبين من هالعباره انو صاحب البيك اب ما بهمو يشوف او يتفرج عالبضاعه هو بس جاي يحمل الغراض و يفل عالسريع بدون ما يوجع راسو وعم يعبر عن هالشي عبر النكته نكته تانيه
C:\Users\user\Desktop\audio\audio\037_episode-55-art-on-vehicles\6808267-artwork-on-vehicles_chunk0026_000468600-000493769.wav,شفت مره صوره لبلاطه او سطحه يعني هيدي الشاحنه الكبيره اللي بتحمل السيارات وقت يتعطلو بالطريق او يصير معن حادث كاتبه عالحديد الوراني اسرع ولا يهمك ابو محمود جاي يلمك ابو محمود صاحب هالاليه واذا بدي افهم هالنكته بطريقه ايجابيه فعم يقول للناس انو ينتبهو
C:\Users\user\Desktop\audio\audio\037_episode-55-art-on-vehicles\6808267-artwork-on-vehicles_chunk0027_000494679-000513359.wav,لان السرعه رح توصل لانو او يعملو حادث او يصير معن عطل ويجي هو يلم او يعني يشيل سيارتن من الطريق انا شخصيا نعيم كتير مرات بتسليني هالعبارات والرسومات بس كون علقانه ب عجقه سير مرات بكون
C:\Users\user\Desktop\audio\audio\037_episode-55-art-on-vehicles\6808267-artwork-on-vehicles_chunk0028_000518133-000545517.wav,كاتبين عبارات بتحكي عن احترام الكبير او عن قيمه الرزق وكيف يحافظ الانسان عليه وعن مفهوم الامانه وغيرا كتير الرزق بالانكليزي يعني ال livelihood والامانه بتجي بمعني ال trustworthiness ومفهوم يعني concept وهلا شو رايك تختم الحلقه انت اكيد
C:\Users\user\Desktop\audio\audio\037_episode-55-art-on-vehicles\6808267-artwork-on-vehicles_chunk0029_000545035-000570590.wav,و عفكره انا متلك مريم بحب اقراهن وبحس بسلوني مستعميننا الاعزاء هيدي كانت لمحه بسيطه عن شي رح تشوفوه اكيد بشوارع لبنان اذا شي مره نزلتو زياره لعنا وهالعبارات كتير منن منستخدمن بالاحاديث اليوميه و بيعكسو جانب كبير من طريقه تفكير او ثقافه الناس هون بيامنوا فيها واللي بتهمون او
C:\Users\user\Desktop\audio\audio\037_episode-55-art-on-vehicles\6808267-artwork-on-vehicles_chunk0030_000575759-000579879.wav,منتمني تكونو حبيتو هالموضوع و تابعونا دايما بحلقات مميزه انا وزميلتي مريم عاللانغويج وايف اصحاب الاليات او يعني ال vehicles بلبنان وبالعديد من الدول العربيه قررو انو الكتب او الجرايد مش المكان الوحيد ليقرا فيه الواحد فلسفه حياه او Life philosophy اشعار وطنيه قصايد حب للحبيب او للاهل والوطن حتي النكت والحكم والنصايح والامتال الشعبيه والادعيه الدينيه هالامور اللي ذكرتا عاده الا اماكنا المتعارف عليا لنقراها بالكتب او بالمجلات والجرايد وعالانترنت وغيرا بس بلبنان وقت تعلق بعجقه سير او تكون عم تقطع بالسياره عحاجز للجيش اللبناني والسير عم يمشي ببطء رح تلاقي انك قادر تقرا هالامور نفسا ولو بلغه شعبيه او عاميه وبسيطه علي قزاز او جسم الشاحنات والفانات والسيارات وغيرن من وسائل النقل مستمعيننا الاعزاء معكن مريم وحابه احكيلكن اليوم عن جانب ثقافي غريب شوي بالمجتمع اللبناني والعربي بشكل عام منشوفو بالشارع رح كون وهالحلقه مميزه فخلوني هلا رحب بزميلي نعيم اللي رح نكون انا وياه عم نقدملكن موضوع هالحلقه مزبوط نعيم يعني مثلا كتير بشوف شاحنات مرسوم علين علم لبنان او عيون مرات عيون عاديه ومرات عيون عم تبكي او رسومات بسيطه وبتضحك بتعبر عن الجمله المكتوبه حدن في اليات مرات اد ما مرسوم علين بتحسن صارو لوحه وبدك وقت طويل لتركز وتفهم كل شي مكتوب وملون علين عسيره الرسمات والعيون يمكن وحده من اكتر العبارات اللي بتتكرر عكل انواع الاليات بالطريق هي اللي بتحكي عن الحسد فدايما بيرسمو عين او حتي كف ايد الحسد بالانكليزي يعني ال evil eye كتار بيكتبو يخزي العين او محروسه من عين البشر او مثلا لا تصيبنا بالعين كلو بالدين يعني عم يخبر الناس انو هو مديون وما في داعي يحسدوه عشي واهضم عباره شفتا من هول بتقول عضه اسد ولا نظره حسد بمعني انو ضرر او وجع عضه الاسد اسهل وارحم من ضرر الحسد عالانسان بحالات تانيه نعيم عم تكون طريقه بعبر فيا صاحب الاليه عن امور دينيه علاقتو باهلو او حتي همومو مثلا كتار بيكتبو رضا الله ورضا الوالدين او سيري فعين الله ترعاكي يعني عم يقول لسياراتو او شاحنتو انو هي برعايه الله او يعني God s care او عبارات تانيه متل ما شاء الله و الله اكبر وادعيه قصيره بتطلب من الله الحمايه والتيسير وغيرن بركزو كتير عموضوع الاهل والام فكتار بيكتبو رضاك يا امي يعني عم ومره شفت حدا كاتب هالعباره علي الفان تعوله وهي عن وهاي بتحكي عن انو صاحب هالفان موجوع من غياب بيو اللي مات ومشتقلو كتير وكتار كمان بيكتبو عباره لا يخفيني الموت لكن تقتلني دمعه امي يعني هني ما بخافو من الموت بس دمعه امن صعبه علين متل الموت هالعبارات اللي قلتن هلا اغلبن بالعربيه الفصحه فعلا كتير من هالعبارات مش بس بتعبر عن هموم صاحب الاليه بل كمان عن شخصيتو وقناعاتو وتجارب مرق فيا غالبا تجارب مش حلوه وعلمتو مثلا درس بالحياه واللغه اللي بيستخدموا ليكتبو عبارات عن هالامور مش دايما لطيفه او مهذبه فمثلا هاي عباره منشوفا بتتكرر كتير عالسيارات والفانات وغيرا كلب صديق ولا صديق كلب وهاي بقول احد الاشخاص اللي كاتبا علي الفان تعولو بعد ما فعبر من خلالا عن انو صداقه الكلب كحيوان وفي احسن من الصديق الغدار وفي بالانكليزي يعني loyal وغدار يعني treacherous وكمان عن تجارب الحياه حدا تاني بيكتب عسيارتو في ناس عالحلوه معك وعالمره الله معك وبيقصد فيا انو بعض الاشخاص بكونو معك بس بالاوقات الحلوه ووقت تمرق بمحنه او يعني ordeal بيتركوك وما بيوقفو حدك وهاي كمان بتدل عن تجربه سيئه لهالشخص مع بعض الناس بحياتو واكيد ما مننسي تعابير الحب عهالاليات سواء للوطن او للحبيبه بحبك يا لبنان او عزنا بارزنا مع رسومات بتتضمن العلم اللبناني اما للحبيبه فاغلب التعابير هي حب وفكاهه بنفس الوقت وبكون كتير منا جاي من تجارب شخصيه لاصحاب الاليات بيكتب وسياره بتحط عباره مجنون ليلي عالقزاز وصاحب شاحنه صغيره منقلا بيك اب يعني pickup truck بعبر عن حب مرق فيه والظاهر انتهي بخلاف فبيكتب عالبيك اب اللي عاده بحمل وبينقل فيه رمل بعت حبك واشتريت فيه رمل وصاحب سياره موجوع من حبيبه او زوجه سابقه علي ما يبدو بيكتب عالقزاز الوراني بدعيلك بالجنه بلاقي النار ادفالك يعني عم يدعي عليا يكون مصيرا تفوت عالنار او hell بالانكليزي بس بطريقه غير مباشره والجنه بالانكليزي يعني heaven بتعرفي مريم ممكن كمان يكون عم يكتب هالشي تاثرا بتجربه صديق لالو ومش تجربتو الشخصيه وممكن يكتبا لمجرد النكته يعني النكته حاضره كتير بهالكتابات مثلا مره شفت بيك اب كاتب عالحديد الوراني ما جيت كحل رمشي جيت حمل وامشي والمعني المبين من هالعباره انو صاحب البيك اب ما بهمو يشوف او يتفرج عالبضاعه هو بس جاي يحمل الغراض ويفل عالسريع بدون ما يوجع راسو وعم يعبر عن هالشي عبر النكته نكته تانيه شفت مره صوره لبلاطه او سطحه يعني هيدي الشاحنه الكبيره اللي بتحمل السيارات وقت يتعطلو بالطريق او يصير معن حادث كاتبه عالحديد الوراني اسرع ولا يهمك ابو محمود جاي يلمك ابو محمود صاحب هالاليه واذا بدي افهم هالنكته بطريقه ايجابيه فعم يقول للناس انو ينتبهو لان السرعه رح توصل لانو او يعملو حادث او يصير معن عطل ويجي هو يلم او يعني يشيل سيارتن من الطريق انا شخصيا نعيم كتير مرات بتسليني هالعبارات والرسومات بس كون علقانه بعجقه سير مرات بكون كاتبين عبارات بتحكي عن احترام الكبير او عن قيمه الرزق وكيف يحافظ الانسان عليه وعن مفهوم الامانه وغيرا كتير الرزق بالانكليزي يعني ال livelihood والامانه بتجي بمعني ال trustworthiness ومفهوم يعني concept وهلا شو رايك تختم الحلقه انت اكيد وعفكره انا متلك مريم بحب اقراهن وبحس بسلوني مستعميننا الاعزاء هيدي كانت لمحه بسيطه عن شي رح تشوفوه اكيد بشوارع لبنان اذا شي مره نزلتو زياره لعنا وهالعبارات كتير منن مستخدمن بالاحاديث اليوميه وبيعكسو جانب كبير من طريقه تفكير او ثقافه الناس هون بيامنوا فيها واللي بتهمون او منتمني تكونو حبيتو هالموضوع وتابعونا دايما بحلقات مميزه انا وزميلتي مريم عاللانغويج وايف
C:\Users\user\Desktop\audio\audio\038_episode-54-skit-sharing-household-chores\6698590-sharing-household-chores_chunk0000_000000000-000022839.wav,شكرا عالقهوه نبيل بتشهي اهلا وسهلا حياتي شو المشروع اليوم رح نلاقي ليلي وسليم عالغدا بالمطعم حد البحر عالساعه تنين بعد الظهر حلو المشروع بس قبل ما نضهر عنا واجبات نخلصن بالبيت بس اليوم احد نهايه الاسبوع يعني رياحه بعدين فينا نعملن بكرا
C:\Users\user\Desktop\audio\audio\038_episode-54-skit-sharing-household-chores\6698590-sharing-household-chores_chunk0001_000023879-000050319.wav,مش ضروري نتعب حالنا منعمل الاشيا البسيطه اليوم ومنقسم الشغل لنخلص بكير ومنروح عموعدنا معك حق اول شي فيك انت تجلي الجليات انا بهتم ب غسيل التياب ما في مشكله انا بجلي شو بعد لازم نعمل بعد الجلي رح شيل الغبرا عن الفرش بالصالون وبكنس ب مكنسه الكهربا
C:\Users\user\Desktop\audio\audio\038_episode-54-skit-sharing-household-chores\6698590-sharing-household-chores_chunk0002_000049799-000055560.wav,وانا رح مسح المطبخ فيك انت تطلع الزباله وتهتم ب فرزها
C:\Users\user\Desktop\audio\audio\038_episode-54-skit-sharing-household-chores\6698590-sharing-household-chores_chunk0003_000057305-000060135.wav,ايه انا بهتم بالموضوع وانا بحط اكل لل كلب
C:\Users\user\Desktop\audio\audio\038_episode-54-skit-sharing-household-chores\6698590-sharing-household-chores_chunk0004_000061159-000088789.wav,هيدا كل شي رح نعملو اليوم بس قبل ما نبلش تنظيف اليوم خلينا نفكر كيف فينا نوزع شغل البيت من فكره منيحه حتي مش كل مره نوزع الشغل هيك كل واحد بيعرف شغلو بلا ما التاني يقول شي خلينا نقسم الشغل حسب كل واحد شو بيعرف يعمل و بفضل يشتغل انا ما عندي مانع اجلي لنكون حقاويين كل يوم دور واحد منا عالجلي
C:\Users\user\Desktop\audio\audio\038_episode-54-skit-sharing-household-chores\6698590-sharing-household-chores_chunk0005_000089360-000092997.wav,ماشي كل واحد يهتم وانا بشيل غبرا و بكنس بمكنسه الكهربا كل الاوض وانا بهتم بغسيل ال تياب وتنضيف المطبخ
C:\Users\user\Desktop\audio\audio\038_episode-54-skit-sharing-household-chores\6698590-sharing-household-chores_chunk0006_000102120-000130360.wav,وبما انو تنايناتنا منحب الطبخ شو رايك كل اسبوع بيطبخ حدا منا بدل ما يكون كل حدا مننا دورو اسبوع خلينا نجرب اذا بذات النهار لما حدا منا يعمل الغدا التاني بيعمل العشا و العكس صحيح ونشوف اذا بتزبط ما في مشكله خلينا نجرب وفينا نعمل ذات الشي لل حمامات مننضفن تلات مرات بالاسبوع و كل مره بكون دور حدا
C:\Users\user\Desktop\audio\audio\038_episode-54-skit-sharing-household-chores\6698590-sharing-household-chores_chunk0007_000130440-000138126.wav,بوافقك وبعدين شغلتن بسيطه لانو الحمامين صغار وانا بحط الاكل للكلب و بمشيه عشيه
C:\Users\user\Desktop\audio\audio\038_episode-54-skit-sharing-household-chores\6698590-sharing-household-chores_chunk0008_000139271-000156150.wav,وانا بمشيه الصبح بكير لانو بوعا قبلك وبس نرجع من التمشايه بحطللو اكل وهيك منكون خلصنا توزيع الوظايف صار فينا نبلش وظايف اليوم لنقدر نروح عالغدا يلا رح بلش بالجليات وبعدين شيل غبرا و طلع الزباله وافرزها
C:\Users\user\Desktop\audio\audio\038_episode-54-skit-sharing-household-chores\6698590-sharing-household-chores_chunk0009_000158520-000168500.wav,وانا رح غسل الغسيلات وحط اكل للكلب انا بعتقد نحنا اروع فريق لشغل البيت يلا عالشغل لنلحق الغدا عالوقت
C:\Users\user\Desktop\audio\audio\039_episode-53-skit-job-interview\6567088-job-interview_chunk0000_000000319-000003140.wav,صباح الخير حضره المديره صباح الخير
C:\Users\user\Desktop\audio\audio\039_episode-53-skit-job-interview\6567088-job-interview_chunk0001_000004500-000029499.wav,تفضل اذا بتريد كيفك انا كتير منيح شكرا وحضرتك شكرا خالد انا منيحه كمان علي فكره مهضومه الكرافات شكلك بتحب الالوان ايه حتي لو لابس رسمي بحب يكون في شي ملون بتيابي مش غلط ابدا خبرني عنك شو درست ووين اشتغلت قبل
C:\Users\user\Desktop\audio\audio\039_episode-53-skit-job-interview\6567088-job-interview_chunk0002_000029500-000053500.wav,درست اتصالات بالجامعه اللبنانيه وبس خلصت اشتغلت سنتين بمسرح صغير براس بيروت بعدين سافرت عفرنسا كفيت ماجستير بالاتصالات ومن حظي اشتغلت أربعة سنين بمسرح بباريس كنت مساعد مدير الاتصالات بالمسرح بدراسه الاتصالات كان فيك تشتغل باي مجال تاني بس ليش نقيت المسرح
C:\Users\user\Desktop\audio\audio\039_episode-53-skit-job-interview\6567088-job-interview_chunk0003_000053720-000072689.wav,صح انا درست اتصالات بس عبر السنين حبيت المسرح وبلشت استعمل مهاراتي لوصل رساله المسرح للناس وحابب العب دور لنعزز دور واضح انك شغوف بمجال المسرح بس بهمني اعرف كيف رح تقوم بهيدي ال مهمه
C:\Users\user\Desktop\audio\audio\039_episode-53-skit-job-interview\6567088-job-interview_chunk0004_000075230-000081063.wav,لانو بالفعل ناقصنا شغل كتير بهالمجال وكيف رح تشتغل علي تعزيز الثقافه وال مسرح
C:\Users\user\Desktop\audio\audio\039_episode-53-skit-job-interview\6567088-job-interview_chunk0005_000084342-000112599.wav,العمل يلي بتنوضع كفريق عمل لازم تنكشف الثغرات و نقاط الضعف تبع المسرح ونشتغل علي اساسا يعني مثلا فينا نعزز وجود المسرح علي منصات التواصل الاجتماعي وبالاعلام ضروري التعاون مع مؤسسات عامه متل وزاره الثقافه والسياحه و جمعيات محليه ودوليه وكمان فينا نتعاون مع مسارح عالميه ورح تفيدك الخبره يللي اكتسبتا بفرنسا
C:\Users\user\Desktop\audio\audio\039_episode-53-skit-job-interview\6567088-job-interview_chunk0006_000112599-000139100.wav,المسرح بفرنسا مجال كتير فيو منافسه و احترافيه واستعمال التكنولوجيا بالاتصالات اساسي فالخبره يللي اكتسبتا بفرنسا بحب طبقا بلبنان وقريت ب سيرتك الذاتيه انو تطوعت ب عده جمعيات بلبنان خبرني عن تجربتك خلال دراستي الجامعيه تطوعت بجمعيه تعني بالاطفال ذوي الاحتياجات الخاصه
C:\Users\user\Desktop\audio\audio\039_episode-53-skit-job-interview\6567088-job-interview_chunk0007_000139180-000165600.wav,يوميا ساعه بعد الظهر او ساعتين حسب وقتي بقرالن قصص وبساعد بالتعليم والسنتين يللي اشتغلتن بلبنان قبل ما سافر تطوعت مع جمعيه بتنشر الوعي بين الشباب عن مفهوم المواطنه وحقوق وواجبات المواطن استفدت من هالتجربتين استفدت كتير المحلين كانو مدرسه لالي زاد وعيي وصرت ملم اكتر بالمجتمع
C:\Users\user\Desktop\audio\audio\039_episode-53-skit-job-interview\6567088-job-interview_chunk0008_000165919-000176399.wav,صرت اقرب للناس و افهمن اكثر مثلا فينا نصير نقدم فكره المسرح ل شريحه اكبر بالمجتمع متل للولاد ذوي الاحتياجات الخاصه
C:\Users\user\Desktop\audio\audio\039_episode-53-skit-job-interview\6567088-job-interview_chunk0009_000177820-000182020.wav,ومنكون عم نلعب دور اوسع وايجابي بالمجتمع
C:\Users\user\Desktop\audio\audio\039_episode-53-skit-job-interview\6567088-job-interview_chunk0010_000183553-000205037.wav,تحب تكون جزء من هيدا من فريق هيدا المسرح العريق يلي كنت اجي عليه من انا وصغير ممتاز خالد شكرا الك رح ادرس ملفك مع مجلس الاداره لانو هيدا المنصب كتير مهم ومنرجعلك بهالاسبوع بيحكوك من المكتب وبخبروك اذا انقبلت او لاء
C:\Users\user\Desktop\audio\audio\039_episode-53-skit-job-interview\6567088-job-interview_chunk0011_000205559-000227279.wav,واذا انقبلت رح يبعتولك العقد يللي بيحتوي علي المعاش و الدوام وغير تفاصيل لتطلع عليا وتمضي واذا عندك ايا استفسار بتتصل فينا تمام شكرا حضره المديره تشرفت بمعرفتك شكرا الك خالد انا كمان تشرفت بمعرفتك مع السلامه
C:\Users\user\Desktop\audio\audio\040_episode-52-skit-exploring-a-neighborhood\6286129-exploring-the-zuqaq-al-blat-neighborhood_chunk0000_000003866-000013899.wav,تكتشف واحده من قريه قديمه بيروت زقاق البلاط كانت مدرسه تالا هونيك لما كانت صغيره بس مرق وقت طويل من لما كانت هونيك اخر مره
C:\Users\user\Desktop\audio\audio\040_episode-52-skit-exploring-a-neighborhood\6286129-exploring-the-zuqaq-al-blat-neighborhood_chunk0001_000047482-000070775.wav,وهني وعم بكزدرو بالحي عم يناقشو تاريخ المنطقه ويمرقو عال معالم الشهيره تبع الحي تالا ما زالنا عم نمشي ببيروت شو رايك نفوت عزقاق البلاط ونستكشف المنطقه اكيد كنت دايما قول انو شي نهار بدي فوت اتمشي فيا لانو مدرستي كانت هونيك وصرلي زمان مش مارقه بالمنطقه يلا فاذا شي خمسة دقايق ومنوصل علي مدخل الشارع الرئييسي لزقاق البلاط انت بتعرف المنطقه انو دايما كنت امرق فيا بالسياره وكنت
C:\Users\user\Desktop\audio\audio\040_episode-52-skit-exploring-a-neighborhood\6286129-exploring-the-zuqaq-al-blat-neighborhood_chunk0002_000065566-000092941.wav,بتعرف انو بيت اهلا لفيروز بزقاق البلاط البيت يللي خلقت فيه فيروز ال مغنيه مزبوط فيروز الاسطوره يي شو حلو خلينا نفتش عبيت فيروز بعتقد البيت صار قريب لانو مره كنت مع صديقتي بالسياره و دلتني عليه بس مش شايفتو عن قرب
C:\Users\user\Desktop\audio\audio\040_episode-52-skit-exploring-a-neighborhood\6286129-exploring-the-zuqaq-al-blat-neighborhood_chunk0003_000093800-000100594.wav,تاريخيا زقاق البلاط كان يضم بيوت العائلات الارستقراطيه ببيروت متل ما شايف البيوت طابعا ارستقراطي نبني فيا قصور وسقوفا من ال قرميد
C:\Users\user\Desktop\audio\audio\040_episode-52-skit-exploring-a-neighborhood\6286129-exploring-the-zuqaq-al-blat-neighborhood_chunk0004_000105440-000118476.wav,اذا منكمل طلوع بعد ما نفرق عاليمين منوصل عبيت اول رئيس جمهوريه لبنان بعد الاستقلال الرئيس بشاره الخوري مبني علي الطراز التوسكاني ما بيشبه البيوت الباقيه مره
C:\Users\user\Desktop\audio\audio\040_episode-52-skit-exploring-a-neighborhood\6286129-exploring-the-zuqaq-al-blat-neighborhood_chunk0005_000120980-000140919.wav,كيف بتعرفي هلاد عن زقاق البلاط معلمه التاريخ كانت تخبرنا كتير عن المنطقه لانو المدرسه موجوده فيا بايه مدرسه كنتي انا كنت بالليسيه الفرنسيه نقلت عزقاق البلاط بال ألف و تسعمائة و ثمانية و عشرون طيب ليه سموه زقاق البلاط
C:\Users\user\Desktop\audio\audio\040_episode-52-skit-exploring-a-neighborhood\6286129-exploring-the-zuqaq-al-blat-neighborhood_chunk0006_000142250-000169615.wav,انبني هيدا الشارع علي ايام العثمانيين كان الشارع كتير ضيق سموه زقاق والحجاره السودا يللي كانت عالارض كان شكلا متل ال بلاط منشان هيك سموه زقاق البلاط ولا مره مفكر فيا مدارس قديمه كتير هون وبعرف انو بطرس البستاني اب النهضه العربيه اسس المدرسه الوطنيه فيا صح
C:\Users\user\Desktop\audio\audio\040_episode-52-skit-exploring-a-neighborhood\6286129-exploring-the-zuqaq-al-blat-neighborhood_chunk0007_000168615-000195779.wav,اجو كتير ارساليات اجنبيه بالقرن التاسع عشر مثلا الارساليين الاميركيين اسسو اول مدرسه لالن كانت معروفه بمدرسه الاميركان ومطبعتا والكنيسه الانجيليه واول ساعه ببيروت نوجدت ببرج جرسا اما المدرسه الوطنيه يللي اسسا بطرس البستاني كانت مدرسه علمانيه وكمان قريت انو فيه المدرسه السوريه البريطانيه
C:\Users\user\Desktop\audio\audio\040_episode-52-skit-exploring-a-neighborhood\6286129-exploring-the-zuqaq-al-blat-neighborhood_chunk0008_000168160-000169615.wav,صح
C:\Users\user\Desktop\audio\audio\040_episode-52-skit-exploring-a-neighborhood\6286129-exploring-the-zuqaq-al-blat-neighborhood_chunk0009_000196360-000197900.wav,وهلا صاراسما ثانويه الحريري ليك اتطلع عالشمال
C:\Users\user\Desktop\audio\audio\040_episode-52-skit-exploring-a-neighborhood\6286129-exploring-the-zuqaq-al-blat-neighborhood_chunk0010_000201700-000218779.wav,محلا فوق خلينا نكفي مشي وهيدا مسجد زقاق البلاط شكلو قديم كمان مزبوط قديم تعمر ب ألف و ثمانمائة و ثلاثة و تسعون الحلو والغني بالثقافه والتاريخ
C:\Users\user\Desktop\audio\audio\040_episode-52-skit-exploring-a-neighborhood\6286129-exploring-the-zuqaq-al-blat-neighborhood_chunk0011_000219993-000222858.wav,ما نبرم فيه منضل نكتشف فيه
C:\Users\user\Desktop\audio\audio\040_episode-52-skit-exploring-a-neighborhood\6286129-exploring-the-zuqaq-al-blat-neighborhood_chunk0012_000224957-000226974.wav,فعلا نحنا محظوظين عنا هال كنز الثقافي والتاريخي
C:\Users\user\Desktop\audio\audio\040_episode-52-skit-exploring-a-neighborhood\6286129-exploring-the-zuqaq-al-blat-neighborhood_chunk0013_000228185-000237940.wav,وانتي افضل مرشده سياحيه شكرا رامي هالمره ببلاش بس المره الجاي رح دفعك حق الجوله السياحيه يي ولو عم بمزح
C:\Users\user\Desktop\audio\audio\040_episode-52-skit-exploring-a-neighborhood\6286129-exploring-the-zuqaq-al-blat-neighborhood_chunk0014_000239875-000245806.wav,بالعكس كتير انبسطت انو فرجيتك المنطقه يللي قضيت فيا مرحله الدراسه الثانويه
C:\Users\user\Desktop\audio\audio\041_episode-51-skit-first-date\6270508-first-date_chunk0000_000014469-000015779.wav,مرحبا علا مرحبا كريم كيف عرفتني
C:\Users\user\Desktop\audio\audio\041_episode-51-skit-first-date\6270508-first-date_chunk0001_000208051-000209360.wav,شفتك عم تطلعي انت وفايته ف توقعت تكوني انت منيح انك عرفتني تشرفت بمعرفتك كيفك انا كمان تشرفت بمعرفتك انا منيحه وانت انا منيح بس اول مره بتعرف علي صبيه بهال طريقه
C:\Users\user\Desktop\audio\audio\041_episode-51-skit-first-date\6270508-first-date_chunk0002_000223287-000230220.wav,وانا ذات الشي بس صراحه لما الاصدقاء يصرو خلص ما في مهرب معك حق ما في مهرب انا صديقو لعلاء من نحنا و صغار يعني بيعرفني اكتر من ما اهلي بيعرفوني وانا قرابتو لعلاء يعني بما ان علاء يعرفنا اثنينتنا كثير منيح بعتقد فكره انو وليك ويننا خبريني عنك شو بتعملي انا مديره مدرسه وانت شو بتعمل بشتغل بال بنك مسؤول قسم خدمه الزبائن يييي يعني بتتحمل نقص زبونات هههه شغلي مش متل ما الناس بتتخيل علي اتصال مباشر مع الزباين وبتدخل اذا كان فيه ضروره وهيدا الشي ما بيصير كتير لانو فريقي اقوي فريق وعندن افضل مسؤول عم بمزح يا عليك شو متواضع واديش الك بتشتغل بالبنك شي خمسة عشر سنه بسرعه فعلا العمر بيقطع بسرعه ايييه اديش عمرك علا عمري ثلاثون سنه وانت انا عمري خمسة و ثلاثون سنه طيب خبريني اكتر عن حالك شو بتعملي من انا وصغيره بحب ركوب بروح بركب خيل كل نهايه اسبوع بوقت فراغي بالبيت بحضر افلام او بقرا وانت شو هواياتك حلو ركوب الخيل يا ريت تعلمتو انا بحب الموسيقي كتير بدق بيانو وعود وكمان بحب الرياضه اكتر شي بعمل يوغا حلو شكلك حدا رايق ركوب الخال مش صعب اذا عبالك فيك تجي معي شي نهار ع نادي الخيل يا ريت بستمني تمام منبقي منتفق عنهار ومنطلع وفينا نهايه اسبوع الجاي كمان سبت او احد فاذا اتفقنا في مجال اخد رقمك لنتواصل ونتفق عالنهار وكيف منلتقي هيدا رقمي ثلاثة اثنان و ثلاثون مليوناً و أربعمائة و أربعة و ثمانون ألفاً و أربعمائة و ستة و ثلاثون طيب الك زمان بتدق موسيقي من انا وعمري ست سنين بعتوني اهلي عال معهد العالي للموسيقي كنت حابب دق مع الاوركسترا الوطنيه بس تغير ال مخطط بعدين ومبسوط ب خيارك مبسوط لانه بحب شغلي هيدا اهم شي عندك مشاريع تانيه اليوم وعدت اصحابي نتلاقي بمحل قريب من هون بعد شي ساعه اهلا وسهلا فيك اذا بتحب تجي معي لا معليش ما بدي كون عم بزعج بركي بدك تمضي وقت مع اصحابك لالا ابدا ما في مشكله اصحابي ما بيمانعو و لزيزين كتير منيح بجي شوي بقعد معكن لنكسب وقت خلينا نطلب العشا شو رايك اكيد وانا بعرف شو بدي بعيطلو لل غارسون اكيد صار فينا نطلب
C:\Users\user\Desktop\audio\audio\042_episode-50-lebanons-defunct-train-system\6248089-history-of-lebanon-s-train-system_chunk0000_000000000-000015520.wav,بتخيل كتير مرات لو انا شي ممكن باخر اسبوع الشغل المتعب انا وزوجي مع شنطه صغيره فيا شويه غراض ناطرين رحله قطار طالعه من بيروت لوين
C:\Users\user\Desktop\audio\audio\042_episode-50-lebanons-defunct-train-system\6248089-history-of-lebanon-s-train-system_chunk0001_000017100-000018360.wav,عاي مكان
C:\Users\user\Desktop\audio\audio\042_episode-50-lebanons-defunct-train-system\6248089-history-of-lebanon-s-train-system_chunk0002_000019489-000022379.wav,قطار عالضيعه بالشمال او بالجنوب
C:\Users\user\Desktop\audio\audio\042_episode-50-lebanons-defunct-train-system\6248089-history-of-lebanon-s-train-system_chunk0003_000024225-000026753.wav,قطار عالشام يعني دمشق عاصمه سوريا او عاللادقيه عالبحر
C:\Users\user\Desktop\audio\audio\042_episode-50-lebanons-defunct-train-system\6248089-history-of-lebanon-s-train-system_chunk0004_000028520-000043299.wav,يعني رحله سياحيه سهله ورخيصه باخر الاسبوع او جمعه عيله ببيت الضيعه الحلو بعيد عن بيروت وعجقتا وابنيتا العاليه اللي بتحجب ضو الشمس بتحجب يعني بتخبيه او بتمنعنا نشوفوه
C:\Users\user\Desktop\audio\audio\042_episode-50-lebanons-defunct-train-system\6248089-history-of-lebanon-s-train-system_chunk0005_000046819-000071715.wav,ورخيصه يعني ما بتكلف كتير مصاري كتير ايام اهلنا بلحو علينا نطلع عالضيعه نقضي اخر الاسبوع معن يعني سبت واحد او بس يوم الاحد بس بهاليومين بتلاقي اغلب الناس طالعين بسياراتن علي ضيعن كمان يعني عجقه سير كتير كيبره
C:\Users\user\Desktop\audio\audio\042_episode-50-lebanons-defunct-train-system\6248089-history-of-lebanon-s-train-system_chunk0006_000072180-000096800.wav,مثلا اذا الطريق عالضيعه بياخد ساعه بصير بالعجقه بياخد ساعتين او اكتر وكمان فيه مصروف البنزين وتعب السواقه طلعه نزله كتير اسباب من هالنوع بتخليني انا وكتير ناس تانيين نتكاسل عن الطلعه عالضيعه او الروحه عاي مشوار بنهايه اسبوع الشغل
C:\Users\user\Desktop\audio\audio\042_episode-50-lebanons-defunct-train-system\6248089-history-of-lebanon-s-train-system_chunk0007_000098319-000123089.wav,بلحو يعني بيطلبو باصرار وما بيزهقو لحد ما نوافق ونتكاسل يعني نحس ما النا خلق او ما عنا طاقه نعمل شي شغله لهيك بضل بتخيل لو القطار بيرجع ومنصير نقدر نتحرك بسرعه وبكلفه اقل و جهد اقل بين كل مناطق لبنان وبدون ما نسبب عجقات كبيره عالطرقات
C:\Users\user\Desktop\audio\audio\042_episode-50-lebanons-defunct-train-system\6248089-history-of-lebanon-s-train-system_chunk0008_000123879-000146020.wav,كلفه بتعني cost بالانكليزي وجهد يعني effort عم قول بيرجع لان بالفعل كان فيه قطار بلبنان من زمان ولليوم بقايا السكه الحديديه او ال rail way موجوده بعده مناطق لبنانيه و بتشهد عهالمرحله من تاريخ لبنان
C:\Users\user\Desktop\audio\audio\042_episode-50-lebanons-defunct-train-system\6248089-history-of-lebanon-s-train-system_chunk0009_000147620-000173960.wav,مستمعيننا الاعزاء معكن مريم واكيدو حزرتو عن شو الحلقه اليوم صح الحلقه اليوم عن القطار بلبنان من وقت ما تاسس لحد ما توقف عن العمل صعب لما نفكر انو مع الزمن بدل ما يتقدم بلدنا ويتطور بكتير مطارح كان عم يرجع لورا ووحده منن موضوع القطار بلبنان
C:\Users\user\Desktop\audio\audio\042_episode-50-lebanons-defunct-train-system\6248089-history-of-lebanon-s-train-system_chunk0010_000173592-000198860.wav,افتتح رسميا اول خط قطار او سكه حديد بتربط بيروت بدمشق سنه ألف و ثمانمائة و خمسة و تسعون وكان بعدو لبنان بوقتا تحت الحكم العثماني وانتقل استثمار هالسكك بفتره قصيره من ناس لبنانيه لاشخاص فرنسيين وتدريجيا علي مدي السنين اللاحقه
C:\Users\user\Desktop\audio\audio\042_episode-50-lebanons-defunct-train-system\6248089-history-of-lebanon-s-train-system_chunk0011_000197860-000205679.wav,بلشت تتوسع سكه القطار لتربط طرابلس بعكار اللبنانيه وحمص السوريه
C:\Users\user\Desktop\audio\audio\042_episode-50-lebanons-defunct-train-system\6248089-history-of-lebanon-s-train-system_chunk0012_000206759-000232299.wav,وخط بيربط رياق اللبنانيه بحلب السوريه ومن بعدا باواخر مراحل الانتداب او الاحتلال الفرنسي للبنان و الانتداب او الاحتلال البريطاني لفلسطين صار في خط قطار بين طرابلس وحيفا الفلسطينيه وكمان بيربط بين الناقوره وبيروت بقلب لبنان الناقوره هي مدينه ب اقصي الجنوب علي الساحل اللبناني
C:\Users\user\Desktop\audio\audio\042_episode-50-lebanons-defunct-train-system\6248089-history-of-lebanon-s-train-system_chunk0013_000233460-000257465.wav,هالسكه او الخط ما طول كتير لان بسنه الألف و تسعمائة و ثمانية و أربعون ايام الحرب العربيه الاسرائيليه توقف هيدا الخط عن العمل أربعة خطوط نقل عالميه اشتهر فين لبنان و المنطقه بهيداك الوقت فبالاضافه لخطوط النقل اللي ذكرتن هلا كان في خط رابع هو طرابلس حماه وحماه هي مدينه بسوريا
C:\Users\user\Desktop\audio\audio\042_episode-50-lebanons-defunct-train-system\6248089-history-of-lebanon-s-train-system_chunk0014_000260739-000285700.wav,توسع القطار ليشمل تقريبا معظم المناطق اللبنانيه بالاضافه لخطوط بتوصل لبنان بالخارج ولاحقا بسنه ألف و تسعمائة و ستة و خمسون وبعهد الرئيس اللبناني فؤاد شهاب اشترت الدوله اللبنانيه خطوط سكك الحديد من الشركه الفرنسيه اللي كانت بتملكن وعملتلن تاميم
C:\Users\user\Desktop\audio\audio\042_episode-50-lebanons-defunct-train-system\6248089-history-of-lebanon-s-train-system_chunk0015_000286208-000294540.wav,تاميم يعني تحويل ملكيه خاصه لملكيه عامه بتعبير تاني بتصير قطاع عام
C:\Users\user\Desktop\audio\audio\042_episode-50-lebanons-defunct-train-system\6248089-history-of-lebanon-s-train-system_chunk0016_000297119-000324973.wav,وبالانكليزي بتعني nationalization وهي عكس ال privatization وبالتالي تاسست بلبنان مصلحه سكك حديد الدوله اللبنانيه والنقل المشترك لبيروت و ضواحيا لحتي تدير القطار ضل القطار بلبنان يشتغل وب امكانات متواضعه يعني قدرات و موارد قليله كونو ما تم تجديد شي فيه من وقت تاسيسو بايام سيطره السلطنه العثمانيه علبنان
C:\Users\user\Desktop\audio\audio\042_episode-50-lebanons-defunct-train-system\6248089-history-of-lebanon-s-train-system_chunk0017_000013393-000014956.wav,من
C:\Users\user\Desktop\audio\audio\042_episode-50-lebanons-defunct-train-system\6248089-history-of-lebanon-s-train-system_chunk0018_000326437-000335899.wav,صارت تكتر السيارات الخاصه بلبنان والدوله لقت انو الربح من سكك القطار ما عم يكون كتير
C:\Users\user\Desktop\audio\audio\042_episode-50-lebanons-defunct-train-system\6248089-history-of-lebanon-s-train-system_chunk0019_000337640-000364399.wav,فبقولو انو وقفت تمويل هالقطاع بوقتا و قل كتير عدد الموظفين فيه وبالتالي قلت الصيانه او يعني التصليحات اللي لازم تنعمل ليضل شغال وما يتعطل وبال ألف و تسعمائة و خمسة و سبعون بلشت الحرب الاهليه اللبنانيه وبسبب الحرب بطلت القطارات تنقل ركاب يعني بطلت تنقل ناس
C:\Users\user\Desktop\audio\audio\042_episode-50-lebanons-defunct-train-system\6248089-history-of-lebanon-s-train-system_chunk0020_000363399-000384739.wav,وضلت تشتغل بس لتنقل بضاعه يعني مواد تجاريه و حتي مش بنفس الوتيره وتيره بالانكليزي يعني pace لان صارت احداث الحرب يعني التفجيرات و القتال بالمناطق تطال او يعني توصل علي خطوط النقل
C:\Users\user\Desktop\audio\audio\042_episode-50-lebanons-defunct-train-system\6248089-history-of-lebanon-s-train-system_chunk0021_000390920-000419082.wav,طال القصف الاسرائيلي سكك القطار بالجنوب اجتياح بالانكليزي يعني invasion وبقلب هال فوضي بسنين فعلا سودا بتاريخ لبنان تم سرقه اجزاء من سكه القطار و تهريبا لخارج لبنان حتي تنباع برا وحتي مشاريع اعاده تاهيل او تصليح القطار بهالفتره وقفت بوجا الحرب الاسرائيليه علي لبنان بوقتا
C:\Users\user\Desktop\audio\audio\042_episode-50-lebanons-defunct-train-system\6248089-history-of-lebanon-s-train-system_chunk0022_000418679-000443640.wav,وما تكمل ولا واحد من هالمشاريع توقف القطار عن العمل كليا بسنه ألف و تسعمائة و تسعة و ثمانون بظل حرب اهليه وحرب خارجيه علي لبنان وضل الوضع هيك لسنه ال ألف و تسعمائة و واحد و تسعون يعني السنه اللي اعلن فيا رسميا عن انتهاء الحرب الاهليه اللبنانيه و بوقتا
C:\Users\user\Desktop\audio\audio\042_episode-50-lebanons-defunct-train-system\6248089-history-of-lebanon-s-train-system_chunk0023_000444224-000473100.wav,اطلقت الدوله اللبنانيه اول رحله قطار من جديد بين جونيه وجبيل سمتا قطار السلام كاعلان رسمي عن انتهاء الحرب الاهليه بقي خط القطار هيدا الوحيد اللي رجع ينقل ركاب بين الدوره وجونيه وجبيل لمده سنه تقريبا قبل ما يرجع يوقف وتكون هيدي نهايه رحلات القطار بلبنان
C:\Users\user\Desktop\audio\audio\042_episode-50-lebanons-defunct-train-system\6248089-history-of-lebanon-s-train-system_chunk0024_000473062-000475348.wav,معظمنا بيتحسر
C:\Users\user\Desktop\audio\audio\042_episode-50-lebanons-defunct-train-system\6248089-history-of-lebanon-s-train-system_chunk0025_000476920-000499739.wav,وبدل ما نجددو خسرناه كليا بيتحسر يعني بيزعل وبيتمني يرجع بعدا لليوم محطات القطار المتوزعه بمختلف المناطق اللبنانيه وبقايا السكك والقطارات اللي اكلا الصدا موجوده كتحفه اثريه اندمجت بالطبيعه
C:\Users\user\Desktop\audio\audio\042_episode-50-lebanons-defunct-train-system\6248089-history-of-lebanon-s-train-system_chunk0026_000504394-000528725.wav,الصدا بالانكليزي يعني rust واندمجت يعني اتداخلت بشي وصارت كانا جزء منو وبالانكليزي يعني merged لبنان لازم عربات قطار طالع الشجر بقلبن و منغرسين بالارض وسكك حديد خبت معظم اجزاءن الاعشاب البريه محطه قطار نهر ابراهيم الواقفه بالزمن
C:\Users\user\Desktop\audio\audio\042_episode-50-lebanons-defunct-train-system\6248089-history-of-lebanon-s-train-system_chunk0027_000531599-000559988.wav,كتير لبنانيين كبار بالعمر بيتذكرو ب طفولتن هالقطارات خاصه اللي كانت تمرق سكه القطار قريب من بيوتن وكيف كانو يركضو عال شباك ليشوفو القطار مارق وقت يسمعو صوت زمورو بالانكليزي يعني horn هيدي كانت قصه مختصره لتاريخ القطار بلبنان واللي انا شخصيا بتمني كتير انو نرجع ناسس هالقطاع
C:\Users\user\Desktop\audio\audio\042_episode-50-lebanons-defunct-train-system\6248089-history-of-lebanon-s-train-system_chunk0028_000560280-000588967.wav,وكنت كل مره اركب فيا باي نوع قطار ببلد زورو اتحسر وقول يا ريت منقدر نرجع نبني اللي خسرناه و ضيعتو مننا الحروب وكتير عوامل تانيه ضلو بخير وخبروني بالتعليقات اذا عم تحبو مواضيع الحلقات او اذا عندكن اقتراح لاشيا تانيه بتحبو نحكي عنا وتابعوني دايما بحلقات متنوعه ومشوقه عاللانغويج وايف
C:\Users\user\Desktop\audio\audio\042_episode-50-lebanons-defunct-train-system\6248089-history-of-lebanon-s-train-system_chunk0029_000000000-000018360.wav,بتخيل كتير مرات لو انا شي ممكن باخر اسبوع الشغل المتعب انا وزوجي مع شنطه صغيره فيا شويه غراض ناطرين رحله قطار طالعه من بيروت لوين عاي مكان
C:\Users\user\Desktop\audio\audio\042_episode-50-lebanons-defunct-train-system\6248089-history-of-lebanon-s-train-system_chunk0030_000019489-000022379.wav,قطار عالضيعه بالشمال او بالجنوب
C:\Users\user\Desktop\audio\audio\042_episode-50-lebanons-defunct-train-system\6248089-history-of-lebanon-s-train-system_chunk0031_000024225-000026753.wav,قطار عالشام يعني دمشق عاصمه سوريا او عاللادقيه عالبحر
C:\Users\user\Desktop\audio\audio\042_episode-50-lebanons-defunct-train-system\6248089-history-of-lebanon-s-train-system_chunk0032_000028520-000043299.wav,يعني رحله سياحيه سهله ورخيصه باخر الاسبوع او جمعه عيله ببيت الضيعه الحلو بعيد عن بيروت وعجقتا وابنيتا العاليه اللي بتحجب ضو الشمس بتحجب يعني بتخبيه او بتمنعنا نشوفوه
C:\Users\user\Desktop\audio\audio\042_episode-50-lebanons-defunct-train-system\6248089-history-of-lebanon-s-train-system_chunk0033_000046819-000071715.wav,ورخيصه يعني ما بتكلف كتير مصاري كتير ايام اهلنا بلحو علينا نطلع عالضيعه نقضي اخر الاسبوع معن يعني سبت واحد او بس يوم الاحد بس بهاليومين بتلاقي اغلب الناس طالعين بسياراتن علي ضيعن كمان يعني عجقه سير كتير كيبره
C:\Users\user\Desktop\audio\audio\042_episode-50-lebanons-defunct-train-system\6248089-history-of-lebanon-s-train-system_chunk0034_000072180-000085519.wav,مثلا اذا الطريق عالضيعه بياخد ساعه بصير بالعجقه بياخد ساعتين او اكتر وكمان فيه مصروف البنزين وتعب السواقه طلعه نزله
C:\Users\user\Desktop\audio\audio\042_episode-50-lebanons-defunct-train-system\6248089-history-of-lebanon-s-train-system_chunk0035_000108900-000135960.wav,لهيك بضل بتخيل لو القطار بيرجع ومنصير نقدر نتحرك بسرعه وبكلفه اقل وجهد اقل بين كل مناطق لبنان وبدون ما نسبب عجقات كبيره عالطرقات كلفه بتعني cost بالانكليزي وجهد يعني effort عم قول بيرجع لان بالفعل كان فيه قطار بلبنان من زمان
C:\Users\user\Desktop\audio\audio\042_episode-50-lebanons-defunct-train-system\6248089-history-of-lebanon-s-train-system_chunk0036_000134960-000146020.wav,ولليوم بقايا السكه الحديديه او ال rail way موجوده بعده مناطق لبنانيه وبتشهد عهالمرحله من تاريخ لبنان
C:\Users\user\Desktop\audio\audio\042_episode-50-lebanons-defunct-train-system\6248089-history-of-lebanon-s-train-system_chunk0037_000159639-000187002.wav,صعب لما نفكر انو مع الزمن بدل ما يتقدم بلدنا ويتطور بكتير مطارح كان عم يرجع لورا ووحده منن موضوع القطار بلبنان افتتح رسميا اول خط قطار او سكه حديد بتربط بيروت بدمشق سنه ألف و ثمانمائة و خمسة و تسعون وكان بعدو لبنان بوقتا تحت الحكم العثماني
C:\Users\user\Desktop\audio\audio\042_episode-50-lebanons-defunct-train-system\6248089-history-of-lebanon-s-train-system_chunk0038_000186559-000205679.wav,وانتقل استثمار هالسكك بفتره قصيره من ناس لبنانيه لاشخاص فرنسيين وتدريجيا علي مدي السنين اللاحقه بلشت تتوسع سكه القطار لتربط طرابلس بعكار اللبنانيه وحمص السوريه
C:\Users\user\Desktop\audio\audio\042_episode-50-lebanons-defunct-train-system\6248089-history-of-lebanon-s-train-system_chunk0039_000206759-000232299.wav,وخط بيربط رياق اللبنانيه بحلب السوريه ومن بعدا باواخر مراحل الانتداب او الاحتلال الفرنسي للبنان والانتداب او الاحتلال البريطاني لفلسطين صار في خط قطار بين طرابلس وحيفا الفلسطينيه وكمان بيربط بين الناقوره وبيروت بقلب لبنان الناقوره هي مدينه باقصي الجنوب علي الساحل اللبناني
C:\Users\user\Desktop\audio\audio\042_episode-50-lebanons-defunct-train-system\6248089-history-of-lebanon-s-train-system_chunk0040_000233460-000257465.wav,هالسكه او الخط ما طول كتير لان بسنه الألف و تسعمائة و ثمانية و أربعون ايام الحرب العربيه الاسرائيليه توقف هيدا الخط عن العمل أربعة خطوط نقل عالميه اشتهر فين لبنان والمنطقه بهيداك الوقت فبالاضافه لخطوط النقل اللي ذكرتن هلا كان في خط رابع هو طرابلس حماه وحماه هي مدينه بسوريا
C:\Users\user\Desktop\audio\audio\042_episode-50-lebanons-defunct-train-system\6248089-history-of-lebanon-s-train-system_chunk0041_000260739-000285700.wav,توسع القطار ليشمل تقريبا معظم المناطق اللبنانيه بالاضافه لخطوط بتوصل لبنان بالخارج ولاحقا بسنه ألف و تسعمائة و ستة و خمسون وبعهد الرئيس اللبناني فؤاد شهاب اشترت الدوله اللبنانيه خطوط سكك الحديد من الشركه الفرنسيه اللي كانت بتملكن وعملتلن تاميم
C:\Users\user\Desktop\audio\audio\042_episode-50-lebanons-defunct-train-system\6248089-history-of-lebanon-s-train-system_chunk0042_000286208-000294540.wav,تاميم يعني تحويل ملكيه خاصه لملكيه عامه بتعبير تاني بتصير قطاع عام
C:\Users\user\Desktop\audio\audio\042_episode-50-lebanons-defunct-train-system\6248089-history-of-lebanon-s-train-system_chunk0043_000297119-000324973.wav,وبالانكليزي بتعني nationalization وهي عكس ال privatization وبالتالي تاسست بلبنان مصلحه سكك حديد الدوله اللبنانيه والنقل المشترك لبيروت وضواحيا لحتي تدير القطار ضل القطار بلبنان يشتغل وبامكانات متواضعه يعني قدرات وموارد قليله كونو ما تم تجديد شي فيه من وقت تاسيسو بايام سيطره السلطنه العثمانيه علبنان
C:\Users\user\Desktop\audio\audio\042_episode-50-lebanons-defunct-train-system\6248089-history-of-lebanon-s-train-system_chunk0044_000013393-000014956.wav,من
C:\Users\user\Desktop\audio\audio\042_episode-50-lebanons-defunct-train-system\6248089-history-of-lebanon-s-train-system_chunk0045_000326437-000335899.wav,صارت تكتر السيارات الخاصه بلبنان والدوله لقت انو الربح من سكك القطار ما عم يكون كتير
C:\Users\user\Desktop\audio\audio\042_episode-50-lebanons-defunct-train-system\6248089-history-of-lebanon-s-train-system_chunk0046_000337640-000351040.wav,فبقولو انو وقفت تمويل هالقطاع بوقتا وقل كتير عدد الموظفين فيه وبالتالي قلت الصيانه او يعني التصليحات اللي لازم تنعمل ليضل شغال وما يتعطل
C:\Users\user\Desktop\audio\audio\042_episode-50-lebanons-defunct-train-system\6248089-history-of-lebanon-s-train-system_chunk0047_000353033-000376339.wav,وبالألف و تسعمائة و خمسة و سبعون بلشت الحرب الاهليه اللبنانيه وبسبب الحرب بطلت القطارات تنقل ركاب يعني بطلت تنقل ناس وضلت تشتغل بس لتنقل بضاعه يعني مواد تجاريه وحتي مش بنفس الوتيره وتيره بالانكليزي يعني pace
C:\Users\user\Desktop\audio\audio\042_episode-50-lebanons-defunct-train-system\6248089-history-of-lebanon-s-train-system_chunk0048_000375339-000384739.wav,لان صارت احداث الحرب يعني التفجيرات والقتال بالمناطق تطال او يعني توصل علي خطوط النقل
C:\Users\user\Desktop\audio\audio\042_episode-50-lebanons-defunct-train-system\6248089-history-of-lebanon-s-train-system_chunk0049_000390920-000419082.wav,طال القصف الاسرائيلي سكك القطار بالجنوب اجتياح بالانكليزي يعني invasion وبقلب هالفوضي بسنين فعلا سودا بتاريخ لبنان تم سرقه اجزاء من سكه القطار وتهريبا لخارج لبنان حتي تنباع برا وحتي مشاريع اعاده تاهيل او تصليح القطار بهالفتره وقفت بوجا الحرب الاسرائيليه علي لبنان بوقتا
C:\Users\user\Desktop\audio\audio\042_episode-50-lebanons-defunct-train-system\6248089-history-of-lebanon-s-train-system_chunk0050_000418679-000443640.wav,وما تكمل ولا واحد من هالمشاريع توقف القطار عن العمل كليا بسنه ألف و تسعمائة و تسعة و ثمانون بظل حرب اهليه وحرب خارجيه علي لبنان وضل الوضع هيك لسنه ال ألف و تسعمائة و واحد و تسعون يعني السنه اللي اعلن فيا رسميا عن انتهاء الحرب الاهليه اللبنانيه وبوقتا
C:\Users\user\Desktop\audio\audio\042_episode-50-lebanons-defunct-train-system\6248089-history-of-lebanon-s-train-system_chunk0051_000444224-000473100.wav,اطلقت الدوله اللبنانيه اول رحله قطار من جديد بين جونيه وجبيل سمتا قطار السلام كاعلان رسمي عن انتهاء الحرب الاهليه بقي خط القطار هيدا الوحيد اللي رجع ينقل ركاب بين الدوره وجونيه وجبيل لمده سنه تقريبا قبل ما يرجع يوقف وتكون هيدي نهايه رحلات القطار بلبنان
C:\Users\user\Desktop\audio\audio\042_episode-50-lebanons-defunct-train-system\6248089-history-of-lebanon-s-train-system_chunk0052_000473062-000475348.wav,معظمنا بيتحسر
C:\Users\user\Desktop\audio\audio\042_episode-50-lebanons-defunct-train-system\6248089-history-of-lebanon-s-train-system_chunk0053_000476920-000485480.wav,وبدل ما نجددو خسرناه كليا بيتحسر يعني بيزعل وبيتمني يرجع
C:\Users\user\Desktop\audio\audio\042_episode-50-lebanons-defunct-train-system\6248089-history-of-lebanon-s-train-system_chunk0054_000511163-000537900.wav,لبنان لازم عربات قطار طالع الشجر بقلبن ومنغرسين بالارض وسكك حديد خبت معظم اجزاءن الاعشاب البريه وساعه محطه قطار نهر ابراهيم الواقفه بالزمن عند الساعه وحده وأربعون دقيقه كتير لبنانيين كبار بالعمر بيتذكرو بطفولتن هالقطارات
C:\Users\user\Desktop\audio\audio\042_episode-50-lebanons-defunct-train-system\6248089-history-of-lebanon-s-train-system_chunk0055_000537599-000565167.wav,خاصه اللي كانت تمرق سكه القطار قريب من بيوتن وكيف كانو يركضو عالشباك ليشوفو القطار مارق وقت يسمعو صوت زمورو بالانكليزي يعني horn هيدي كانت قصه مختصره لتاريخ القطار بلبنان واللي انا شخصيا بتمني كتير انو نرجع ناسس هالقطاع وكنت كل مره اركب فيا باي نوع قطار ببلد زورو
C:\Users\user\Desktop\audio\audio\042_episode-50-lebanons-defunct-train-system\6248089-history-of-lebanon-s-train-system_chunk0056_000564599-000573890.wav,اتحسر وقول يا ريت منقدر نرجع نبني اللي خسرناه وضيعتو مننا الحروب وكتير عوامل تانيه
C:\Users\user\Desktop\audio\audio\043_episode-49-expressions-for-life-events\6131209-situational-expressions_chunk0000_000000000-000005073.wav,مرحبا اهلا وسهلا فيكن بحلقه جديده من لانغويج وايف
C:\Users\user\Desktop\audio\audio\043_episode-49-expressions-for-life-events\6131209-situational-expressions_chunk0001_000006320-000024200.wav,انا لين وبحلقه اليوم رح خبركن عن بعض ال تعابير وال جمل اللبنانيه يلي بتنقال بعده مناسبات يعني شو منقول بكل مناسبه وبشو منرد
C:\Users\user\Desktop\audio\audio\043_episode-49-expressions-for-life-events\6131209-situational-expressions_chunk0002_000024991-000044487.wav,اجمالا اللبناني معروف عنو انو من صفاتو الذوق و الاخلاق وبطبعو اجتماعي وبحب التواصل مع كل يلي بيعرفن وكمان بحب يبني علاقات كتيره مع ناس جداد
C:\Users\user\Desktop\audio\audio\043_episode-49-expressions-for-life-events\6131209-situational-expressions_chunk0003_000045180-000068040.wav,وحتي يضل هالتواصل مستمر بيناتن بصيرو يزورو بعض بكل المناسبات ولان اللبناني اجمالا مشهور بالحكي الحلو والمذوق بياخد معو هديه مناسبه لكل زياره بيعملا بالمناسبات
C:\Users\user\Desktop\audio\audio\043_episode-49-expressions-for-life-events\6131209-situational-expressions_chunk0004_000067928-000090364.wav,وبقولو لبعض عبارات وجمل بتزيد الالفه والمحبه بين بعض اول شي رح عرفكن علي بعض المناسبات اللبنانيه بهالمناسبات في كتير عبارات وجمل متنوعه مناسبه فينا نقولا
C:\Users\user\Desktop\audio\audio\043_episode-49-expressions-for-life-events\6131209-situational-expressions_chunk0005_000090239-000110945.wav,واليوم رح خبركن عن كم عباره من هالعبارات وشو هي بعض العبارات اللي فينا نرد فين رح نحكي عن بعض القصص اللي فينا نقولا بحياتنا اذا صادفت وكان عنا عرس
C:\Users\user\Desktop\audio\audio\043_episode-49-expressions-for-life-events\6131209-situational-expressions_chunk0006_000230559-000233226.wav,ولاده طفل
C:\Users\user\Desktop\audio\audio\043_episode-49-expressions-for-life-events\6131209-situational-expressions_chunk0007_000357000-000358955.wav,عزا
C:\Users\user\Desktop\audio\audio\043_episode-49-expressions-for-life-events\6131209-situational-expressions_chunk0008_000476066-000477955.wav,نجاح نقله علي بيت جديد حدا مريض
C:\Users\user\Desktop\audio\audio\043_episode-49-expressions-for-life-events\6131209-situational-expressions_chunk0009_000525627-000542427.wav,اعياد ميلاد و اعياد دينيه وغيرا من مناسبات الاعراس هي من اهم المناسبات اللبنانيه يلي بتصير وبما انو اللبناني اجمالا بحب الفرح والبسط الاعراس بكون الا اهتمام كبير عند اللبنانيه واللبناني بحب يكون عرسو من احلي الاعراس حتي تضل الناس تحكي عنو بكل القعدات والمناسبات و اوقات بكون مستعد انو يتدين بس لحتي يطلع العرس مميز وتكون العروس باحلي طله العرس عاده بينعمل ب قاعات كبيره ليعزمو عليا اكبر عدد من ال معارف والقرايب والاصحاب والجيران وبعد العرس بكم يوم بحددو العرسان موعد للتهنئه محملين بالهدايا الله يهنيكن علي يعني الصبايا والشباب عقبال ما نفرح عقبال ما نفرح المناسبه التانيه هي ولاده طفل جديد بس يولد طفل جديد بيجو الاهل والاصحاب ليهنو اهل الطفل وبالعاده بجيبو معن الهدايا المناسبه للام او للطفل او للتنين سوا وبهنو الام و البي بالمولود الجديد والست بتكون فرحانه وعم بتضيف مغلي والمغلي بياكلو اللبناني بالعاده بمناسبات الولاده وهو عباره عن رز ناعم سكر كراويه ومي بضلو يحركو الخليط لحتي يصير جامد و بينصب بالكاسات وبينرش علي وجو جوز هند كاجو لوز جوز فستق حلبي وصنوبر و بعد ما يخلصو اكل المغلي بقولو لام وبي المولود مبارك ما اجاكن يتربي بعزكن وبقولو للام الحمدلله علي السلامه والام والبي بيردو علين ب شكرا لزيارتكن وان شاء الله منزوركن بمناسبه حلوه متل هالمناسبه وكمان فين ردوا عالمتزوجه بيه عقبال عندك والمناسبه الثالثه لليوم هي العزا اللبناني ما بيوقف مع اهلو و اصحابو بس بالافراح والمناسبات الحلوه كمان بالاحزان و الاوقات الصعبه وقت يتوفي حدا قريب بيجو الاهل والجيران والاصحاب بعزو وبيوقفو حد اهل الميت وبقدمو القهوه وبيتلقو التعازي بعد ما الكل يلبس تيابو السودا وبقولو لاهل الميت العوض بسلامتك الله يرحمو والرد عاده بكون الله يسلمك او يخليلك حبابك المناسبه الرابعه بتكون وقتا عيله تنتقل علي بيت جديد كمان المعارف والاهل بيجو لزياره صاحب البيت مباركه والله يهنيكن والرد بكون كلكن ذوق و شكرا لزيارتكن المناسبه الخامسه هي المرض من الواجب ومن العادات الاجتماعيه انه نزور المريض ونقله كلمات وعبارات فبالعاده الاهل والاصحاب بزورو المريض وبياخدو معن الورد او شوكولا او هديه مناسبه للمريض ومن المعروف انو زياره المريض بتكون قصيره بحاولو يخففو عن المريض ويقولولو حكي بيرفع من معنوياتو وقبل ما يفلو بقولولو الحمدلله عالسلامه او تقوم بالسلامه معافي ان شاء الله الله بتشوفوا ولادكن من المتفوقين او الله المناسبه السادسه هي نجاح تلميذ بالشهاده الرسميه او الجامعيه بحب العلم وبشجع علي التعلم وكسب الشهادات فبيهتم بزياره الناجح خلال الزياره عاده عقبال الاعلي ونشوفك او نشوفك باعلي المراتب شكرا ولادكن من المتفوقين او المناسبه السابعه هي اعياد الميلاد اعياد الميلاد هي من المناسبات المهمه يلي بينطرا الشخص وخاصه الولاد من سنه لسنه والاهل بيجهزولها لحتي يكون
C:\Users\user\Desktop\audio\audio\043_episode-49-expressions-for-life-events\6131209-situational-expressions_chunk0010_000547520-000556099.wav,بالعاده بتكون اعياد الميلاد بقاعه مخصصه لهالمناسبه او بتكون بالبيت الاهل والاصحاب وبعد ما يجتمعو و يطفو الشمعات
C:\Users\user\Desktop\audio\audio\043_episode-49-expressions-for-life-events\6131209-situational-expressions_chunk0011_000568139-000592840.wav,بغنو سنه حلوه يا جميل و بقدمو الهدايا لصاحب عيد الميلاد وبياكلو التبوله وال معجنات وال عصير والكيك وبعدين بيرقصو و بيلعبو وبقولو لصاحب عيد الميلاد كل عام وانت بخير او وانت بخير عقبال الميه
C:\Users\user\Desktop\audio\audio\043_episode-49-expressions-for-life-events\6131209-situational-expressions_chunk0012_000593380-000605665.wav,وما ننسي الاعياد الدينيه يلي بيحرصو اللبنانيه علي انو يزورو بعضن فيا وبيقولو كل عام وانتو بخير والرد بكون وانتو بخير
C:\Users\user\Desktop\audio\audio\043_episode-49-expressions-for-life-events\6131209-situational-expressions_chunk0013_000608340-000624840.wav,ومع هالمناسبه منكون ختمنا حلقتنا ومنكون تعرفنا علي بعض المناسبات وشو بصير فيا باختصار وشو هي بعض العبارات يلي بتنقال بهيك مناسبه وشو ممكن تكون بعض العبارات اللي فينا نرد فيا
C:\Users\user\Desktop\audio\audio\043_episode-49-expressions-for-life-events\6131209-situational-expressions_chunk0014_000632260-000635673.wav,بكل مناسبه من دون
C:\Users\user\Desktop\audio\audio\043_episode-49-expressions-for-life-events\6131209-situational-expressions_chunk0015_000637848-000648179.wav,وانتو شو اكتر مناسبه بتحبوا وبمناسبه نهايه حلقتنا بشوفكن بحلقه جديده من لانغويج وايف مع السلامه
C:\Users\user\Desktop\audio\audio\044_episode-48-colloquial-lebanese-words-2\6019618-colloquial-lebanese-words-part-2_chunk0000_000000048-000025453.wav,مرحبا واهلا وسهلا فيكن بحلقه جديده من لانغويج وايف انا لين واليوم حلقتنا حتكون كماله لحلقه سابقه خبرتكن فيا وقتا عن عشرون كلمه بتنقال باللهجه اللبنانيه العاميه اليوم حابه كفي معكن ب عشرون كلمه جديده لتستفيدو اكتر
C:\Users\user\Desktop\audio\audio\044_episode-48-colloquial-lebanese-words-2\6019618-colloquial-lebanese-words-part-2_chunk0001_000026584-000055342.wav,وتصيرو تفهمو وتحكو اللهجه العاميه بشكل اسرع وتقدرو تتواصلو مع رفقاتكن واهلكن ومعارفكن اللي بيحكو لبناني بحلقه اليوم رح خبركن عن عشرين كلمه جديده شو معناه كل كلمه
C:\Users\user\Desktop\audio\audio\044_episode-48-colloquial-lebanese-words-2\6019618-colloquial-lebanese-words-part-2_chunk0002_000014433-000016089.wav,ايمتا بتنقال
C:\Users\user\Desktop\audio\audio\044_episode-48-colloquial-lebanese-words-2\6019618-colloquial-lebanese-words-part-2_chunk0003_000046550-000075332.wav,وكيف فيكن تستعملوا بالحكي لما بدكن تتواصلو مع ايه شخص لبناني اول كلمه لليوم هي مزنطر وهي بتعني بيمشي مع صيحات الموضه وبيلبس او بتلبس تياب جريئه وبما انو اللبناني مزنطر بلبسو فينا نقول هالبنت شو مزنطره بلبسا بتحب دايما تلبس عالموضه
C:\Users\user\Desktop\audio\audio\044_episode-48-colloquial-lebanese-words-2\6019618-colloquial-lebanese-words-part-2_chunk0004_000077224-000080099.wav,كلمه هي تصطفل
C:\Users\user\Desktop\audio\audio\044_episode-48-colloquial-lebanese-words-2\6019618-colloquial-lebanese-words-part-2_chunk0005_000082139-000099699.wav,بتنقال لما الواحد ينصح شخص وما يرد عليه و يسمع نصيحتو فمثلا منقول انا نصحتك تلبس جاكيت بس ما رديت علي واخدت برد و مرضت تصطفل
C:\Users\user\Desktop\audio\audio\044_episode-48-colloquial-lebanese-words-2\6019618-colloquial-lebanese-words-part-2_chunk0006_000101699-000127220.wav,الكلمه التالته هي ليك وبتعني اتطلع او انظر بتنقال لما بدي اطلب من شخص يتطلع عمكان معين فمثلا منقدر نقول ليك هالسياره ما احلاها الكلمه الرابعه هي جوره وهي بتعني حفره
C:\Users\user\Desktop\audio\audio\044_episode-48-colloquial-lebanese-words-2\6019618-colloquial-lebanese-words-part-2_chunk0007_000128003-000134957.wav,بلبنان في كتير جور واللي هي جمع جوره يعني في كتير
C:\Users\user\Desktop\audio\audio\044_episode-48-colloquial-lebanese-words-2\6019618-colloquial-lebanese-words-part-2_chunk0008_000136205-000141163.wav,فكثير منسمع عالم عم بتقول في جوره قدامك
C:\Users\user\Desktop\audio\audio\044_episode-48-colloquial-lebanese-words-2\6019618-colloquial-lebanese-words-part-2_chunk0009_000597728-000599273.wav,انتبه توقع فيا وفينا كمان نقول سوق عمهلك بهيدا الشارع لانو في كتير جور الكلمه الخامسه هي فل فل بتعني بعد عن مكان او محل معين هالكلمه بتنقال لما اطلب من شخص يترك المكان اللي هو فيه او لما انا اترك المكان فمثلا فينا نقول فل قبل ما تجي الناظره وتشوفك بال ملعب بوقت الحصه وكمان فينا نقول رح فل عالبيت تاخرت صارت الساعه أحد عشر الكلمه اللبنانيه العاميه السادسه لليوم هي روح وهي بتعني بالفصحه اذهب فمثلا منقدر نقول روح جبلي غراض من الدكانه وفينا كمان نقول الكلمه السابعه هي مبلا مبلا يعني ايه او نعم هالكلمه بتنقال لما بدنا ناكد علي فمثلا اذا حدا سالني طلبتي اكل علي وجاي الديليفيري عالطريق الكلمه اللبنانيه التامنه لليوم هي صباط كلمه صباط بتعني حذاء اجمالا بكون حذاء رجالي فمثلا فينا نقول اشتريت مبارح صباط من المحل يلي باخر الشارع الكلمه التاسعه لليوم هي سكربينه و سكربينه هي كمان نوع من الاحذيه عاده بيلبسوا البنات فمثلا منقول والكلمه العاشره هي بعلمي لتعبر عن فكره علي ما اظن بيقولها الشخص لما يكون مش ماكد قراها ف اوقات منقول بعلمي انو جيراننا بطلو ساكنين بالحي الكلمه الحدعش هي جنينه وجنينه بتعني حديقه زرعت الجنينه يلي والكلمه اللبنانيه العاميه الطنعش لليوم هي حدي وهالكلمه بتعني جنبي فمثلا اوقات منستعملا وقت نقول شي متل طلع جارنا ابو مازن ساكن حدي بالبنايه يلي جنبي وفينا كمان نقول هي جاي بتعني بالفصحه اللي نحنا فيه يعني يقصدنا جارتي اليوم تشرب قهوه هي عجقه سير وهي بلبنان فدايما في عنا عجقه سير بالطرقات فكيف ما فاوقات بتسمع اللبناني عم بقول اليوم علقت بعجقه سير وتاخرت عن شغلي الكلمه اللبنانيه الخمسطعش لليوم هي شو بيك بتعني بالفصحي مابك وبتستعمل لتنقل لحدا لنسال عن حالته وقت يكون مش علي لحدا معصب مثلا او تعبان او حتي مبسوط نقول شو ليه معصب مين مضايقك الكلمه السطعش هي مشوب فبتعلي درجه حراره جسمنا اليوم الطقس كتير شوب عم فكر انزل وكمان اوقات بيقولا اللبناني تيعبر عن تعصيبو او انو ما بقا قادر يصبر فمثلا منقول شوبت معي عالاخر الكلمه الثالثه هي مقهور بتعني زعلان او حزين فمثلا فينا نقول انا كتير مقهوره من الوضع بلبنان نقول انا كتير لليوم هي شو يعني وقتا عن فمثلا فينا نقول او شو معك بالشنطه نسال شو شو صار معك شو في ما في من كتير اسئله بنستعمل فيها كلمه الكلمه التسعطعش هي زيح زيح بتعني بعد بدنا نطلب من حدا انه يبعد شي زيح الكرسي من والكلمه اللبنانيه العشرين والاخيره لليوم هي ولو ولو بتنقال وقتا نساعد حدا معين بشي معين و يتشكرنا منقدر نرد عليه ب ولو ولا يهمك اهلا وسهلا من شي او حدا معين فمثلا بنقول ولو بدك ساعه تتجهز حالك وهيك منكون وصلنا لنهايه حلقتنا لليوم وبكون خبرتكن عن عشرون كلمه لبنانيه عاميه منستعملن كلبنانيه كتير بحياتنا اليوميه لنعبر عن افكارنا و نوصف اشيا وناس حوالينا بتمنا تكونو استفدتو وحبيتو حلقتنا لليوم وكتير حابه اعرف شو في كلمات لبنانيه عاميه بتعرفوا وبتستعملوا او سامعين فيا بس ما وانا متل العاده بشوفكن بحلقه جديده من لانغويج وايف
C:\Users\user\Desktop\audio\audio\044_episode-48-colloquial-lebanese-words-2\6019618-colloquial-lebanese-words-part-2_chunk0010_000607599-000609340.wav,مع السلامه
C:\Users\user\Desktop\audio\audio\045_episode-47-lebanese-syrian-and-palestinian-dialects\5905714-lebanese-syrian-and-palestinian-dialects_chunk0000_000000000-000021620.wav,اهلا وسهلا بكل مستمعيننا عاللانغويج وايف بحلقه جديده معي انا مريم عن موضوع بتصور رح تحبوه ورح يهمكن ورح ندرب فيه سوا لفظنا للكلمات بجمل ومحادثات بسيطه وسهله ومن مواقف يوميه
C:\Users\user\Desktop\audio\audio\045_episode-47-lebanese-syrian-and-palestinian-dialects\5905714-lebanese-syrian-and-palestinian-dialects_chunk0001_000020620-000032759.wav,موضوع حلقتنا لهالاسبوع عن فرق اللهجات او اللكنات او يعني الaccents بين لبنان وسوريا وفلسطين
C:\Users\user\Desktop\audio\audio\045_episode-47-lebanese-syrian-and-palestinian-dialects\5905714-lebanese-syrian-and-palestinian-dialects_chunk0002_000034133-000061779.wav,محادثات بالانكليزي يعني conversations يمكن كتار ما يشوفو الفوارق بهاللهجات العربيه التلاته بارزين او واضحين كتير خاصه اذا ما كانو من هالبلدان بس اهل هالبلاد التلاته واللي متل ما حكينا سابقا كانو هني والاردن منطقه وحده ما بيفصلا حدود بلاحظو وبينتبهو لهالفوارق كتير منيح
C:\Users\user\Desktop\audio\audio\045_episode-47-lebanese-syrian-and-palestinian-dialects\5905714-lebanese-syrian-and-palestinian-dialects_chunk0003_000061200-000069319.wav,وسهل علين يعرفو او يحددو الشخص من اي بلد جاي من خلال هالفوارق
C:\Users\user\Desktop\audio\audio\045_episode-47-lebanese-syrian-and-palestinian-dialects\5905714-lebanese-syrian-and-palestinian-dialects_chunk0004_000071839-000078932.wav,Distinguished او Noticeable خلونا هلا نبلش باول محادثه
C:\Users\user\Desktop\audio\audio\045_episode-47-lebanese-syrian-and-palestinian-dialects\5905714-lebanese-syrian-and-palestinian-dialects_chunk0005_000083092-000108620.wav,بالاول شو الموقف او ال Setting اللي عم تصير فيه المحادثه و بعدا رح احكي المحادثه باللهجات التلاته وتالت شي رح احكيلكن الكلمات اللي الاختلاف باللهجات فين بارز اكتر شي ولازم وضحلكن انو نفس اللهجات اللي رح تسمعوا مني هون مثلا السوريه
C:\Users\user\Desktop\audio\audio\045_episode-47-lebanese-syrian-and-palestinian-dialects\5905714-lebanese-syrian-and-palestinian-dialects_chunk0006_000108213-000124419.wav,بتختلف بقلب سوريا من منطقه لمنطقه ومرات كمان بشكل كبير بس نحنا رح نحاول نكون عم نحكي بلهجه مستخدمه و منتشره كتير بكل بلد بالمحادثه الاولي فيه
C:\Users\user\Desktop\audio\audio\045_episode-47-lebanese-syrian-and-palestinian-dialects\5905714-lebanese-syrian-and-palestinian-dialects_chunk0007_000125580-000130360.wav,بنت وشاب التقو عبريك الصبح بالمكتب ليتروقو
C:\Users\user\Desktop\audio\audio\045_episode-47-lebanese-syrian-and-palestinian-dialects\5905714-lebanese-syrian-and-palestinian-dialects_chunk0008_000132780-000142124.wav,و معروف بلبنان انو الترويقه او الbreakfast بتضل لاوقات ماخره بالنهار او لفتره صباح الخير
C:\Users\user\Desktop\audio\audio\045_episode-47-lebanese-syrian-and-palestinian-dialects\5905714-lebanese-syrian-and-palestinian-dialects_chunk0009_000136388-000162866.wav,كيفك
C:\Users\user\Desktop\audio\audio\045_episode-47-lebanese-syrian-and-palestinian-dialects\5905714-lebanese-syrian-and-palestinian-dialects_chunk0010_000161866-000188344.wav,
C:\Users\user\Desktop\audio\audio\045_episode-47-lebanese-syrian-and-palestinian-dialects\5905714-lebanese-syrian-and-palestinian-dialects_chunk0011_000187344-000213822.wav,
C:\Users\user\Desktop\audio\audio\045_episode-47-lebanese-syrian-and-palestinian-dialects\5905714-lebanese-syrian-and-palestinian-dialects_chunk0012_000212822-000239300.wav,انا
C:\Users\user\Desktop\audio\audio\045_episode-47-lebanese-syrian-and-palestinian-dialects\5905714-lebanese-syrian-and-palestinian-dialects_chunk0013_000628760-000651320.wav,وانت انا شو تروقت لا بعد شو رايك نتروق سندويشات لبنه مع خيار وبندوره كتير بس انا اهم فوارق بينت بهالمحادثه مثلا بالسوري بيستخدمو كلمه شلونك بمعني كيفك وهيدا ما بيعني انن ما بيستخدمو كلمه كيفك فارق تاني هو لفظ كلمه لبنه و بندوره لبنه وبندوره وبدل ترويقه او نتروق بالسوري و الفلسطيني بقولو فطور او نفطر اما كلمه منقيش فبعض اللهجات الفلسطينيه القاف وفارق اخير ورح تشوفوه بباقي المحادثات وهو حرف الالف مثلا كلمه كم ي ن بالفلسطيني والسوري بتصير كمان ج ي ي بتصير جاي عب ي لي بتصير عبالي و لحظه نسيت بعد وحده لاحظو كيف كلمه بعد بالسوري صارت لسا كمان مستخدمه بالمحادثه التانيه ساره موجوده بمطعم وبدها تطلب مرحبا دموازيل شو بتحبي تطلبي بعد اذنك بدي كاستين شوربه عدس وصحن متبل و صحن فتوش وهيدا عرض المشاوي المشكله عفوا بس ما عنا شوربه عدس اليوم في شوربه فطر اذا بتحبي وممكن تزيد عندك كبايتين هيدي كانت اللهجه اللبنانيه رح نحكي نفس المحادثه باللهجه السوريه وبالفلسطيني غالبا وكلمه هيدا بالسوريه بتصير اما عصير الليمون واللي هو بلبنان منقولو عن الorange juice اذا بتقول بسوريا او فلسطين ليمون رح يجبولك Lemonade لان الليمون بالعربي الفصحه وبسوريا وفلسطين بيعني الLemon بالانكليزي بالمحادثه بسوريا بيقولوله عصير بردقان وبفلسطين عصير علي قهوه مع صديقه اللي جاي زياره منبلش باللهجه اللبنانيه مرحبا شباب كيفكن ما عرفتنا هيدا بابلو صديقي الارجنتيني من اصل فلسطيني جاي عم يزور لبنان هيدول جاد اهلا وسهلا بابلو تشرفنا بس جيت ب ابرد ايام علبنان مش هيك فعلا جاد الطقس كتير برد وعم تشتي دايما بس انا بحب اجواء البرد كتير لهيك اخترت اجي بهالوقت اما اهم الفوارق او الاختلافات بهالمحادثه كلمه هيدول بالسوري صارت هدول وبالفلسطيني هظول بفلسطين وسوريا بتصير تمطر و ابرد وبرد بالفلسطيني صارت اسقع وسقعه باللبناني منقولا سئعه وكلمه مش غالبا بالسوري بتصير مو او متل بالمحادثه هون ما وكمان بلبنان منقول ما بظن تلات محادثات بكفو بحلقه وحده بتمني تكونو استفدتو منن وتصيرو بعد هالحلقه تقدرو تميزو اكتر بعض الفوارق بين اللهجات اللبنانيه والسوريه والفلسطينيه واللي متل ما قلت كل لهجه منن عده لكنات وانا حاولت اد ما بقدر احكيلكن هني متل ما علموني ياهن اصدقاء لالي من فلسطين وسوريا بس اكيد اي حدا من هالبلدين رح يحيكين احسن مني بكتير و بعفويه اكتر كونو بكل خير دايما و تابعوني انا مريم بكل جديد عاللانغويج وايف
C:\Users\user\Desktop\audio\audio\046_episode-46-proverbs-shoes-and-favors\5762815-proverbs_chunk0000_000000000-000027760.wav,مرحبا انا دارين بحلقه اليوم رح نحكي عن الامثال اللبنانيه ال محليه والقصص ال طريفه اللي وراها واللي بتتناقل قصصا الاجيال لبعدين تصير علي كل لسان اول مثل راح نحكي عنو بيقول بلا مداس ولا جميله الناس كلمه مداس بتعني صباط اما قصه هالمثل فبتقول انه كان
C:\Users\user\Desktop\audio\audio\046_episode-46-proverbs-shoes-and-favors\5762815-proverbs_chunk0001_000029639-000054599.wav,فطلب من صديقو الغني بالضيعه انو يستعير منو مداس جديد ليلبسو بنهار عرسو وهيك صار ولكن بنهار العرس صار صديقو يمشي قدامو ويقلو انتبه من الجوره و انتبه من الوحل و انتبه ما يتوسخ المداس انزعج العريس كتير و بين علي وجو الاحراج
C:\Users\user\Desktop\audio\audio\046_episode-46-proverbs-shoes-and-favors\5762815-proverbs_chunk0002_000053599-000074400.wav,فقرر الصديق يستعمل غير طريقه لينبه العريس ويخليه ينتبه لمداسو قام رقص قدام العريس و غنالو دعس مطرح ما بدك المداس مداسي ولا يهمك امشي بالوحل امشي بالمي وخلي البسمه عتمك
C:\Users\user\Desktop\audio\audio\046_episode-46-proverbs-shoes-and-favors\5762815-proverbs_chunk0003_000078839-000105879.wav,بلا مداس وجميله الناس و كفي مشي حافي وصارت هالجمله مثل بيتداولوه الناس لما حدا يقدملن خدمه ويضل يربحن جميله فيها و جمله يربحن جميله هي جمله شعبيه بتعني يذكرن بالمعروف اللي قدملن ياه تاني مثل بيقول اللي استحو ماتو
C:\Users\user\Desktop\audio\audio\046_episode-46-proverbs-shoes-and-favors\5762815-proverbs_chunk0004_000105239-000114779.wav,وهالمثل بينقال للاشخاص اللي بعدن بيستحو وبيتركو حقن خجلا من الناس او من المجتمع فبقولو اللي استحو ماتو
C:\Users\user\Desktop\audio\audio\046_episode-46-proverbs-shoes-and-favors\5762815-proverbs_chunk0005_000117620-000144300.wav,قصه هالمثل بتقول انو من زمان ما كان في حمامات للاستحمام بكل بيت كانت الحمامات عامه وموجود بكل حي حمام واحد باحدي المرات كانت النساء عم تتحمم و بيولع حريق كبير بالحمام فاضطرو الستات يطلعو بلا تيابن من الحمام للشارع خوفا من الاحتراق
C:\Users\user\Desktop\audio\audio\046_episode-46-proverbs-shoes-and-favors\5762815-proverbs_chunk0006_000143979-000169010.wav,اما الستات اللي خجلو واستحو ف ماتو حريق بقلب الحمام ومن هون صارت الناس تقول اللي استحو ماتو ك دليل علي انو الانسان لازم يعمل الانسب والصح وما يستحي احسن ما تروح عليه المثل الثالث بيستعملوه لما يكون حدا مرتكب غلطه او جريمه ويقدر يهرب منا بال حيله
C:\Users\user\Desktop\audio\audio\046_episode-46-proverbs-shoes-and-favors\5762815-proverbs_chunk0007_000169419-000177449.wav,ومنقول شمع الخيط وهرب كدليل انو قدر يهرب من العقاب بدون ما حدا يلقطو
C:\Users\user\Desktop\audio\audio\046_episode-46-proverbs-shoes-and-favors\5762815-proverbs_chunk0008_000179845-000182300.wav,احد الملوك حكم
C:\Users\user\Desktop\audio\audio\046_episode-46-proverbs-shoes-and-favors\5762815-proverbs_chunk0009_000183460-000208800.wav,وطبعا سمحلو بطلب اخير قبل تنفيذ حكم الاعدام فقام المجرم طلب بكره خيطان وقطعه شمع حتي يشمع الخيط وكلمه يشمع الخيط يعني يصير يدوب شمع و يحطو علي الخيط جابولو الغراض فقام طلب من حارسو انو يساعدو بانو يمسك طرف الخيط
C:\Users\user\Desktop\audio\audio\046_episode-46-proverbs-shoes-and-favors\5762815-proverbs_chunk0010_000207800-000233020.wav,وصار هو يمشي ويشمع الخيط و يبعد شوي شوي ومع المسافه بطل حدا شايفو فقام ترك الخيط وهرب ومن هون صرنا نقول شمع الخيط وهرب كدليل علي الذكا والحيله للهروب هلا رح ننتقل لمثل بيقولوه الناس لبعضن وكانو سؤال
C:\Users\user\Desktop\audio\audio\046_episode-46-proverbs-shoes-and-favors\5762815-proverbs_chunk0011_000232020-000254059.wav,وهو قمحه والا شعيره وهالمتل هو للاستفسار عن اي حدث عم بصير مع الانسان حاليا وبمجتمعاتنا الحاليه بيعتبرو انو القمحه هي الخير لانا بتصير خبز ومناكلا وبتدل علي نجاح الشي اللي عم يعملو هالشخص
C:\Users\user\Desktop\audio\audio\046_episode-46-proverbs-shoes-and-favors\5762815-proverbs_chunk0012_000253839-000263380.wav,والشعيره هي الشر او فشل الشي لانو منكبا ومنطعميا للحيوانات لهيك منسال قمحه والا شعيره
C:\Users\user\Desktop\audio\audio\046_episode-46-proverbs-shoes-and-favors\5762815-proverbs_chunk0013_000264899-000270519.wav,اما حكايه هالمثل بتعود لزمن كتير قديم
C:\Users\user\Desktop\audio\audio\046_episode-46-proverbs-shoes-and-favors\5762815-proverbs_chunk0014_000273260-000300640.wav,فال مصريين القدماء كانو يستعملو طريقه زراعيه غريبه لتحديد جنس المولود عند السيده الحامل فكانو يجيب وعائين ويحطو فين تراب ويحطو باول وعاء حبوب قمح وبتاني وعاء حبوب شعير ويحطولن بول من هالسيده اللي ناطره المولود فاذا نبتت حبوب القمح بالاول معناتا جنس المولود انثي
C:\Users\user\Desktop\audio\audio\046_episode-46-proverbs-shoes-and-favors\5762815-proverbs_chunk0015_000299640-000315720.wav,واذا نبتت حبوب الشعير بالاول معناتا جنس المولود ذكر و الغريب بالموضوع انو نسبه كبيره من الدراسات والابحاث العلميه هالطريقه لتحديد جنس المولود
C:\Users\user\Desktop\audio\audio\046_episode-46-proverbs-shoes-and-favors\5762815-proverbs_chunk0016_000320149-000325245.wav,المصريين يعتبروا انه الانثي هي رمز الخصوبه
C:\Users\user\Desktop\audio\audio\046_episode-46-proverbs-shoes-and-favors\5762815-proverbs_chunk0017_000328940-000337440.wav,اذا بيطلع علي عكس مجتماعتنا هلا اللي بتفرح لولاده الصبي اكتر من البنت
C:\Users\user\Desktop\audio\audio\046_episode-46-proverbs-shoes-and-favors\5762815-proverbs_chunk0018_000338600-000364500.wav,شعيره بدل اما اخر مثل لليوم فهو مشهور كتير بالضيع وبقول شوفه المليح تسبيح وكلمه مليح باللغه العربيه معناتها الوجه الحسن والحلو وتم تناقل هالكلمه مع الوقت لتصير كلمه مليح بتدل ايضا عالشي اللي بخير
C:\Users\user\Desktop\audio\audio\046_episode-46-proverbs-shoes-and-favors\5762815-proverbs_chunk0019_000364359-000386700.wav,اما كلمه تسبيح فيعني ذكر كلام الله كنوع من رد العين او ابداء الاعجاب بشي حلو واصل هالمثل بيعود لاحد الرجال اللي كانو يحبو يتمشو بشارع الحمرا اللي هو احد اشهر الشوارع السياحيه و التجاريه بالعاصمه بيروت
C:\Users\user\Desktop\audio\audio\046_episode-46-proverbs-shoes-and-favors\5762815-proverbs_chunk0020_000387299-000411779.wav,هالرجال اسمو ابو نصار وكان يحب يتمشي بهالشارع ويتفرج عالستات الحلوين بيوم من الايام شافو شاب لابو نصار عم يتطلع بصبيه حلوه كتير ومبتسم فبقرب ليه وبيقلو يا عم بو نصار صرت ختيار وبطل عندك ضراس ابو نصار يا عمي شوفه المليح تسبيح
C:\Users\user\Desktop\audio\audio\046_episode-46-proverbs-shoes-and-favors\5762815-proverbs_chunk0021_000421339-000432619.wav,متل ما ذكرت قبل يسبحو يعني يذكرو جمل شعبيه متعارف عليا متل ما شاء الله او سبحان الخالق
C:\Users\user\Desktop\audio\audio\046_episode-46-proverbs-shoes-and-favors\5762815-proverbs_chunk0022_000434880-000437680.wav,لاي شيء مميز
C:\Users\user\Desktop\audio\audio\046_episode-46-proverbs-shoes-and-favors\5762815-proverbs_chunk0023_000439619-000453720.wav,خلصت حلقتنا لليوم اللي خبرتكن فيا قصص بعض الامثال المشهوره بلبنان و بالعالم العربي بتمني تكونو حفظتوون وتبلشو تستعملوون بلغتكن العربيه انا دارين
C:\Users\user\Desktop\audio\audio\046_episode-46-proverbs-shoes-and-favors\5762815-proverbs_chunk0024_000455479-000458040.wav,لاقوني بحلقه جديده قريبا
C:\Users\user\Desktop\audio\audio\047_episode-44-ammiq-wetland\5582563-ammiq-wetland_chunk0000_000000087-000026399.wav,لمن اي حدا فينا بفكر يضهر عالطبيعه بكون عندو عده اهداف وتوقعات ممكن مثلا نكون بدنا نشم هوا نضيف نستمتع بالخضار والهدوء نحرك جسمنا ونشمي ويمكن نتسلق نشوف او حتي نشرب مي نضيفه ونصادف حيوانات بالبريه
C:\Users\user\Desktop\audio\audio\047_episode-44-ammiq-wetland\5582563-ammiq-wetland_chunk0001_000025579-000035242.wav,يعني نصادف جاي من كلمه الصدفه او يعني coincidence بالانكليزي
C:\Users\user\Desktop\audio\audio\047_episode-44-ammiq-wetland\5582563-ammiq-wetland_chunk0002_000036419-000059563.wav,ومن اكتر المرات اللي ادهشني اجتماع كل هالاشيا مع غياب اي تدخل للعنصر البشري بالطبيعه كانت يوم اللي رحت علي مستنقعات محميه عميق بالبقاع الغربي بلبنان او الدهشه تعني مشاعر التفاجئه اللي
C:\Users\user\Desktop\audio\audio\047_episode-44-ammiq-wetland\5582563-ammiq-wetland_chunk0003_000062119-000067760.wav,وهي مش دايما بتكون مشاعر حلوه او ايجابيه
C:\Users\user\Desktop\audio\audio\047_episode-44-ammiq-wetland\5582563-ammiq-wetland_chunk0004_000068926-000076059.wav,مشاعر سلبيه اذا كان اللي بس هون اكيد قصدي فيا ايجابي
C:\Users\user\Desktop\audio\audio\047_episode-44-ammiq-wetland\5582563-ammiq-wetland_chunk0005_000080000-000100965.wav,اما مستنقعات واللي هي جمع كلمه مستنقع بتعني الارض اللي بتجي منخفضه عن محيطا وبتغطيا المي والاعشاب الكتيره والمنتوعه مستنقع هون بالانكليزي بتعني Wetland اهلا وسهلا فيكن مستعميننا عاللانغويج وايف
C:\Users\user\Desktop\audio\audio\047_episode-44-ammiq-wetland\5582563-ammiq-wetland_chunk0006_000102400-000121006.wav,معي انا مريم بحلقه عن واحد من اجمل واغني الامكان الطبيعيه بلبنان وهو وادي عميق بالبقاع الغربي وتحديدا رح نحكي اكتر عن المستنقعات اللي فيه شخصيا فكره
C:\Users\user\Desktop\audio\audio\047_episode-44-ammiq-wetland\5582563-ammiq-wetland_chunk0007_000123160-000132039.wav,المطاعم والصالات والاماكن المسكره والمحدوده بتضل بالنسبه الي كانا بيت
C:\Users\user\Desktop\audio\audio\047_episode-44-ammiq-wetland\5582563-ammiq-wetland_chunk0008_000133650-000139220.wav,من هيدي القناعه ببلش كل مخطط بعملو للمشي او التنزه بالبريه
C:\Users\user\Desktop\audio\audio\047_episode-44-ammiq-wetland\5582563-ammiq-wetland_chunk0009_000141529-000163803.wav,conviction او وهيك بيوم من الايام بشهر نيسان اول الربيع وبعد مشي حوالي ستة ساعات بالبريه وصلت عهالوادي الاخضر المليان مي ووقفت للحظات بدون اي حركه ما عم صدق اللي عم شوفو
C:\Users\user\Desktop\audio\audio\047_episode-44-ammiq-wetland\5582563-ammiq-wetland_chunk0010_000163860-000188820.wav,لحظات هي جمع كلمه لحظه وبالانكليزي يعني moment عشب رقيق وطري واخضر طالع من قلب المي شجر عم يحركو هوا خفيف ونضيف وبارد وموجات صغيره كتير عم يخلقن الهوا علي وج المستنقعات او يعني المي
C:\Users\user\Desktop\audio\audio\047_episode-44-ammiq-wetland\5582563-ammiq-wetland_chunk0011_000188587-000198123.wav,ولمن بيهدي الهوا منقدر منشوف السما والنباتات والشجر معكوسه بوضوح كتير عوج المي النضيفه
C:\Users\user\Desktop\audio\audio\047_episode-44-ammiq-wetland\5582563-ammiq-wetland_chunk0012_000199412-000221789.wav,طيور عم تتحرك من سطح المي للشجر وبالعكس بيت صغير من خشب واقف علي عواميد عاليه بين الشجر بقولولو مرصد الطيور المهاجره يعني مكان لمراقبه وتسجيل الطيور اللي عم تجي وتروح من المحميه وهدوء تام وكامل
C:\Users\user\Desktop\audio\audio\047_episode-44-ammiq-wetland\5582563-ammiq-wetland_chunk0013_000222458-000250570.wav,اتمشيت بطريق بحدو شجر الدردار من الجهتين وبتلتقي غصون هالشجر فوق الطريق لتعمل خيمه خضرا بتحمي من الشمس بحدو يعني بحيط فيه او بالانكليزي يعني borders it قعدت عالعشب عند شجره ما فيه تحتا مي واستغليت المدي الواسع اللي سامحه فيه الطبيعه لريح نظري
C:\Users\user\Desktop\audio\audio\047_episode-44-ammiq-wetland\5582563-ammiq-wetland_chunk0014_000249570-000264547.wav,ما في شي بيعترض النظر هونيك غير الجبال والتلال اللي بعضا بعيد كتير وببين كانو سراب خاصه عالغروب سراب يعني شي مش حقيقي او يعني mirage بالانكيزي
C:\Users\user\Desktop\audio\audio\047_episode-44-ammiq-wetland\5582563-ammiq-wetland_chunk0015_000267269-000287620.wav,كتار مننا اللي شغلنا او وظيفتنا عالكومبيوتر كل الوقت منعاني بحسب الدراسات العلميه من شي اسمو متلازمه الحاسب الالي او يعني Computer Vision Syndrome واللي بتعبر عن مجموعه اعراض
C:\Users\user\Desktop\audio\audio\047_episode-44-ammiq-wetland\5582563-ammiq-wetland_chunk0016_000286620-000313649.wav,صحيه بتظهر علينا بسبب الارهاق او التعب اللي بصيب العين من طول المده اللي منقضيا عم نتطلع بالشاشات الالكترونيه ومنا نشفان العين ووجع الراس وترييح العين بالطبيعه حكت كتير دراسات عن اهميتو بتخفيف اعراض هالمتلازمه واعاده الصحه لعيوننا
C:\Users\user\Desktop\audio\audio\047_episode-44-ammiq-wetland\5582563-ammiq-wetland_chunk0017_000314063-000322741.wav,كان فرصه رائعه لاله حتي ريح عيونه بالطبيعه وخفف الارهاق اللي عم
C:\Users\user\Desktop\audio\audio\047_episode-44-ammiq-wetland\5582563-ammiq-wetland_chunk0018_000325049-000349747.wav,احلي شي بهالمكان هو انو الدخول الو في عليه شروط كتير ومش مسموح يكون فيه اعداد كبيره من الناس كما انو مش مسموح القيام باي شي يسبب انو العنصر البشري ياثر عالطبيعه بالمكان ولهالسبب بيتمتع بالهدوء الكبير اللي عم احكيلكن عنو
C:\Users\user\Desktop\audio\audio\047_episode-44-ammiq-wetland\5582563-ammiq-wetland_chunk0019_000351400-000377089.wav,مئتان و ثمانون هكتار وبتتمتع باهميه علميه وطبيعيه كبيره بسبب التنوع الايكولوجي المميز الموجود فيا واللي قليل ينوجد بمناطق تانيه بلبنان فهي نقطه بيئيه مهمه كتير لاعداد كبيره من الطيور المهاجره وبتحتوي انواع نباتات واشجار مائيه نادره
C:\Users\user\Desktop\audio\audio\047_episode-44-ammiq-wetland\5582563-ammiq-wetland_chunk0020_000376089-000383490.wav,وكمان بتشكل مكان مناسب جدا للاسماك النهريه حتي تبيض وتتكاثر فيا
C:\Users\user\Desktop\audio\audio\047_episode-44-ammiq-wetland\5582563-ammiq-wetland_chunk0021_000389150-000412089.wav,امن لعده انواع من الحيوانات البريه كونوا كل انواع الصيد ممنوعه من قبل كان ممنوع حتي رعي الماشيه بقلب المحميه لتامين اقصي انواع الحمايه للنظام البيئي الموجود فيا بس بعدين رجع انسمح بالموضوع
C:\Users\user\Desktop\audio\audio\047_episode-44-ammiq-wetland\5582563-ammiq-wetland_chunk0022_000411089-000435570.wav,فصرنا نشوف قطعان ماشيه مع الراعي عم يتجولو بالمحميه ويستفيدو من الخيرات اللي بتوفرا للحيوانات متل المعزه والخواريف والبقر والجواميس الهدف من هالسماح كان انو هالمواشي او ال livestock تاكل الاعشاب اللي بتنبت بالربيع
C:\Users\user\Desktop\audio\audio\047_episode-44-ammiq-wetland\5582563-ammiq-wetland_chunk0023_000434570-000450010.wav,لان اذا ضل العشب الاخضر كثيف وطويل بالارتفاع وقت ييبس بتموز واب بصير خطر الحرايق اللي ممكن يسببوا هالاعشاب بالشوب وضررن اكبر بكتير
C:\Users\user\Desktop\audio\audio\047_episode-44-ammiq-wetland\5582563-ammiq-wetland_chunk0024_000452600-000457130.wav,ييبس يعني ينشف يبطل اخضر ويصير قاسي بعد ما يموت بالسبيعنات
C:\Users\user\Desktop\audio\audio\047_episode-44-ammiq-wetland\5582563-ammiq-wetland_chunk0025_000458210-000461970.wav,يعني سنين الألف و تسعمائة و سبعون مستنقعات محميه عميق
C:\Users\user\Desktop\audio\audio\047_episode-44-ammiq-wetland\5582563-ammiq-wetland_chunk0026_000468047-000488819.wav,وسنه ألف و تسعمائة و ثلاثة و تسعون دخلت دليل الاراضي المائيه والرطبه بالشرق الاوسط وكان يصير مسح اسبوعي لانواع الطيور الموجوده فيا واعدادن وكمان مسح سنوي لانواع الثدييات او يعني الmammals والفراشات فيا
C:\Users\user\Desktop\audio\audio\047_episode-44-ammiq-wetland\5582563-ammiq-wetland_chunk0027_000489929-000496549.wav,يعني survey اصحاب هالمحميه اللي هي ملك خاص
C:\Users\user\Desktop\audio\audio\047_episode-44-ammiq-wetland\5582563-ammiq-wetland_chunk0028_000500080-000505789.wav,الحيوانات الموجوده باي شكل حتي التصوير
C:\Users\user\Desktop\audio\audio\047_episode-44-ammiq-wetland\5582563-ammiq-wetland_chunk0029_000507369-000516150.wav,وباوقات السنه اللي بتكون فيا الطيور بالمحميه عم تتكاثر بينمنع الدخول عليا كليا
C:\Users\user\Desktop\audio\audio\047_episode-44-ammiq-wetland\5582563-ammiq-wetland_chunk0030_000517249-000520089.wav,مقصود من قبل الباحثين
C:\Users\user\Desktop\audio\audio\047_episode-44-ammiq-wetland\5582563-ammiq-wetland_chunk0031_000524570-000549250.wav,هالمستنقعات هي جزء صغير ضمن الصوره الكامله والرائعه اللي بيرسما سهل البقاع بلبنان اذا بتوقف علي اي تله او جبل مطل علي سهل البقاع الزراعي واللي مستنقعات محميه عميق موجوده فيه مثلا اذا كنتو نازلين صوب السهل والمحميه من جهه جبل الباروك
C:\Users\user\Desktop\audio\audio\047_episode-44-ammiq-wetland\5582563-ammiq-wetland_chunk0032_000549250-000572409.wav,رح تنكشف قدامكن المساحات الزراعيه الشاسعه بهالسهل اللي بتبين كانا احجيه او يعني puzzle مركبه حد بعضا بمختلف تدرجات الوان الاخضر والبني ما رح احكي هلا اكتر عن هالسهل اللي بظلمو اذا اختصرتو بكم جمله بهالحلقه
C:\Users\user\Desktop\audio\audio\047_episode-44-ammiq-wetland\5582563-ammiq-wetland_chunk0033_000574446-000580596.wav,انه هالسهل بيدعم اقتصاد لبنان بشكل كبير وقد يكون
C:\Users\user\Desktop\audio\audio\047_episode-44-ammiq-wetland\5582563-ammiq-wetland_chunk0034_000582489-000611245.wav,وبيمرق فيه اكبر نهرين بلبنان وهني نهر الليطاني ونهر العاصي بختام هالنهار اللي قضيتو بعميق كان في عندي شعور مختلف من الراحه والسكون انا وراجعه علي صخب المدنيه صخب يعني ضجه وعجقه وهي رحله بحب عيدا مره وتنين وتلاته لان هالمكان صعب تحس انك اكتفيت او زهقت منو
C:\Users\user\Desktop\audio\audio\047_episode-44-ammiq-wetland\5582563-ammiq-wetland_chunk0035_000612150-000623409.wav,بتمني تقدرو تزورو هالسهل والمحميه قريبا وتابعوني دايما انا مريم بحلقات جديده ومواضيع غنيه دايما عاللانغويج وايف
C:\Users\user\Desktop\audio\audio\048_episode-43-colloquial-lebanese-words\5483278-lebanese-words_chunk0000_000000075-000004528.wav,مرحبا واهلا وسهلا فيكن بحلقه جديده من لانغويج وايف
C:\Users\user\Desktop\audio\audio\048_episode-43-colloquial-lebanese-words\5483278-lebanese-words_chunk0001_000005659-000018469.wav,انا لين واليوم رح يكون موضوعنا عن كلمات وتعابير لبنانيه بتنقال باللهجه اللبنانيه العاميه لتعبر عن موقف
C:\Users\user\Desktop\audio\audio\048_episode-43-colloquial-lebanese-words\5483278-lebanese-words_chunk0002_000095157-000096873.wav,شخص
C:\Users\user\Desktop\audio\audio\048_episode-43-colloquial-lebanese-words\5483278-lebanese-words_chunk0003_000326027-000331179.wav,شي او شعور معين رغم انو اللهجه اللبنانيه مشتقه عن اللغه العربيه الفصحه مع مرور الوقت والاجيال تعدلت الكتير من الكلمات بالكتابه اللفظ والمناسبه اللي بتنقال فيا الكلمه وكمان طلعت كلمات جديده ما كانت تستعمل قبل وجيل لبناني عن جيل لبناني بتطلع كلمات جديده مشتقه من اسلوب الحياه بحلقه اليوم اول شي حخبركن عن بعض الكلمات العاميه اللبنانيه شو معناتا ايمتا بتنقال وكيف منستعملا بالحكي حخبركن عن عشرين كلمه لبنانيه فيكن تستعملوون وقتا تجو علي لبنان او اذا عم تحكو مع حدا لبناني لانو اكيد دغري حيفهمو عليكن اول كلمه لليوم نيقه هي كلمه بتنقال لتعبر عن شخص نيقه بالاكل ما بتاكل كل نيقه بالاكل ما بياكل كل كلمه هي مالعط يعني وسخ او مش نضيف فمثلا منقول الطاوله كتير مالعطه كلا وسخ تالت كلمه هي حايص حايص بتنقال لتعبر عن شخص بيضل موتر والان وما قادر منقول قبل وفينا كمان نقول للمذكر قبل الامتحان بيضلو حايص ما بيهدالو بال كلمه لليوم هي اوضه يعني غرفه فمثلا منقول اوضتي بتضل مرتبه سادس كلمه هي ترويقه وهي بتعني فطور او الوجبه الصباحيه فمثلا منقول اكتر وجبه بحبا هي الترويقه سابع كلمه هي بشيل بشيل بتعبر عن الموافقه علي موضوع معين فمثلا منقول الطقس كتير حلو بشيل نروح عالبحر وفينا كمان نقول تامن كلمه لبنانيه عاميه لليوم هي جوا جوا يعني بقلب او بداخل شي او محل معين فمثلا منقول الصحن بالمطبخ جيبو من جوا وتاسع كلمه هي ما هيك ما هيك بيقولا اللبناني تيعبر عن موافقتو او تاييدو لفكره معينه فمثلا اذا حدا قال الشمس كتير قويه اليوم اللبناني بيرد عليه ب ما هيك كتير قويه كلمه لليوم هي اللبناني بيقول مفاتيح بيتي عالطاوله والكلمه اللبنانيه الحدعش لليوم هي عيط عيط الا معنيين بتعني ناديلو فمثلا منقول عيطلا تجي لعنا يصرخ علي حدا او يوبخه فمثلا منقول ما الكلمه الطنعش هي معتر معتر بتنقال لتوصف شخص او حيوان او شي معين وبتعني مسكين فمثلا منقول شو معتره هالبيسه ما حدا بيطعميا
C:\Users\user\Desktop\audio\audio\048_episode-43-colloquial-lebanese-words\5483278-lebanese-words_chunk0004_000336760-000363000.wav,وكمان فينا نقول شو معتر هالرجال ما حدا بيزورو والكلمه اللي بعدا هي برم وهي بتعني لف او فتل فمثلا منقول بقينا كل النهار عم نبرم بالسوق وكمان في كلمه حشوره
C:\Users\user\Desktop\audio\audio\048_episode-43-colloquial-lebanese-words\5483278-lebanese-words_chunk0005_000362839-000374358.wav,حشوره او حشور هي كلمه بتنقال لحدا بيتدخل بكل شي وبدو يعرف كل شي عم بيصير
C:\Users\user\Desktop\audio\audio\048_episode-43-colloquial-lebanese-words\5483278-lebanese-words_chunk0006_000380019-000387821.wav,كل ما بدي احكي عالتليفون بدي يعرف مع مين وشو عم والكلمه الخمسطعش لليوم هي بعئد كتير حلو
C:\Users\user\Desktop\audio\audio\048_episode-43-colloquial-lebanese-words\5483278-lebanese-words_chunk0007_000399448-000401331.wav,هالفستان بعئد كتير حبيتو
C:\Users\user\Desktop\audio\audio\048_episode-43-colloquial-lebanese-words\5483278-lebanese-words_chunk0008_000403682-000411008.wav,كلمتين منقولن لما بدنا نحكي عن حدا او شي
C:\Users\user\Desktop\audio\audio\048_episode-43-colloquial-lebanese-words\5483278-lebanese-words_chunk0009_000415935-000419072.wav,هو الكلمتان هني زنخ و سئيل
C:\Users\user\Desktop\audio\audio\048_episode-43-colloquial-lebanese-words\5483278-lebanese-words_chunk0010_000420733-000428359.wav,فمثلا منقول رفيقي بالشغل زنخ وسئيل ما بحب اشتغل معو وكمان في كلمه
C:\Users\user\Desktop\audio\audio\048_episode-43-colloquial-lebanese-words\5483278-lebanese-words_chunk0011_000430579-000447690.wav,حربوق بتنقال وقتا بدنا نوصف حدا ذكي ونشيط فمثلا فينا نقول اختي كتير حربوقه شو ما بينطلب منا بتقدر تعملو
C:\Users\user\Desktop\audio\audio\048_episode-43-colloquial-lebanese-words\5483278-lebanese-words_chunk0012_000450492-000454179.wav,لليوم هي ضبضب ضبضب بتعني رتب الاشيا وحطا محلا
C:\Users\user\Desktop\audio\audio\048_episode-43-colloquial-lebanese-words\5483278-lebanese-words_chunk0013_000459317-000472479.wav,فمثلا منقول ضبضب غرفتك قبل ما تروح عالمدرسه حتي بس ترجع تكون مرتبه الكلمه اللي بعدا هي زبط
C:\Users\user\Desktop\audio\audio\048_episode-43-colloquial-lebanese-words\5483278-lebanese-words_chunk0014_000475686-000478700.wav,زبط بتعني صلح
C:\Users\user\Desktop\audio\audio\048_episode-43-colloquial-lebanese-words\5483278-lebanese-words_chunk0015_000480957-000494314.wav,فمثلا منقول رامي زبط الباب لو سمحت مش عم بسكر منيح الكلمه التسعتعش هي عنجد وهي كلمه بتعني
C:\Users\user\Desktop\audio\audio\048_episode-43-colloquial-lebanese-words\5483278-lebanese-words_chunk0016_000498516-000504820.wav,فمثلا فينا نقول عنجد لقيتي شغل الف مبروك
C:\Users\user\Desktop\audio\audio\048_episode-43-colloquial-lebanese-words\5483278-lebanese-words_chunk0017_000507653-000515622.wav,فكره معينه فمثلا فينا نقول عنجد كتير طيبه
C:\Users\user\Desktop\audio\audio\048_episode-43-colloquial-lebanese-words\5483278-lebanese-words_chunk0018_000517520-000527479.wav,والكلمه العشرين والاخيره لليوم هي بلش وهي بتعني بدا
C:\Users\user\Desktop\audio\audio\048_episode-43-colloquial-lebanese-words\5483278-lebanese-words_chunk0019_000531046-000554860.wav,فمثلا منقول ما تتاخري بلش الصف وهيك منكون ختمنا حلقتنا لليوم وبكون خبرتكن عن عشرون كلمه لبنانيه عاميه منقولن كتير بحياتنا اليوميه ومنستعملن كتير لنعبر عن افكارنا ونوصف اشيا وناس حولينا
C:\Users\user\Desktop\audio\audio\048_episode-43-colloquial-lebanese-words\5483278-lebanese-words_chunk0020_000555419-000565479.wav,بتمني تكونو استفدتو وحبيتو حلقتنا لليوم وكتير حابه اعرف شو في كلمات لبنانيه عاميه بتعرفوا وبتستعملوا
C:\Users\user\Desktop\audio\audio\048_episode-43-colloquial-lebanese-words\5483278-lebanese-words_chunk0021_000567919-000575520.wav,وانا متل العاده بشوفكن بحلقه جديده من لانغويج وايف مع السلامه
C:\Users\user\Desktop\audio\audio\049_episode-42-driving-in-lebanon\5385478-driving-in-lebanon_chunk0000_000000000-000024799.wav,ما جربت ولا فكرت اني اتعلم السواقه بلبنان الا بعد ما توظفت وصرت قادره اشتري سياره لان مخاطر السواقه بلبنان خلتني اتجنب فكره اني استعير سياره اهلي ولو لمره فالمسؤوليه كبيره كون المفاجات عالطريق باغلب مناطق لبنان كتيره وما بتنعد
C:\Users\user\Desktop\audio\audio\049_episode-42-driving-in-lebanon\5385478-driving-in-lebanon_chunk0001_000023799-000034861.wav,وبتذكر انو دفتر السواقه كان كابوس بالنسبه الي خليني خبركن بالاول شو يعني دفتر السواقه هالدفتر بيعني
C:\Users\user\Desktop\audio\audio\049_episode-42-driving-in-lebanon\5385478-driving-in-lebanon_chunk0002_000038135-000067099.wav,من الدوله بعد اجتياز امتحان السواقه وبتكون دليل علي اننا منقدر نسوق سياره مثلا حسب الامتحان اللي قدمناه بشكل قانوني اما الكابوس فهو الحلم السيء او البشع اللي مرات حتي نحنا ونايمين منكون عم نتمني يخلص او عم نحاول نفيق منو المبالغه بالسيء هون هدفا النكته
C:\Users\user\Desktop\audio\audio\049_episode-42-driving-in-lebanon\5385478-driving-in-lebanon_chunk0003_000066099-000092870.wav,يعني مزح فما تتشائمو كتير وخليكن معي انا مريم بهالحلقه الجديده عاللانغويج وايف اللي رح احكيكلن فيا عن امتحان السواقه بلبنان من تجربتي الشخصيه وشو تتوقعو عالطرقات اذا حبيتو تسوقو بشوارع هالبلد لمن تزوروه امتحان سواقه السياره بلبنان بعدو لحد اليوم بينعمل عسياره عاديه للكل
C:\Users\user\Desktop\audio\audio\049_episode-42-driving-in-lebanon\5385478-driving-in-lebanon_chunk0004_000092470-000111586.wav,حتي لو انت مشتري سياره اوتوماتيك ومش ناوي تسوق سياره عاديه بكل حياتك ولهيدا السبب حسيت هالامتحان كابوس ما عم يخلص اهم فارق بيعرفوه اغلب الناس بين هالنوعين من السيارات هو انه
C:\Users\user\Desktop\audio\audio\049_episode-42-driving-in-lebanon\5385478-driving-in-lebanon_chunk0005_000115799-000143750.wav,بكون بالسياره العاديه يدوي يعني manual وبالسياره الاوتوماتيك بكون تلقائي او يعني automatic بالانكليزي وفي طريقتين لتعلم السواقه بلبنان اما عبر مكتب تعليم سواقه خاص مقابل تكلفه ماليه معينه او حدا من قرايبنك او اهلك بعلمك وبحالتي انا بابا هو اللي علمني
C:\Users\user\Desktop\audio\audio\049_episode-42-driving-in-lebanon\5385478-driving-in-lebanon_chunk0006_000143449-000171178.wav,وهيك تعلمت سواقه السياره الاوتوماتيك واللي هو نوع السياره اللي نويت اشتريا نويت يعني قررت او خططت
C:\Users\user\Desktop\audio\audio\049_episode-42-driving-in-lebanon\5385478-driving-in-lebanon_chunk0007_000154369-000175235.wav,وضل عندي وقت قليل كتير قبل موعد امتحاني لاتعلم سواقه السياره العاديه وبضل بعد هيك احفظ لائحه اشارات السير هيدول رح انسال عنن شفهيا بعد الامتحان اللي مدتو قصيره وحسب ما بتذكر ما بتتجاوز ال عشرون د
C:\Users\user\Desktop\audio\audio\049_episode-42-driving-in-lebanon\5385478-driving-in-lebanon_chunk0008_000176609-000199389.wav,للاسف ما نجحت باول امتحان قدمتو فبوقتا طفت معي السياره العاديه مرتين خلال الامتحان طفت يعني وقفت وبطلت تشتغل وهيك ضلت السياره الاوتوماتيك اللي اشتريتا مصفوفه لفتره ورجعت اتدرب عسواقه العادي لقدم الامتحان مره تانيه بالنسبه الي
C:\Users\user\Desktop\audio\audio\049_episode-42-driving-in-lebanon\5385478-driving-in-lebanon_chunk0009_000201910-000228113.wav,يمكن لاني ما كنت مقتنعه ليش لازم اتعلما وبدا ممارسه كتير ليتمكن منا الواحد نجحت بالامتحان التاني حصلت علي دفتر السواقه وصرت جاهزه اني سوق
C:\Users\user\Desktop\audio\audio\049_episode-42-driving-in-lebanon\5385478-driving-in-lebanon_chunk0010_000216470-000241929.wav,واكتر عباره سمعتا بوقتا من عيلتي ورفقاتي والجيران هي انو بلبنان لازم تسوقي عنك وعن غيرك سوق عني وعن غيري كيف يعني بلبنان فيه بس هي للاسف مش مطبقه نفس الشي وبنفس الرقابه من قبل الدوله بكل المناطق
C:\Users\user\Desktop\audio\audio\049_episode-42-driving-in-lebanon\5385478-driving-in-lebanon_chunk0011_000241029-000270029.wav,وحس المسؤوليه الفرديه بهيدا الموضوع خلونا نقول مش كتير عالي عند اغلبيه الناس بلبنان قليل كتير تشوف السيارات اللي قدامك استخدمو الاشاره قبل ما ينتقلو من خط لخط تاني عالاتوستراد او قبل ما يفرقو باتجاه طريق فرعي الاشاره يعني الضو اللي منشغلو بالسياره ليدل اذا نحنا رايحين يمين او شمال
C:\Users\user\Desktop\audio\audio\049_episode-42-driving-in-lebanon\5385478-driving-in-lebanon_chunk0012_000269250-000278126.wav,والمقصود بالخط هون هو ال lane بالانكليزي والاوتوستراد يعني الطريق السريع او الhighway
C:\Users\user\Desktop\audio\audio\049_episode-42-driving-in-lebanon\5385478-driving-in-lebanon_chunk0013_000279625-000298529.wav,ويفرقو جاي من كلمه مفرق اللي بتعني road junction بالانكليزي لهيك لازم تخلي مسافه امان دايما مع السيارات اللي قدامك لان ممكن باي لحظه يروحو يمين او شمال بدون ما يعطوك اشاره
C:\Users\user\Desktop\audio\audio\049_episode-42-driving-in-lebanon\5385478-driving-in-lebanon_chunk0014_000300161-000328489.wav,مش دايما السياره او الموتوسيكلي وراك يعني الموتوسايكل بينطروك لتلف وبعدين كتير مرات رح يلفو المفرق معك فاذا ما كنت ممكن كتير يصير حادث سير بيناتكن الاشارات او الtraffic lights مش دايما بيلتزم فين بلبنان ويمكن مش دايما تلاقين شغالين
C:\Users\user\Desktop\audio\audio\049_episode-42-driving-in-lebanon\5385478-driving-in-lebanon_chunk0015_000327489-000351429.wav,في كتير سيارات وموتسيكلات وفانات نقل ركاب بيتجاوزو الاشارات وما بيلتزمو فين من فتره قصيره كنت بسيارتي عالحازميه وطالعه صوب منطقه سن الفيل والحازميه فيا كتير اشارات لتنظيم السير شفت الاشاره قدامي حمرا فوقفت
C:\Users\user\Desktop\audio\audio\049_episode-42-driving-in-lebanon\5385478-driving-in-lebanon_chunk0016_000351556-000368170.wav,وبعدا بثواني ضربتني سياره من ورا لان ببساطه ما التزمت بالاشاره وكانت مسرعه وما تاركه مسافه امان معي فما لحقت توقف لمن انتبهت اني انا وقفت التزاما بالاشاره
C:\Users\user\Desktop\audio\audio\049_episode-42-driving-in-lebanon\5385478-driving-in-lebanon_chunk0017_000372083-000399329.wav,القصه باضرار بحديد السياره اضرار بتعني damages بالانكليزي والوراني يعني اللي بالخلف او ورا عنا كمان قصه عكس السير وعكس السير بتعني انك تسوق بشارع عكس الاتجاه المحدد الو وهيدا شي كتير خطير وبسبب كتير حوادث مميته
C:\Users\user\Desktop\audio\audio\049_episode-42-driving-in-lebanon\5385478-driving-in-lebanon_chunk0018_000398929-000426070.wav,وبلبنان ممكن تشوف ناس عم يمشو عكس سير حتي عاتوسترادات اساسيه وبلبكو سير كل الناس وبعرضو حياتن وحياه الاخرين للخطر السرعه المحدده للسير عالاتوسترادات والشوارع هي شي اضافي كتير ناس بلبنان ما بيلتزمو فيه يعني اذا ماشي عاوتوستراد الشمال او الجنوب بخط السرعه القصوي
C:\Users\user\Desktop\audio\audio\049_episode-42-driving-in-lebanon\5385478-driving-in-lebanon_chunk0019_000425390-000428989.wav,يعني اعلي سرعه مسموح فيها مثلا
C:\Users\user\Desktop\audio\audio\049_episode-42-driving-in-lebanon\5385478-driving-in-lebanon_chunk0020_000430970-000438010.wav,رح تلاقي كتير ناس عم يتجاوزوك عليك لتزحلن من الخط
C:\Users\user\Desktop\audio\audio\049_episode-42-driving-in-lebanon\5385478-driving-in-lebanon_chunk0021_000441070-000448399.wav,بس هيدول الناس جزء كبير منن بيتسجل علين مخالفات ماليه ومع ذلك بضلو بيسرعو
C:\Users\user\Desktop\audio\audio\049_episode-42-driving-in-lebanon\5385478-driving-in-lebanon_chunk0022_000449649-000470649.wav,اما حزام الامان فانعمل كتير قوانين بلبنان لفرضو علي جميع الناس هني وبسيارتن كرمال امانن الشخصي وانعمل حملات مخالفه ماليه وكتير امور مع ذلك بعدو عدد كبير من الناس ما بطيق يستخدم الحزام وفعلا ما بيستخدموه
C:\Users\user\Desktop\audio\audio\049_episode-42-driving-in-lebanon\5385478-driving-in-lebanon_chunk0023_000470250-000494029.wav,خاصه بسياره التاكسي وتحديدا العموميه ممكن كتير يضحك عليك شوفير التاكسي اذا لبستو وبجوز يقلك شو مفكر حالك باوروبا الموتسيكلات بالنسبه الي شخصيا هني اكتر سبب بخليني كل يوم بس ارجع بسلام عالبيت انبسط كتير اني خلصت نهاري بدون ولا حادث
C:\Users\user\Desktop\audio\audio\049_episode-42-driving-in-lebanon\5385478-driving-in-lebanon_chunk0024_000493690-000519890.wav,الناس اللي بسوقو موتسيك اغلبن بيتعبرو قوانين السير ما بتنطبق علين وانن مش معنيين بالالتزام فين ولهيك بمارسو كل انواع تجاوز قوانين السير والموتسيك كونو حجمو صغير وبسوق بسرعه جنونيه ممكن كتير يفاجاك بمخالفه مش متوقعا انت ابدا ويسبب انك تصطدم فيه
C:\Users\user\Desktop\audio\audio\049_episode-42-driving-in-lebanon\5385478-driving-in-lebanon_chunk0025_000517940-000543030.wav,تصطدم فيه يعني تخبط فيه وتعملو حادث سير بحسب وزاره الداخليه اللبنانيه اتسجل بسنه ألفان و تسعة عشر حوالي خمسمائة وفاه وستة آلاف جريح بسبب حوادث السير عطرقات لبنان يعني تقريبا اكتر من وفاه وحده يوميا طول السنه
C:\Users\user\Desktop\audio\audio\049_episode-42-driving-in-lebanon\5385478-driving-in-lebanon_chunk0026_000542229-000561590.wav,كتير حاولت فكر بمبادرات اهليه ممكن تساهم برفع الوعي وحس المسؤوليه الفرديه عند الناس بلبنان بالنسبه للالتزام بقوانين السير وحده منن كان انو نعمل صفحه عمواقع التواصل الاجتماعي
C:\Users\user\Desktop\audio\audio\049_episode-42-driving-in-lebanon\5385478-driving-in-lebanon_chunk0027_000562630-000578519.wav,يعني الsocial media ننشر فيا فيديوات بتضوي عمخالفات السير بلبنان بشكل كوميديا سودا بتبين خطوره اهمال القوانين وكيف انو الرقابه بهيدا الموضوع لازم تكون فرديه ومن باب انساني واخلاقي حتي لو
C:\Users\user\Desktop\audio\audio\049_episode-42-driving-in-lebanon\5385478-driving-in-lebanon_chunk0028_000582710-000587630.wav,شو عندكن انتو افكار لمبادره بخصوص هالموضوع
C:\Users\user\Desktop\audio\audio\049_episode-42-driving-in-lebanon\5385478-driving-in-lebanon_chunk0029_000589070-000599470.wav,مستعميمننا الاعزاء رح ودعكن هلا وناطره افكاركن بالتعليقات عالحلقه وعموعدنا بحلقات جديده اسبوعيه دايما عاللانغويج وايف
C:\Users\user\Desktop\audio\audio\050_episode-41-sounds-of-the-sea\5282886-sounds-of-the-sea_chunk0000_000000000-000012500.wav,مرحبا واهلا وسهلا فيكن بحلقه جديده من لانغويج ويف انا نعيم واليوم حخبركن عن منطقه ببيروت اسما عين المريسه بهيدي المنطقه في درج عمومي
C:\Users\user\Desktop\audio\audio\050_episode-41-sounds-of-the-sea\5282886-sounds-of-the-sea_chunk0001_000013604-000017180.wav,هالدرج بيحكي عن علاقه سكان هالمنطقه مع البحر
C:\Users\user\Desktop\audio\audio\050_episode-41-sounds-of-the-sea\5282886-sounds-of-the-sea_chunk0002_000499628-000504844.wav,طول عمرن سكان بيروت يشوفو البحر من بيوتن وخصوصا سكان المناطق القريبه من الشط منطقه عين المريسه بس من حوالي عشرون سنه لليوم صارت تصعب شوفه البحر تدريجيا بسبب العمران العشوائي والبنايات الضخمه سنه ورا سنه صارت البنايات الطويله يلي تعمرت متل حاجز بين السكان والشط وما عادوا الاهالي يشوفوا البحر متل ايام زمان خصوصا انو اغلب بيوتن قديمه بتتالف بالكتير من طابق او تنين بينما البنايات الجديده يلي تعمرت بوجن ارتفاعا عشرة طوابق وطلوع وهيك ما عادو اغلبيه السكان يشوفو البحر ولا صيادين السمك ولا المراكب البحريه وفقدت المنطقه جزء من تراثا وتاريخا المرتبط بالحياه البحريه من فتره قصيره كنت عم بتمشي براس بيروت باتجاه منطقه الحمرا وبس وصلت علي درج عين المريسه بسمع صوت موج وبحر وصيادين صرت اتطلع يمين وشمال وفتش من وين طالع هالصوت هالصوت كان عم يطلع من بوق ازرق كبير معلق علي حيط درج عين المريسه شكل الفونغراف ومنه كان يطلع صوت البحر اكتشفت انو هيدا جزء من مشروع هدفو تقريب الناس من البحر عن جديد وهالصوت يلي كان عم يطلع من البوق هو صوت عم ينبث مباشره بواسطه جهاز مركب بمينا الصيادين بعين المريسه وبينقل من هونيك مباشره صوت البحر والموج والصيادين للحي السكني الموجه من تصميم وانعمل بمناسبه اسبوع الصوت يلي انطلق اول مره بلبنان سنه ألفان و تسعة عشر من قبل اللجنه الوطنيه اللبنانيه لليونسكو و مبادره حسن الجوار بالجامعه الاميركيه وجامعه القديس يوسف والكليه العاليه للاعمال درج عين المريسه وبيمرق بين البيوت الدرج والبيوت كانو من زمان يطلوا عالبحر بس من بعد ما طلعت بنايات ضخمه حدن ما عادو من بعد تركيب هالصوت رجع شي من البحر للناس عن جديد سكان المنطقه والناس يلي مرقين فيها يسمعوا صوت بحر عين المريسي عالموجه الازاعيه مائة و ستة تسعة بينسمع نفس الصوت يلي عم يطلع من البوق المحطوط عالدرج كملت اتمشي عالدرج وهونيك التقيت بالمهندسه مني حلاق يلي هي مديره مبادره حسن الجوار بالجامعه الاميركيه هالمبادره يلي عمرها اثنا عشر سنه بتهدف لتحسين الوضع الاقتصادي والاجتماعي والثقافي لسكان المناطق المحيطه بالجامعه وهي من المشاركين بهالمشروع خبرتني مني انو محل ما نحن واقفين هلا كانو الناس ايام زمان يشوفو البحر ويسمعو صوتو بس العمار العشوائي تسبب بفصل المدينه واهلا عن البحر متل ما صار هون وقالت مني انو بهيدا المشروع قدرنا نرجع جزء من البحر للناس وذكرناهم بمينا الصيادين القريب منن بركي بيرجعو بيتشجعو وبيشترو سمك طازه من هونيك بدل ما يروحو عالسوبر ماركت ويشترو سمك متلج سمك طازه يعني بكونو الصيادين متصيدينو بنفس النهار مش بكون بالبرادات يلي لفتني ع حيطان الدرج كمان خطوط قساطل لونا ازرق دي يلي خبرتكن هالقساطل بينقلو الصوت من ميل لميل ومن خلالا بصير فيه اي شخص يحكي مع التاني كنوع من التسلايه والهدف هو تفعيل الدرج كمساحه عامه خصوصا بالنسبه للاطفال وهيك صار الدرج مساحه للتواصل والتلاقي بين سكان الحي ورجع ينسمع صوت البحر بين بيوت الناس كملت طريقي عالدرج حتي وصلت ع بيت صياد عتيق معروف بكل بيروت واسمو ابراهيم نجم هالصياد بقي سنين يجمع قطع وذكريات قدر يطلعا من اعماق البحر قصه ابراهيم مع تجميع ذكريات وقطع نادره من البحر بلشت من لما كان يروح عالصيد مع بيو يحتفظ بالصدف صار غطاس محترف قدر علي مدي سنين ومعدات غطس قديمه وعملات اجنبيه نادره واسلحه عتيقه وشغلات تانيه ما بتخطر عالبال من اهم اكتشافات صياد عين المريسه هي الغواصه الفرنسيه لو سوفلور يلي غرقت سنه ألف و تسعمائة و واحد و أربعون اكشتفا ابراهيم نجم بالسبعينات باعماق البحر وصار ينقل اجزاء ومحتويات منا علي بيتو ومن بين هالقطع لوحه مكتوب عليا اسم الغواصه وهي هلا معلقه عباب البيت باسم الغواصه سنه بعد سنه قدر ابراهيم نجم يجمع تشكيله كبيره وصار عندو شبه متحف مجاني بيجذب كتير من الناس ليشوفو قطع نادره كانت غارقه باعماق البحر مجموعه ابراهيم نجم مقسومه قسمين قطع ومعدات بدلات غطس وساعات ولوحات وقناديل واسلحه حربيه وخناجر وفونوغرافات اما القسم التاني من المتحف بضم انواع كتير من الاصداف وثمار البحر والاسماك المحنطه متل سمك القرش والتوتيا وكلاب البحر بالفتره الماضيه كتير ناس زارو بيت ابراهيم نجم منن اشخاص بحبو البحر واحيانا طلاب مدارس ومن زوار البيت كمان منتجين افلام ومسلسلات بيجو ليستعيرو قطع واكسسوارات قديمه ليستعملوها بالديكور بفتره من الفترات اقترحو علي ابراهيم نجم انو ينقل متحفو من بيتو علي صاله بس هو رفض لان الصاله موقعا برات عين المريسه وهو بدو تبقي عالقطع والذكريات بنفس المنطقه يلي هي جزء من بحر بيروت خلال الجوله بين كنوز البحر تسعي لتحويل بيت ابراهيم نجم لمتحف بدعم من وزاره ليبقي ذكري ويتحافظ عليه من جيل لجيل خصوصا انه وصيه نجم كانت قبل مايموت انه تبقي وبحسب مني عم تسعي مبادره حسن الجوار بالجامعه الاميركيه انو تلاقي التمويل والدعم لتحويل البيت لمتحف حقيقي ومع انو البيت صغير بالنسبه لالاف القطع بس مكانا بهيدا البيت الو رمزيه تاريخيه واجتماعيه خلصت جولتي بالبيت وضهرت ورجعت عالدرج ورجع صوت البحر يلي عم يطلع من البوق الازرق يلي حكينا عنو اول شي صوت البحر يلي هو عباره عن موج وهوا وصيادين عم يحكو مع بعض واصوات مراكب الصيد هالدرج بيختصر تاريخ منطقه راس بيروت يلي سكانا طول عمرن جيران مع البحر وهو المتنفس الاول بالنسبه الن للكبار والزغار
C:\Users\user\Desktop\audio\audio\050_episode-41-sounds-of-the-sea\5282886-sounds-of-the-sea_chunk0003_000507188-000509485.wav,المشي عالكورنيش
C:\Users\user\Desktop\audio\audio\050_episode-41-sounds-of-the-sea\5282886-sounds-of-the-sea_chunk0004_000512799-000533640.wav,هيدي كانت حلقتنا سمعنا فيها كيف قدرت مبادره ترجع ذكريات بحر عين المريسه للناس وحولت درج عمومي لمساحه عامه وزرنا بيت صياد عتيق بيختصر قصص كتيره صارت بالبحر وانتو اذا عندكن قصص من البحر خبرونا ياها الي اللقاء
C:\Users\user\Desktop\audio\audio\051_episode-40-five-proverbs\5171140-five-proverbs_chunk0000_000000000-000022620.wav,مرحبا واهلا وسهلا فيكن بحلقه جديده من لانغويج وايف انا لين واليوم رح احكيلكن عن جزء مهم من الثقافه اللبنانيه عن عاده تداولتا الاجيال اللبنانيه خلال السنين وبعدا لهلا موجوده رح احكيلكن عن الامثال الشعبيه
C:\Users\user\Desktop\audio\audio\051_episode-40-five-proverbs\5171140-five-proverbs_chunk0001_000022840-000039919.wav,الناس بتقول الالاف من الامثال الشعبيه بكتير من المواقف يلي بتصير معا وبتعبر عن الموقف بعبارات بسيطه وقصيره وعفويه الامثال الشعبيه منتشره بكل دول العالم واليوم رح
C:\Users\user\Desktop\audio\audio\051_episode-40-five-proverbs\5171140-five-proverbs_chunk0002_000045200-000064744.wav,معني المثل واهميتو سبب انتشارو واستمراريتو لهلا و كيف منقدر نفهم المثل وبعدين رح ننتقل لنشرح قصه خمس امثال واخر مثل منن قالتو اختي لابنا بموقف صار بيناتن
C:\Users\user\Desktop\audio\audio\051_episode-40-five-proverbs\5171140-five-proverbs_chunk0003_000065599-000086339.wav,الامثال الشعبيه اللبنانيه هي فن شعبي منتشر بين الناس وبيتالف المثل من عبارات متناسقه وقصيره من واقع الحياه بلبنان وظهرت هالامثال نتيجه تجارب واحداث مرقو فيا اللبنانيه
C:\Users\user\Desktop\audio\audio\051_episode-40-five-proverbs\5171140-five-proverbs_chunk0004_000086360-000097680.wav,يعني الامثال بتعبر عن ثقافه الشعب اللبناني وبتنقل وجهه نظرو بطريقه مهضومه وخفيفه وباسلوب سهل
C:\Users\user\Desktop\audio\audio\051_episode-40-five-proverbs\5171140-five-proverbs_chunk0005_000098813-000125220.wav,بتحمل بمعانيا كثير من الدروس والعبر وبتوصل رساله ليلي عم يسمع بطريقه مرحه وبتاثر بطريقه غير مباشره بالناس لهالاسباب اللي خبرتكن عنا بقيت الامثال من ايام زمان لهلا وما تغيرت وضلو الناس حافظينا وبقولوا وبيتوارثوا من جيل لجيل
C:\Users\user\Desktop\audio\audio\051_episode-40-five-proverbs\5171140-five-proverbs_chunk0006_000125019-000128645.wav,وبسبب اهميه وانتشار الامثال
C:\Users\user\Desktop\audio\audio\051_episode-40-five-proverbs\5171140-five-proverbs_chunk0007_000138372-000145706.wav,حكو فيا عن هالامثال معانيا اهدافا واهميتا بتوصيل فكره معينه وبتنقسم الامثال الشعبيه لنوعين حقيقي وخيالي
C:\Users\user\Desktop\audio\audio\051_episode-40-five-proverbs\5171140-five-proverbs_chunk0008_000147800-000155046.wav,الامثال الشعبيه تحكي عن كل المواضيع الانسانيه الموجوده بالمجتمع
C:\Users\user\Desktop\audio\audio\051_episode-40-five-proverbs\5171140-five-proverbs_chunk0009_000162803-000177600.wav,و كمان في كتير امثال بتعبر عن المبادئ الاخلاق والقيم الانسانيه متل الكرم الحب الصدق الصبر والتعاطف
C:\Users\user\Desktop\audio\audio\051_episode-40-five-proverbs\5171140-five-proverbs_chunk0010_000180841-000195211.wav,وبتوصل الرساله المطلوبه للناس بكل حب فاجمالا بكون فيا نوع من المزح من الامثال مرتبطه
C:\Users\user\Desktop\audio\audio\051_episode-40-five-proverbs\5171140-five-proverbs_chunk0011_000199794-000207639.wav,بمواقف صارت من زمن بعيد مثل المثل المعروف يلي
C:\Users\user\Desktop\audio\audio\051_episode-40-five-proverbs\5171140-five-proverbs_chunk0012_000210119-000220800.wav,شو قصتو هالمثل جحا شخصيه مهضومه وبتضحك معروفه بالعالم العربي هالشخصيه بيكتبو عنا الكتاب
C:\Users\user\Desktop\audio\audio\051_episode-40-five-proverbs\5171140-five-proverbs_chunk0013_000221840-000226240.wav,بيتصرف مع المواقف يلي بيمرق
C:\Users\user\Desktop\audio\audio\051_episode-40-five-proverbs\5171140-five-proverbs_chunk0014_000227960-000235080.wav,ليوصل الكاتب من خلالا الكتير من العبر والدروس بالحياه
C:\Users\user\Desktop\audio\audio\051_episode-40-five-proverbs\5171140-five-proverbs_chunk0015_000236120-000258053.wav,جحا كان عندو بيت فكر بيوم من الايام يبيعو لهالبيت بس بشرط انو يلي بدو يشتريه لازم يخلي بحيط البيت مسمار صاحب البيت الجديد ممنوع يمنع جحه انه يجي كل يوم يتطمن
C:\Users\user\Desktop\audio\audio\051_episode-40-five-proverbs\5171140-five-proverbs_chunk0016_000261440-000281641.wav,وبيوم من الايام اجا شخص واشتري البيت وقبل بشرط جحا بس ما كان عارف شو ناطرو فصار جحا كل يوم يفوت علي البيت ويتطمن علي مسمارو وصار يجي بوقت الضهر عوقت الغدا
C:\Users\user\Desktop\audio\audio\051_episode-40-five-proverbs\5171140-five-proverbs_chunk0017_000282955-000287427.wav,ليتطمن علي مسماره يستحي صاحب البيت
C:\Users\user\Desktop\audio\audio\051_episode-40-five-proverbs\5171140-five-proverbs_chunk0018_000290519-000312261.wav,ويضل جحا قاعد بالبيت للعشا فكمان يتعشا عند صاحب البيت وهيك ضل علي هالحاله كذا يوم وبيوم من الايام بالوقت اللي كان فيه جحا عند صاحب البيت فرش عبايتو وقرر ينام تحت ظل مسمارو
C:\Users\user\Desktop\audio\audio\051_episode-40-five-proverbs\5171140-five-proverbs_chunk0019_000312660-000340374.wav,فصاحب البيت زهق من هالوضع وتركلو لجحا البيت والمسمار وفل هالمثل بينقال لما شخص ما بيربطو بمحل معين الا شي بسيط وما الو قيمه بس صعب انو ينقلو يترك هالمحل لانو مرتبط بهيدا الشي البسيط والمثل التاني يلي رح نحكي
C:\Users\user\Desktop\audio\audio\051_episode-40-five-proverbs\5171140-five-proverbs_chunk0020_000344380-000372054.wav,قصه هالمثل بتقول انو في شخص قدر انو يلقط عصفور وهو وماشي وبايدو هالعصفور شاف عدد كبير من العصافير علي الشجره وقرر انو يطير
C:\Users\user\Desktop\audio\audio\051_episode-40-five-proverbs\5171140-five-proverbs_chunk0021_000371054-000397160.wav,العصفور يلي بايدو ويطلع علي الشجره تيلقط العصافير الكتار واول ما قرب الرجال من الشجره طارو كل العصافير و بما انو طير العصفور الوحيد يلي قدر يلقطو بقي الرجال بلا ولا عصفور والعبره او الدرس يلي بيوصلو هالمثل هو انو الانسان لازم يقتنع ويحافظ علي اللي القادر يحصل عليه والموجود بين ايديه حتي لو كان شي قليل
C:\Users\user\Desktop\audio\audio\051_episode-40-five-proverbs\5171140-five-proverbs_chunk0022_000396579-000404920.wav,احسن من الكتير اللي ما قادر يوصلو ويحصل عليه و تالت مثل هو اجا يكحلا عماها
C:\Users\user\Desktop\audio\audio\051_episode-40-five-proverbs\5171140-five-proverbs_chunk0023_000407799-000417192.wav,بيوم من الايام شاف شاب جارتو وكانت طالعه كتير حلوه عن سر
C:\Users\user\Desktop\audio\audio\051_episode-40-five-proverbs\5171140-five-proverbs_chunk0024_000420720-000439536.wav,فقرر الشب وقتا انو يصير يحط كحل بعيونو تيبين جمالو للناس وهو وعم بحط كحل بعيونو لاول مره فات ضفرو ببؤبؤ عينو جرحا وصار اعمي الشاب بوقتا
C:\Users\user\Desktop\audio\audio\051_episode-40-five-proverbs\5171140-five-proverbs_chunk0025_000440160-000464420.wav,وصارت الناس تقول المثل اجا ليكحلا عماها وقتا حدا يحاول يصلح شي فبقوم بينزعو بدل ما يزبطو والمثل الرابع لليوم مثل كتير معروف والناس كتير بتتداولو هو حبل الكذب قصير شو قصتو هالمثل
C:\Users\user\Desktop\audio\audio\051_episode-40-five-proverbs\5171140-five-proverbs_chunk0026_000467889-000470479.wav,كان في تاجر
C:\Users\user\Desktop\audio\audio\051_episode-40-five-proverbs\5171140-five-proverbs_chunk0027_000471600-000479822.wav,ومره واحد من هالخدم سرق مبلغ مصاري كبير من هالتاجر
C:\Users\user\Desktop\audio\audio\051_episode-40-five-proverbs\5171140-five-proverbs_chunk0028_000486102-000490600.wav,وبوقتا التاجر كتير حتار مين ممكن يكون السارق ففكر التاجر بحيله تيعرف مين هو السارق
C:\Users\user\Desktop\audio\audio\051_episode-40-five-proverbs\5171140-five-proverbs_chunk0029_000491951-000518609.wav,عيط للخدم وجمعن وعطي كل واحد منن حبل طولو نص متر وقلن السارق رح يطول حبلو عشرة سنتيمترات بكرا وطلب منن يجتمعو ويلاقوه تاني نهار و فعلا تاني نهار جمع التاجر الخدم واخد منن الحبال
C:\Users\user\Desktop\audio\audio\051_episode-40-five-proverbs\5171140-five-proverbs_chunk0030_000518319-000524290.wav,فلاقي واحد من الحبال اقصر من بقيه الحبال بعشرة سنتميترات
C:\Users\user\Desktop\audio\audio\051_episode-40-five-proverbs\5171140-five-proverbs_chunk0031_000525770-000552830.wav,يلي صار هو انو السارق فكر انو حبلو رح يطول عشرة سنتيمترات تاني نهار فقام قص عشرة سنتميترات تيبين انو ضل حبلو بنفس الحجم ووقتا اكتشف التاجر وعرف انو هو الحرامي وقال المثل المشهور حبل الكذب قصير
C:\Users\user\Desktop\audio\audio\051_episode-40-five-proverbs\5171140-five-proverbs_chunk0032_000552690-000573409.wav,والعبره من هالمثل انو قد ما الواحد كذب الحقيقه بدا تبين بالاخير وخامس واخر مثل لليوم تعرفت عليه وقتا مره كنت عند اختي وسمعتا عم تقول لابنا انو يقوم يدرس تينجح
C:\Users\user\Desktop\audio\audio\051_episode-40-five-proverbs\5171140-five-proverbs_chunk0033_000575015-000580190.wav,فقلا ابنا ما تخافي اكيد رح انجح بلا ما ادرس حتي
C:\Users\user\Desktop\audio\audio\051_episode-40-five-proverbs\5171140-five-proverbs_chunk0034_000581579-000588096.wav,فقالتلو امو عيش يا كديش لينبت الحشيش استغربت من الجمله اللي
C:\Users\user\Desktop\audio\audio\051_episode-40-five-proverbs\5171140-five-proverbs_chunk0035_000593510-000609419.wav,قالت لي الكديش هو حمار بيستعملو الفلاح لحتي يحرث الارض بيوم من الايام كان في فلاح عندو كديش وما كان يرحمو كان دايما يتعبو ويجوعو
C:\Users\user\Desktop\audio\audio\051_episode-40-five-proverbs\5171140-five-proverbs_chunk0036_000612845-000615023.wav,كيف كان
C:\Users\user\Desktop\audio\audio\051_episode-40-five-proverbs\5171140-five-proverbs_chunk0037_000616510-000622203.wav,فراح لعندو مره وطلب منو انو يرحمو شوي ويريحو ويزدلو اكلو
C:\Users\user\Desktop\audio\audio\051_episode-40-five-proverbs\5171140-five-proverbs_chunk0038_000624270-000652390.wav,بس الفلاح ما كان يسمع كلمه جارو لحتي بيوم من الايام وقع الكديش من الجوع والتعب بوقتا ركض الفلاح لعند جارو لحتي ينصحو ويقلو شو يعمل فجارو للفلاح رجع عاد و كرر النصيحه وقلو انو لازم يريح حمارو ويطعميه اكل اكتر
C:\Users\user\Desktop\audio\audio\051_episode-40-five-proverbs\5171140-five-proverbs_chunk0039_000657863-000672235.wav,رح ريحك وبس يطلع الحشيش بزدلك الاكل ساعتا قال الجار عيش يا كديش لينبت الحشيش اختي عرفتي
C:\Users\user\Desktop\audio\audio\051_episode-40-five-proverbs\5171140-five-proverbs_chunk0040_000675030-000703712.wav,الكديش ما رح يعيش لينبت الحشيش وابني ما رح ينجح اذا ما درس و بهالمثل منختم حلقتنا لليوم عن الامثال الشعبيه اللبنانيه بعد ما خبرتكن شوي عن المثل اللبناني وخبرتكن قصه خمس امثال و حابه اعرف في شي مثل من هالامثال اللي قلتا بتعرفوه وش الامثال اللي حابين
C:\Users\user\Desktop\audio\audio\051_episode-40-five-proverbs\5171140-five-proverbs_chunk0041_000706770-000714369.wav,واكيد منحب نسمع منكن امثال شعبيه جديده ومهضومه بيقولا اللبناني ولوقتا منلتقي بحلقه جديده من لانغويج وايف مع
C:\Users\user\Desktop\audio\audio\052_episode-39-lebanese-emigration\5081006-lebanese-emigration_chunk0000_000000788-000029079.wav,احكيلي احكيلي عن بلدي احكيلي يا نسيم اللي مارق عالشجر مقابيلي عن اهلي حكايه عن بيتي حكايه وعن جار الطفوله حكايه طويله مرحبا انا دارين حبيت بلش بالمقطع الشعري اللي غنتو فيروز للمهاجرين بحلقه اليوم رح نحكي عن حالنا نحنا اللبنانيه اللي عايشين خارج الاراضي اللبنانيه بشكل دائم
C:\Users\user\Desktop\audio\audio\052_episode-39-lebanese-emigration\5081006-lebanese-emigration_chunk0001_000029089-000045773.wav,منسمين المهاجرين او المغتربين المغتربين هي الكلمه المتعارف عليها بشكل اوسع ولكن في اكتر من مصطلح ايضا يطلق علي الاغتراب اللبناني متل الانتشار اللبناني او الشتات اللبناني
C:\Users\user\Desktop\audio\audio\052_episode-39-lebanese-emigration\5081006-lebanese-emigration_chunk0002_000046860-000054648.wav,واللي بكونو هاجرو من لبنان طوعا يعني بكامل ارادتن او كرها يعني غصبن عنن
C:\Users\user\Desktop\audio\audio\052_episode-39-lebanese-emigration\5081006-lebanese-emigration_chunk0003_000056793-000084480.wav,وانتقلو للعيش ببلد اخر الاحصاءات بتقول انو لبنان يعتبر واحد من البلدان اللي عندا اكبر عدد مهاجرين بالعالم قياسا بعدد سكانو وفي ملايين من اصول لبنانيه منتشرين بكافه ارجاء الكره الارضيه والسؤال هو ايمتا بدات الهجره من لبنان عمر الهجره اللبنانيه من عمر تاريخ لبنان
C:\Users\user\Desktop\audio\audio\052_episode-39-lebanese-emigration\5081006-lebanese-emigration_chunk0004_000084530-000110107.wav,وكونو بلد جغرافيا منفتح علي البحر ومتصل بدول اخري عن طريق البر وعنده مطار ناشط فبالتالي كتير كان سهل خروج اللبنانيين من بلدن نحو بلدان اخري اما اكتراسباب الهجره فكانت بالبدايه بهدف تحسين الوضع المادي للانسان وكان اللبناني يعتمد علي التجاره لاختيار وجهه سفرو
C:\Users\user\Desktop\audio\audio\052_episode-39-lebanese-emigration\5081006-lebanese-emigration_chunk0005_000109779-000136084.wav,لهيك معظم اللبنانيين هاجرو باتجاه القاره الاميركيه بالبابور واللي هوي سفينه بحريه كبيره وكان يطلق علين بوقتا اسم تجار الكشه اما مصطلح تجار الكشه فمعناتا تجار الصندوق او تجار الشنطه لانو تجاره الصندوق ما بدا خبره او علم او راسمال
C:\Users\user\Desktop\audio\audio\052_episode-39-lebanese-emigration\5081006-lebanese-emigration_chunk0006_000136130-000159655.wav,وكانت عباره عن صندوق خشبي بيحملو البائع علي ضهرو وبحط فيه حاجات منوعه متل ابر خيطان كلسات صابون علب دخان مرايا عطور وامشاط وبيدور بالشوارع ببيعن مع الوقت تجار الكشه استملكو محلات و صارو يبيعو
C:\Users\user\Desktop\audio\audio\052_episode-39-lebanese-emigration\5081006-lebanese-emigration_chunk0007_000161250-000186149.wav,نشطت الهجره خلال الحرب الاهليه اللبنانيه ولكنا بلغت اقصاها بعد الحرب وتحديدا سنه ألف و تسعمائة و تسعون وصل عدد السكان المهاجرين لحوالي سبعة و ثلاثون من مجمل العدد العام ومن كل الطوايف اللبنانيه وهيدا بسبب سوء الاوضاع الاقتصاديه اللي كان عم يمرق فيا البلد
C:\Users\user\Desktop\audio\audio\052_episode-39-lebanese-emigration\5081006-lebanese-emigration_chunk0008_000186149-000206330.wav,وبعد ألف و تسعمائة و ثمانية و تسعون صارت اعداد كبيره تهاجر طلبا للعلم والتخصص بالخارج وخاصه مع المساعدات الكبيره اللي صارت تقدما الجامعات برا ومؤخرا رجعت موجه جديده من اللبنانيين هاجرت
C:\Users\user\Desktop\audio\audio\052_episode-39-lebanese-emigration\5081006-lebanese-emigration_chunk0009_000205330-000230033.wav,تحديدا بعد التغيرات السياسيه اللي طالت المنطقه واللي تاثر فيها لبنان سلبا من كتير نواحي وابرزا الناحيه الاقتصاديه الامر اللي اثر علي لقمه عيش المواطن و دفعو للسفر الهجره اللبنانيه بمعظمها طاولت الدول الصناعيه باوروبا امريكا الشماليه
C:\Users\user\Desktop\audio\audio\052_episode-39-lebanese-emigration\5081006-lebanese-emigration_chunk0010_000235490-000254829.wav,اما الهجره التقليديه فهي الي دول النفط العربي ودول افريقيا اذا بدنا نحكي بالارقام فالبرازيل هي الدوله اللي فيا اكبر عدد من المهاجرين اللبنانيين حوالي عشرة مليون لبناني ومن بعدها تجي الولايات المتحده
C:\Users\user\Desktop\audio\audio\052_episode-39-lebanese-emigration\5081006-lebanese-emigration_chunk0011_000257429-000285209.wav,والارجنتين بمليون و خمسمائة الف لبناني لتتوالي من بعدا بلدان عديده متل كولومبيا استراليا كندا والمكسيك وبعدين الدول العربيه القريبه متل المملكه العربيه السعوديه وبلدان الخليج يعني اذا بدنا نحكي بالارقام كمان فاعداد اللبنانيين المقيمين بالخارج اضعاف عدد المقيمين هون
C:\Users\user\Desktop\audio\audio\052_episode-39-lebanese-emigration\5081006-lebanese-emigration_chunk0012_000284670-000305170.wav,وبالتالي في لبنان كبير وين ما كان بالعالم وقليل جدا ليكون في عائله لبنانيه ما عندا قرايب واهل مقييمن بالخارج المهاجرين بالخارج بيصير اسمن الجاليات اللبنانيه يعني المجموعات الكبيره من اللبنانيين
C:\Users\user\Desktop\audio\audio\052_episode-39-lebanese-emigration\5081006-lebanese-emigration_chunk0013_000304170-000321290.wav,وهني عندن سفارات لبنانيه بيرجعولا ومؤسسات اجتماعيه وجمعيات بتهتم علي ابقاء التاريخ والتراث اللبناني منتشر ومتعارف عليه بيناتن وخاصه عند الجيل الجديد اللي بيخلق برا
C:\Users\user\Desktop\audio\audio\052_episode-39-lebanese-emigration\5081006-lebanese-emigration_chunk0014_000321850-000346010.wav,فمثلا بيقومو بحفلات سنويه ليتعرف الجيل الجديد علي بعضو ويتزوجو من بعض عندن جمعيات خاصه لتعليم اللغه العربيه الام ومراكز بتعطي دروس خاصه لتعليم بعض الحرف والاشغال اليدويه اللبنانيه متل التطريز والفخار وحياكه الصوف
C:\Users\user\Desktop\audio\audio\052_episode-39-lebanese-emigration\5081006-lebanese-emigration_chunk0015_000346209-000372089.wav,مؤخرا ايضا لاحظت انو صار فيه افراد بتاخد مبادرات شخصيه لتعليم الطبخ اللبناني وبعض التقاليد والعادات وحتي رقص الدبكه الفولكلوري بالاضافه اكيد الي انو السفارات بتحتفل بشكل سنوي بعيد الاستقلال وعيد الجيش بكل فروعا بالعالم وبشاركو اللبنانيين بكثافه بهالنشاطات
C:\Users\user\Desktop\audio\audio\052_episode-39-lebanese-emigration\5081006-lebanese-emigration_chunk0016_000372350-000398170.wav,اسماء كتيره لمعت بين اللبنانيين بدول الاغتراب وكتار من اللبنانيين وصلو للعالميه بنجاحاتن ومراكزن المهمه بكافه الاصعده منذكر منن المحامي والسياسي ميشال تامر اللي تسلم رئاسه الجمهوريه بالبرازيل سنه ألفان و ستة عشر الدين المحاميه اللبنانيه
C:\Users\user\Desktop\audio\audio\052_episode-39-lebanese-emigration\5081006-lebanese-emigration_chunk0017_000400950-000415032.wav,وايضا جراح القلب مايكل دبغي العالمي علي الصعيد الفني ايضا انشهر عمر الشريف الممثل اللبناني المصري والمخرج اللبناني يوسف شاهين
C:\Users\user\Desktop\audio\audio\052_episode-39-lebanese-emigration\5081006-lebanese-emigration_chunk0018_000416274-000420130.wav,اسيا داغر اللي اطلقت
C:\Users\user\Desktop\audio\audio\052_episode-39-lebanese-emigration\5081006-lebanese-emigration_chunk0019_000423170-000447589.wav,ومغنيه البوب والروك الكولومبيه الاصل والعالميه الصفه شاكيرا وكتار غيرن اما علي الصعيد الثقافي والادبي فجبران خليل جبران اللي هاجر للولايات المتحده الاميركيه يعد من اشهر الادباء في المهجر وبشاره وسليم تقلا مؤسسا جريده الاهرام المصريه
C:\Users\user\Desktop\audio\audio\052_episode-39-lebanese-emigration\5081006-lebanese-emigration_chunk0020_000446589-000474589.wav,والكاتب الدبلوماسي جورج انطونيو ساؤول مؤرخ للقوميه العربيه وبما انو الجمال اللبناني ايضا اخذ حصتو حول العالم فلازم نذكر ريما فقيه اللي اخدت لقب ملكه جمال الولايات المتحده الاميركيه سنه ألفان و عشرة ودانيلا رحمه اللي نالت لقب ملكه جمال لبنان للمغتربين عام ألفان و عشرة ايضا
C:\Users\user\Desktop\audio\audio\052_episode-39-lebanese-emigration\5081006-lebanese-emigration_chunk0021_000475029-000495337.wav,اهتمام لبنان بالعلم والثقافه وتدريس اللغتين الانكليزيه والفرنسيه بشكل مكثف بمنهاجو الرسميه بالاضافه لانفتاح لبنان الحضاري علي كافه البلدان هي عناصر ساهمت بنجاح وتقبل المغتربين اللبنانيين في الخارج
C:\Users\user\Desktop\audio\audio\052_episode-39-lebanese-emigration\5081006-lebanese-emigration_chunk0022_000496555-000501289.wav,وسمحلن يكونو محبوبين ومصدر ثقه عند البلدان اللي استضافتن وفتحتلن ابوابا
C:\Users\user\Desktop\audio\audio\052_episode-39-lebanese-emigration\5081006-lebanese-emigration_chunk0023_000503130-000510149.wav,اما التنوع الديني الموجود بلبنان فجعل اللبنانيين عندن تقبل للاخر
C:\Users\user\Desktop\audio\audio\052_episode-39-lebanese-emigration\5081006-lebanese-emigration_chunk0024_000511552-000515521.wav,بسهوله مع البلدان الاجنبيه اللي
C:\Users\user\Desktop\audio\audio\052_episode-39-lebanese-emigration\5081006-lebanese-emigration_chunk0025_000517030-000522969.wav,نظرا لصيته بالجمال وحسن الضيافه والبيئه الرائعه المغتربين اللبنانيين
C:\Users\user\Desktop\audio\audio\052_episode-39-lebanese-emigration\5081006-lebanese-emigration_chunk0026_000528409-000550409.wav,والعديد منن بيرجع بعد سنين حامل مشاريع انمائيه بهدف تطوير البلد وتشغيل اليد العامله المحليه بهدف التخفيف من هجره الشباب المتعلم للخارج وبالتالي تخفيف من خساره لبنان لجزء كبير من ادمغتو الشابه
C:\Users\user\Desktop\audio\audio\052_episode-39-lebanese-emigration\5081006-lebanese-emigration_chunk0027_000550770-000578409.wav,شخصيا كان الي تجربه مع الهجره خلال الحرب اللبنانيه لان والدي هاجر للمملكه العربيه السعوديه لمده خمسة عشر سنه وبالرغم من حبي للمملكه اللي عشنا من خياراتا الا انو متلي متل كتير مغتربين كانت الفرحه الاكبر لما نرجع باجازه الصيف عالبلد او لما نلتقي باي لبناني بالمهجر ونصير نحكي عن لبنان
C:\Users\user\Desktop\audio\audio\052_episode-39-lebanese-emigration\5081006-lebanese-emigration_chunk0028_000578409-000596857.wav,بدي اختم بالقول انو المغتربين اللبنانيين رافعين اسم الوطن بالعالي ونجاحاتن بتخبر عن اصلن اما اغنيه زكي ناصيف المشهوره بتقول راجع راجع يتعمر راجع لبنان راجع متحلي واكتر اكتر ما كان
C:\Users\user\Desktop\audio\audio\052_episode-39-lebanese-emigration\5081006-lebanese-emigration_chunk0029_000598086-000604816.wav,ولا زالت هالاغنيه بتشد اللبنانيين للعوده والامل بوطن علي قدر طموحاتن وقدراتن
C:\Users\user\Desktop\audio\audio\052_episode-39-lebanese-emigration\5081006-lebanese-emigration_chunk0030_000606130-000614049.wav,خلصت حلقتنا لليوم اللي حكينا فيا عن لمحه مختصره عن الاغتراب اللبناني بالعالم انا دارين
C:\Users\user\Desktop\audio\audio\053_episode-38-the-beirut-port-explosion\4982363-the-beirut-port-explosion_chunk0000_000000000-000001432.wav,يوم التلاتا الماضي
C:\Users\user\Desktop\audio\audio\053_episode-38-the-beirut-port-explosion\4982363-the-beirut-port-explosion_chunk0001_000003229-000009823.wav,اب وتحديدا المساء عالساعه
C:\Users\user\Desktop\audio\audio\053_episode-38-the-beirut-port-explosion\4982363-the-beirut-port-explosion_chunk0002_000015336-000025120.wav,عالبيت من وفجاه بترج البنايه كلا بترج يعني بتهز او بتتحرك الارض بقوه
C:\Users\user\Desktop\audio\audio\053_episode-38-the-beirut-port-explosion\4982363-the-beirut-port-explosion_chunk0003_000026278-000051973.wav,للحظه فكرت انو فيه هزه ارضيه بس بعد كم ثانيه بيطلع صوت انفجار قوي كتير ومرعب وبيفقع قزاز الشبابيك والبواب القزاز ما تكسر بس امتص الصدمه نطرنا شويه وقت بحاله من الارتباك والقلق لان ما كان مبين شو صار وما كان بعد في شي عالاعلام
C:\Users\user\Desktop\audio\audio\053_episode-38-the-beirut-port-explosion\4982363-the-beirut-port-explosion_chunk0004_000052819-000057348.wav,كل الناس فكرت انو الحدث قريب كتير عليا او بمنطقتا
C:\Users\user\Desktop\audio\audio\053_episode-38-the-beirut-port-explosion\4982363-the-beirut-port-explosion_chunk0005_000059439-000087419.wav,لحد ما تبين انو كل سكان بيروت وضواحيها وحتي المناطق برا بيروت وصولا للشمال والجنوب بانفجار ضخم مرحبا اعزائي المستمعين عاللانغويج وايف لازم افتتح هالحلقه بعباره منقولا بعد كل ماساه بتحصد ارواح الناس
C:\Users\user\Desktop\audio\audio\053_episode-38-the-beirut-port-explosion\4982363-the-beirut-port-explosion_chunk0006_000087879-000106900.wav,الرحمه للشهدا الشفا للجرحي والسلامه للمفقودين معكن مريم ورح احكيلكن بهالحلقه عن كارثه انفجار مرفا بيروت اللي اكيد معظمكن عم يتابع اخبارا وتداعياتا لحد هلا
C:\Users\user\Desktop\audio\audio\053_episode-38-the-beirut-port-explosion\4982363-the-beirut-port-explosion_chunk0007_000106900-000117540.wav,تداعيات بتعني الاحداث اللي بتصير من بعد كل حدث كبير وبتكون من نتائجو او اثارو او مبنيه عليه
C:\Users\user\Desktop\audio\audio\053_episode-38-the-beirut-port-explosion\4982363-the-beirut-port-explosion_chunk0008_000121427-000147957.wav,بيروت بلشت تتواتر الاخبار تتواتر يعني توصل ورا بعضا واول روايه رسميه انحكت هي انو الانفجار نتج عن احتراق وانفجار عنبر او يعني مخرن وبالانكليزي يعني warehouse فاذا احتراق وانفجار عنبر علي مرفا بيروت بيحتوي كميه
C:\Users\user\Desktop\audio\audio\053_episode-38-the-beirut-port-explosion\4982363-the-beirut-port-explosion_chunk0009_000152539-000174199.wav,حوالي ألفان و سبعمائة طن كانت مخزنه بهالعنبر حد العاب ناريه بالانكليزي يعني fireworks وقالو بالبدايه انو اللي صار كان سببو حريق صار بالغلط خلال شغله صيانه كانت عم تنعمل بالعنبر
C:\Users\user\Desktop\audio\audio\053_episode-38-the-beirut-port-explosion\4982363-the-beirut-port-explosion_chunk0010_000174440-000190379.wav,الحريق خلي الالعاب الناريه تولع وهيك كبر الحريق واشتعلت او ولعت ماده نيرات الامونيوم لتسبب الانفجار الضخم الماده هي بالاساس سماد زراعي
C:\Users\user\Desktop\audio\audio\053_episode-38-the-beirut-port-explosion\4982363-the-beirut-port-explosion_chunk0011_000191199-000212440.wav,يعني ماده كيميائيه او chemical material بتنحط للمزروعات او الplants حتي تحسن نمون او يعني their growth بس كمان هالماده بتستعمل بتصنيع المتفجرات بالانكليزي يعني explosives
C:\Users\user\Desktop\audio\audio\053_episode-38-the-beirut-port-explosion\4982363-the-beirut-port-explosion_chunk0012_000212440-000224065.wav,اما عن ليش هالكميه الكبيره من هيك ماده خطيره مخزنه بمرفا بيروت من سنه الألفان و أربعة عشر لليوم متل ما تبين لاحقا
C:\Users\user\Desktop\audio\audio\053_episode-38-the-beirut-port-explosion\4982363-the-beirut-port-explosion_chunk0013_000225366-000253240.wav,فانحكي انو هالمواد كانت جاي علي باخره من دوله جورجيا لشركه بالموزمبيق باخره يعني متل سفينه كبيره وضخمه وبكون في منا سياحي ومنا لنقل البضايع التجاريه عبر البحر هالباخره كانت قديمه ووضعا سيء وفيها ثقب حتي ثقب بالانكليزي يعني hole
C:\Users\user\Desktop\audio\audio\053_episode-38-the-beirut-port-explosion\4982363-the-beirut-port-explosion_chunk0014_000253220-000280220.wav,يعني في فتحه بجسم السفينه وبتفوت مي وحسب قبطانا يعني الشخص اللي بسوقا انو لمن وقفت السفينه بمرفا بيروت من ست سنين كانت بحاله ما قادره ترجع تكفي رحلتا بالبحر وهيك ضلت شحنه نترات الامونيوم بمرفا بيروت لمده سنين لحد ما صار هالانفجار
C:\Users\user\Desktop\audio\audio\053_episode-38-the-beirut-port-explosion\4982363-the-beirut-port-explosion_chunk0015_000280220-000299000.wav,اعلنت الحكومه اللبنانيه بعد الانفجار فتح تحقيق فوري لكشف حقيقه اللي صار ومحاسبه المسؤولين المشهد ببيروت بعد الانفجار كان ماساوي دمار وخراب كبير كتير
C:\Users\user\Desktop\audio\audio\053_episode-38-the-beirut-port-explosion\4982363-the-beirut-port-explosion_chunk0016_000298980-000324779.wav,ناس عم تمشي وسط هالدمار مجروحه ومنصابه بالشظايا لتلاقي حدا ينقلا عاقرب مستشفي كونو مستشفيات المنطقه اتدمرت بالكامل وخرجت عن الخدمه يعني بطلت قادره تستقبل ناس وتداويون وناس تانيه عم تحاول اتطلع ضحايا من بين او من تحت الردم
C:\Users\user\Desktop\audio\audio\053_episode-38-the-beirut-port-explosion\4982363-the-beirut-port-explosion_chunk0017_000323343-000347209.wav,الردم بالانكليزي يعني rubble او wreckage وفورا استجابت فرق الصليب الاحمر والدفاع المدني اللبناني وهيئات اسعاف اهليه تانيه لمكان الانفجار لمساعده الجرحي وبدا انتشال الضحايا انتشال بتعني انو يطلعو الضحايا
C:\Users\user\Desktop\audio\audio\053_episode-38-the-beirut-port-explosion\4982363-the-beirut-port-explosion_chunk0018_000348429-000363209.wav,وبتاريخ عشرة اب ألفان و عشرون يعني بعد ست ايام من هالانفجار اللي سبب كارثه انسانيه بلبنان وبيروت خاصه كانت اجدد حصيله للضحايا كالتالي
C:\Users\user\Desktop\audio\audio\053_episode-38-the-beirut-port-explosion\4982363-the-beirut-port-explosion_chunk0019_000364329-000386769.wav,مائة و ثلاثة و ستون شهيد اكثر من ستة آلاف جريح عشرات المفقودين و ثلاثمائة الف شخص بدون بيت او مسكن وخسائر ماديه بمليارات الدولارات ويمكن من اكتر المشاهد اللي بعدا عم تبكينا يوميا
C:\Users\user\Desktop\audio\audio\053_episode-38-the-beirut-port-explosion\4982363-the-beirut-port-explosion_chunk0020_000386670-000399532.wav,هي صور وفيديوات اهالي المفقودين اللي عم ينزلو عمكان الانفجار ويعيطو باسم ولادن المفقودين يصرخو اسمائن علي امل انو ولادن يسمعوون ويردو علين
C:\Users\user\Desktop\audio\audio\053_episode-38-the-beirut-port-explosion\4982363-the-beirut-port-explosion_chunk0021_000402989-000414921.wav,تاني يوم بعد الانفجار نزل عالشارع عدد كبير من الشباب المتطوعين من كل انحاء لبنان ليبلشو تنضيف الشوارع ويساعدو الناس المتضررين بتنضيف بيوتن ويشيلو الردم
C:\Users\user\Desktop\audio\audio\053_episode-38-the-beirut-port-explosion\4982363-the-beirut-port-explosion_chunk0022_000418589-000446390.wav,وبنفس الوقت حملو معن كتير مساعدات لهالناس اتضمنت اكل ومي واشيا تانيه محتاجينا الناس وفتحت كتير ناس بيوتا بكل مناطق لبنان لاستضافه الناس اللي بيوتا ما عادت تنسكن حاليا شعوب وحكومات دول العالم بلشت تعزي لبنان وتتضامن معو بعد الكارثه
C:\Users\user\Desktop\audio\audio\053_episode-38-the-beirut-port-explosion\4982363-the-beirut-port-explosion_chunk0023_000445390-000466829.wav,وتعلن عن ارسال مساعدات للبنان اللي كتير منا بلش يوصل فعليا عمطار بيروت الدولي او من خلال الحدود البريه مع سوريا تاني او تالت يوم بعد الانفجار وهالمساعدات اتضمنت مستشفيات ميدانيه او يعني field hospitals مساعدات غذائيه وطبيه
C:\Users\user\Desktop\audio\audio\053_episode-38-the-beirut-port-explosion\4982363-the-beirut-port-explosion_chunk0024_000467968-000480023.wav,نفط لتشغيل الكهربا قمح بدل القمح اللي احترق بمخازن القمح او يعني صوامع او اهراءات القمح اللي موجوده بالمرفا واتدمرت
C:\Users\user\Desktop\audio\audio\053_episode-38-the-beirut-port-explosion\4982363-the-beirut-port-explosion_chunk0025_000481149-000490489.wav,وكمان اتدمر معا مخازن ادويه للامراض المستعصيه متل السرطان بالانكليزي يعني cancer كتير من
C:\Users\user\Desktop\audio\audio\053_episode-38-the-beirut-port-explosion\4982363-the-beirut-port-explosion_chunk0026_000493329-000519429.wav,بنفس الوقت نزل كتير ناس يتظاهرو بغضب بالشارع ويطالبو باستقاله الحكومه اللبنانيه لانو بدن يغيرو النظام السياسي الحاكم بلبنان ولانو اعتبرو انو الفساد بالدوله وعند السياسيين هو المسؤول عن هالجريمه وعن بقاء هالكميه الضخمه من هالماده الخطره كتير بمرفا بيروت
C:\Users\user\Desktop\audio\audio\053_episode-38-the-beirut-port-explosion\4982363-the-beirut-port-explosion_chunk0027_000519010-000532222.wav,بين المناطق السكنيه ومكاتب الشغل كل هالسنين بدل التخلص منا لحد ما وصلت الامور ليصير هالانفجار الضخم اللي كان ممكن يمحي بيروت كلا متل ما
C:\Users\user\Desktop\audio\audio\053_episode-38-the-beirut-port-explosion\4982363-the-beirut-port-explosion_chunk0028_000534830-000549090.wav,وصارت اشتباكات وعنف بالانكليزي يعني clashes و violence بين المتظاهرين او المحتجين من طرف وقوي الامن والجيش من طرف تاني
C:\Users\user\Desktop\audio\audio\053_episode-38-the-beirut-port-explosion\4982363-the-beirut-port-explosion_chunk0029_000552618-000571309.wav,ونص المسا اعلنت الحكومه اللبنانيه عن من حرايق الغابات بنهايه سنه ألفان و تسعة عشر والتظاهرات اللي نزلت عالشارع بكتير مناطق لبنانيه كمان بنهايه ألفان و تسعة عشر
C:\Users\user\Desktop\audio\audio\053_episode-38-the-beirut-port-explosion\4982363-the-beirut-port-explosion_chunk0030_000571845-000593450.wav,لبدا الازمه والانهيار الاقتصادي بلبنان ببدايه سنه ألفان و عشرون وتراجع قيمه الليره اللبنانيه بالاضافه لوباء كورونا وهلا هالتفجير الصادم والكارثي يمكن الناس بلبنان ما عم يلحقو حتي ياخدو نفس بين الازمه والازمه بالبلد هالسنه متل ما
C:\Users\user\Desktop\audio\audio\053_episode-38-the-beirut-port-explosion\4982363-the-beirut-port-explosion_chunk0031_000597633-000619063.wav,ما منفقد الامل اكيد وانتو كمان ما تفقدو الامل لان رح نضل نحاول نبني بلدنا وناسس حياه كريمه فيه النا ولولادنا ولكل الاجيال اللي جاي رغم كل الصعوبات بتمني انتو تكونو بخير وتابعوني دايما بمواضيع جديده عاللانغويج وايف
C:\Users\user\Desktop\audio\audio\054_episode-37-street-food-in-tripoli\4877165-street-food-in-tripoli_chunk0000_000000000-000023756.wav,مرحبا واهلا وسهلا فيكن بحلقه جديده من لانغويج ويف انا نعيم واليوم حنتعرف علي خمسة اكلات شعبيه بتنباع بشوارع طرابلس بشمال لبنان هالاكلات يلي حنتعرف عليا يمكن ما ممكن تلاقو منا بغير مدينه طرابلس بيوم من الايام كنت بزياره لصديق الي بطرابلس
C:\Users\user\Desktop\audio\audio\054_episode-37-street-food-in-tripoli\4877165-street-food-in-tripoli_chunk0001_000023789-000046759.wav,يوما قررنا نقضي النهار عم نكزدر بالشوارع القديمه بالمدينه ونبرم بالاسواق واول ما بلشنا نتمنشي نصحني رفيقي انو نجرب بهيدا اليوم اكلات وحلويات ومشروبات بتنباع علي الطرقات وهيك اول عربايه كعك طلعت بوجنا قررنا انو تكون الترويقه من عندا كعكه طرابلسيه عالفحم
C:\Users\user\Desktop\audio\audio\054_episode-37-street-food-in-tripoli\4877165-street-food-in-tripoli_chunk0002_000046159-000068919.wav,هيدي الاكله معروفه بطرابلس وبتنباع علي عربايات بكونو مجهزين بمنقل فحم ليحمصو عليه الكعكه وعاده الكعكه بتكون محشيه بجبنه وتحديدا جبنه العكاوي يلي بتجي شوي مالحه كل واحد منا طلب كعكه انا اخترت اكلا مع رشه سماق اما رفيقي فحب يزيد عليا فليلفه وبندوره وحر
C:\Users\user\Desktop\audio\audio\054_episode-37-street-food-in-tripoli\4877165-street-food-in-tripoli_chunk0003_000069142-000097860.wav,نحنا وعم ناكل صرنا نتحدث مع صاحب العربايه يلي خبرنا انو هو بياع كعك ابا عن جد يعني بيو كان يبيع كعك وجدو كمان والكعك بشكل عام بلش يتصنع بلبنان من ايام الدوله العثمانيه يعني من ميات السنين خلصنا الترويقه وطلع حق الكعكه بس ألف ليره كملنا كزدورتنا وقبل ما نوصل عالاسواق القديمه منشوف ناس مجمعه علي بسطه عالرصيف
C:\Users\user\Desktop\audio\audio\054_episode-37-street-food-in-tripoli\4877165-street-food-in-tripoli_chunk0004_000098922-000127480.wav,البسطه فكرتا متل العربايه يعني مخصصه للبيع عالطريق بس ثابته يعني ما بتتحرك وما عندا دواليب وعاده بتكون البسطات موجوده عالرصيف او علي جنب الطريق المشهد لفتني قلتلو لرفيقي شو صاير هون قلي قرب لنشرب خرنوب الخرنوب هو الشراب يلي بينعمل من شجر الخروب ومعروف انو بلبنان فيه كتير شجر خروب خاصه بمنطقه الشمال ومن هيدي الشجره نفسا بينعمل دبس الخروب
C:\Users\user\Desktop\audio\audio\054_episode-37-street-food-in-tripoli\4877165-street-food-in-tripoli_chunk0005_000126480-000134159.wav,كنت اول مره بدوق وبشوف هيك نوع من المشروب بين البرتقالي والبني
C:\Users\user\Desktop\audio\audio\054_episode-37-street-food-in-tripoli\4877165-street-food-in-tripoli_chunk0006_000136231-000162740.wav,ونحنا وعم نشرب شفنا عالبسطه محفور سنه ألف و ثمانمائة و ثلاثة و تسعون وهي السنه يلي بلشو يصنعو فيه الخرنوب ويبيعوه علي هالبسطه ومن من جيل ورا جيل بعدو الخرنوب بينعصر وبينباع هون وصعبه كتير انو نلاقي حدا ببيع منو بغير مناطق ونحن وعم نشرب صار يخبرني رفيقي عن فوايد الخرنوب يلي بيحكو عنا الناس هون لجسم الانسان
C:\Users\user\Desktop\audio\audio\054_episode-37-street-food-in-tripoli\4877165-street-food-in-tripoli_chunk0007_000162557-000186490.wav,متل انو منيح للكلاوي والكبد وبساعد عالهضم كل هيدا وحق الكبايه طلع بس خمسمائة ليره ومن بعد ما شربنا الخرنوب كملنا طريقنا عالاسواق الداخليه وهي اسواق شعبيه فيا محلات كتير وعجقه ناس رايحه جايه وبس وصلنا عسوق العطارين كان صار وقت الغدا منشم ريحه
C:\Users\user\Desktop\audio\audio\054_episode-37-street-food-in-tripoli\4877165-street-food-in-tripoli_chunk0008_000187899-000203759.wav,ريحه بصل عم يتقلا مع البهارات وهيك عرفنا حالنا انو وصلنا عند الدبوسي اشهر بياع مغربيه بطرابلس وبكل لبنان محل الدبوسي كتير قديم وعمرو حوالي مائة سنه
C:\Users\user\Desktop\audio\audio\054_episode-37-street-food-in-tripoli\4877165-street-food-in-tripoli_chunk0009_000205849-000234740.wav,محافظين علي بيع المغربيه بهيدا المحل لحد اليوم وصار عندن كذا فرع والمغربيه من اسما ببين انو اصل هالاكله من المغرب وهي عباره عن كريات صغيره من العجين مع حمص بقلوهن مع بصل وخلطه بهارات خاصه وممكن تتاكل مع دجاج ونحن وعم نطلب مغربيه كانت المفاجاه لما سالني البياع اذا بدي سندويش او صحن
C:\Users\user\Desktop\audio\audio\054_episode-37-street-food-in-tripoli\4877165-street-food-in-tripoli_chunk0010_000237039-000248160.wav,هون بتتاكل المغربيه يلا منجرب وفعلا كانت طعمتا كتير طيبه خصوصا مع كبيس اللفت علي جنب
C:\Users\user\Desktop\audio\audio\054_episode-37-street-food-in-tripoli\4877165-street-food-in-tripoli_chunk0011_000249289-000251389.wav,ودفعت حق
C:\Users\user\Desktop\audio\audio\054_episode-37-street-food-in-tripoli\4877165-street-food-in-tripoli_chunk0012_000254259-000257910.wav,كملنا كزدورتنا وقلنا مننزل صوب
C:\Users\user\Desktop\audio\audio\054_episode-37-street-food-in-tripoli\4877165-street-food-in-tripoli_chunk0013_000260140-000264839.wav,هونيك شفنا عربايات لبيع العرانيس والفول والبليله
C:\Users\user\Desktop\audio\audio\054_episode-37-street-food-in-tripoli\4877165-street-food-in-tripoli_chunk0014_000267828-000295579.wav,يابس مش اخضر والبليله هي حبوب الحمص كل هول بينباعو عالعربايات من بعد ما يسلقوهن وبقدموهن مع رشه ملح وكمون ويلي بدو فيه يحط رشه حر كمان هالنوع من العربايات يمكن تشوفو منا بغير مدن متل بيروت وصيدا وصور بس يلي لفتني فيها بطرابلس انو العربايات هون ببيعو عليا كمان شمندر مسلوق
C:\Users\user\Desktop\audio\audio\054_episode-37-street-food-in-tripoli\4877165-street-food-in-tripoli_chunk0015_000295559-000305897.wav,ومتل العاده قلت بجرب دوق شي جديد فاخترت الشمندر وهيك شايل البيع غطي التنجره الكبيره يلي بقلبها شمندر وطلع
C:\Users\user\Desktop\audio\audio\054_episode-37-street-food-in-tripoli\4877165-street-food-in-tripoli_chunk0016_000309984-000314059.wav,قطعا بالصحن وحط معها شويه جزر مع رشه ملح دقتا وكانت طعمتا كتير طيبه مع صاحب
C:\Users\user\Desktop\audio\audio\054_episode-37-street-food-in-tripoli\4877165-street-food-in-tripoli_chunk0017_000319799-000323183.wav,يلي خبرني انه هو من
C:\Users\user\Desktop\audio\audio\054_episode-37-street-food-in-tripoli\4877165-street-food-in-tripoli_chunk0018_000327131-000341818.wav,وصرلو عشرة سنين بيشتغل عليا من لما تخرج من الجامعه وما كان يلاقي وظيفه فقرر يكون عندو عربايه ويعيش منا وقبل ما نفل سالته قديش بتريد قال لي خليها علينا بس انا ما كنت
C:\Users\user\Desktop\audio\audio\054_episode-37-street-food-in-tripoli\4877165-street-food-in-tripoli_chunk0019_000343160-000360382.wav,خلصنا جولتنا عالكورنيش ورجعنا عشوارع المدينه وقبل ما فل عبيروت بقلي رفيقي بعد في اكله كتير طيبه لازم تدوقا قبل ما تمشي قلتلو شو هي هالاكله بدل بايدو علي عربايه واقفه بنص الساحه هيدي اشهر بياع
C:\Users\user\Desktop\audio\audio\054_episode-37-street-food-in-tripoli\4877165-street-food-in-tripoli_chunk0020_000365019-000382308.wav,وخبرني رفيقي انو حلاوه الشميسه هي حلو ما ممكن تلاقي منو بغير طرابلس وال الحداد هني الوحيدين يلي بصنعوا من سنه ألف و ثمانمائة و خمسة و سبعون ومن وقته لهلا انشهروا بصناعه الحلويات وخصوصا حلاوه
C:\Users\user\Desktop\audio\audio\054_episode-37-street-food-in-tripoli\4877165-street-food-in-tripoli_chunk0021_000385100-000395211.wav,وصحيح انو عندن كذا محل بس بعدن لهلا في عربايات بتتنقل بالاحياء متل العربايه يلي وقفنا عليا وطلبنا صحن لكل واحد
C:\Users\user\Desktop\audio\audio\054_episode-37-street-food-in-tripoli\4877165-street-food-in-tripoli_chunk0022_000397040-000417059.wav,فريده من هالحلاوه بتتصنع من الرز والسكر مع قشطه وعلي وجا رشه فستق حلبي ناعم وحق الصحن ثلاثة آلاف ليره هيدي كانت حلقتنا من طرابلس تعرفنا فيها علي خمسة اكلات شوارع ما ممكن تلاقوها الا بشوارع هالمدينه
C:\Users\user\Desktop\audio\audio\054_episode-37-street-food-in-tripoli\4877165-street-food-in-tripoli_chunk0023_000420339-000424920.wav,واسعارها رخيصه بالنسبه لباقي الاكلات بالمطاعم
C:\Users\user\Desktop\audio\audio\054_episode-37-street-food-in-tripoli\4877165-street-food-in-tripoli_chunk0024_000428475-000433339.wav,بالتعليقات وقريبا منرجع منلتقي بحلقه جديده
C:\Users\user\Desktop\audio\audio\055_episode-36-economic-hardship\4783982-economic-hardship_chunk0000_000000000-000015399.wav,خبي قرشك الابيض ليومك الاسود يعني ضب مصرياتك اللي بزيدو عنك وجبتن بتعبك وشغلك ليوم تضطر علين وتكون بمشكله او ازمه او ظرف صعب
C:\Users\user\Desktop\audio\audio\055_episode-36-economic-hardship\4783982-economic-hardship_chunk0001_000017120-000020534.wav,بالزمنات كان عنا بعملتنا
C:\Users\user\Desktop\audio\audio\055_episode-36-economic-hardship\4783982-economic-hardship_chunk0002_000021920-000050106.wav,القرش كان قيمه ماليه لبنانيه مصاري يعني اقل من الليره وكانت الليره اللبنانيه الوحده باياما الا قيمه كبيره في جزدان لهلا بتذكرو بجارور غرفه الماما مليان مصاري لبنانيه بس مصاري بطل الا قيمه وما عادت الناس تتعامل فيا تتعامل فيا يعني تبيع وتشتري فيا
C:\Users\user\Desktop\audio\audio\055_episode-36-economic-hardship\4783982-economic-hardship_chunk0003_000050139-000063354.wav,هالجزدان كان فيه قروش وليرات وكنت حب كتير العب فين مع ولاد الجيران بس لان كان ذكري عزيزه وقاسيه بنفس الوقت عند اهلي كانوا يخافو اخدن وضيعن
C:\Users\user\Desktop\audio\audio\055_episode-36-economic-hardship\4783982-economic-hardship_chunk0004_000065180-000081542.wav,قاسيه لان بتذكرن بايام ما نزلت قيمه الليره اللبنانيه بالتمنينات والتسعينات وصار كل شي مصاري مجميعنا حتي يعلمونا فيا ما الا قيمه مرحبا لكل متابعيننا ومستعميننا عاللانغويج وايف
C:\Users\user\Desktop\audio\audio\055_episode-36-economic-hardship\4783982-economic-hardship_chunk0005_000083080-000106279.wav,معكن مريم بحلقه جديده عن الوضع الاقتصادي والمعيشي اللي عم يعيشوه الناس بلبنان حاليا الوضع الاقتصادي بالانكليزي يعني الeconomic situation عم خبركن هالذكري هلا لان اكيد كتار منكن سمعو عن الازمه الاقتصاديه اللي عم يمرق فيا لبنان هالايام
C:\Users\user\Desktop\audio\audio\055_episode-36-economic-hardship\4783982-economic-hardship_chunk0006_000105440-000131460.wav,ومتل ما عم تسمعو تزامنت احداث واوضاع الكورونا مع وضع اقتصادي مازم بالاساس بلبنان تزامنت يعني صارت او اجت بنفس الوقت مع حدث تاني مازم يعني بوضع سيء وصعب انو ينحل يعني اجا وباء الكورونا بظل وجود ازمه اقتصاديه كبيره كتير بالبلد
C:\Users\user\Desktop\audio\audio\055_episode-36-economic-hardship\4783982-economic-hardship_chunk0007_000130539-000158160.wav,سعر الليره مقابل الدولار عم ينهار يعني بدل ما كنا نصرف الدولار الواحد بألف و خمسمائة ليره لبنانيه سنه ألفان و تسعة عشر حاليا ببدايه شهر تموز ألفان و عشرون زاد او تجاوز سعر الدولار الواحد ال تسعة آلاف ليره لبنانيه هالتدني الكبير تدني يعني لمن شي يصير اقل
C:\Users\user\Desktop\audio\audio\055_episode-36-economic-hardship\4783982-economic-hardship_chunk0008_000158160-000181723.wav,هالتدني الكبير بسعر صرف الليره اللبنانيه اثر علي كل جوانب حياه الناس بلبنان اسعار كل شي وخاصه المواد الغذائيه عم تغلي كتير يوميا وبالتالي معدلات الفقر عم تزيد المواد الغذائيه يعني الاشيا اللي بتناكل او بتسعمل لتحضير الاكل والفقر
C:\Users\user\Desktop\audio\audio\055_episode-36-economic-hardship\4783982-economic-hardship_chunk0009_000180723-000195918.wav,يعني وقت الشخص ما يكون قادر يدفع تكاليف او يامن اساسيات الحياه يعني الامور الضروريه ليقدر الانسان يعيش من اكل ومي وبيت وغيرن
C:\Users\user\Desktop\audio\audio\055_episode-36-economic-hardship\4783982-economic-hardship_chunk0010_000197260-000215298.wav,مثلا ميه الشرب اتضاعف سعرا شنطه المي اللي كنا نشتريا ب ألفان و خمسمائة ليره صار حقا خمسة آلاف ليره لبنانيه لان بلبنان المي اللي بتجي عالبيت بالحنفيات هي بس للاستخدام المنزلي
C:\Users\user\Desktop\audio\audio\055_episode-36-economic-hardship\4783982-economic-hardship_chunk0011_000216704-000241320.wav,يعني للتنضيف والتغسيل وهيدي الامور بس ما فينا لا نشربا ولا حتي نطبخ فيا كمان اسعار الرز والسكر وحتي ربطه الخبز كلا زادت اما اسعار كل شي تاني متل مواد التنضيف والاستحمام والمعدات المنزليه والتياب والعاب الولاد والمفروشات
C:\Users\user\Desktop\audio\audio\055_episode-36-economic-hardship\4783982-economic-hardship_chunk0012_000241742-000268046.wav,يعني اشيا خلينا نسميا كماليات وهي عكس اساسيات الحياه فاسعارا زادت ضرب مرتين وتلاته واربعه يعني مثلا اللي كنا نشتريه ب عشرون الف ليره صار سعرو أربعون او ستون او ثمانون الف ليره لبنانيه ومرات حتي اكتر هالزياده عم تكون يوميه
C:\Users\user\Desktop\audio\audio\055_episode-36-economic-hardship\4783982-economic-hardship_chunk0013_000267046-000294880.wav,يعني بشكل انو الغرض اللي منشتريه اليوم بكرا او حتي بعد كم ساعه بصير سعرو اغلي المصارف او البنوك بلبنان حجزت عاموال الناس الحكي عن الاسباب والتفسيرات طويل كتير بس هدفي بهالحلقه خبركن شو عم يعيشوه الناس بلبنان خلال هالازمه بلشت البنوك تدريجيا تمنع الناس اللي حاطه مصاري بالبنك انو ياخدوون
C:\Users\user\Desktop\audio\audio\055_episode-36-economic-hardship\4783982-economic-hardship_chunk0014_000296995-000318500.wav,وهيك تدريجيا يعني عمراحل او مش دفعه وحده خلال الشهور الماضيه صارو البنوك يحطو سقف للسحب من الحسابات حساب بالانكليزي يعني account وسقف بتعني حد او بالانكليزي limit وشهر بعد شهر يقللو هالسقف
C:\Users\user\Desktop\audio\audio\055_episode-36-economic-hardship\4783982-economic-hardship_chunk0015_000319020-000328340.wav,ووصلو لمرحله انو حتي الناس اللي حاطه مصرياتا بالبنك بالدولار ما عادو يعطوون مصرياتن بالدولار وقت بدن يسحبو
C:\Users\user\Desktop\audio\audio\055_episode-36-economic-hardship\4783982-economic-hardship_chunk0016_000329983-000337925.wav,بيعطوون قيمه هالدولارات بالعمله اللبنانيه حسب السعر اللي محددو مصرف او بنك لبنان المركزي او بالانكليزي يعني ال Central Bank of Lebanon
C:\Users\user\Desktop\audio\audio\055_episode-36-economic-hardship\4783982-economic-hardship_chunk0017_000341040-000368459.wav,واللي عم يكون اقل بكتير من سعر السوق وبقلب هالظرف القاسي بين وباء واقتصاد عم ينهار لكتير اسباب وعوامل تاريخيه ومتراكمه في كتير مؤسسات وشركات واشغال سكرت وكتير ناس خسرت شغلا كليا بفتره التسكير كرمال فايروس كورونا بسبب التدهور الاقتصادي
C:\Users\user\Desktop\audio\audio\055_episode-36-economic-hardship\4783982-economic-hardship_chunk0018_000365713-000390171.wav,التدهور الاقتصادي يعني التراجع الاقتصادي وناس تانيه صارت عم تعيش بنص معاشا الاساسي او حتي اقل معاش او راتب يعني المصاري اللي بياخدا الشخص بنهايه كل شهر مقابل او بدل الشغل اللي بيشتغلو وهيك البطاله
C:\Users\user\Desktop\audio\audio\055_episode-36-economic-hardship\4783982-economic-hardship_chunk0019_000388535-000400712.wav,البطاله يعني الناس اللي ما عندا شغل او وظيفه اما اللي بعده عم يشتغل وبطبيعه الحال
C:\Users\user\Desktop\audio\audio\055_episode-36-economic-hardship\4783982-economic-hardship_chunk0020_000404640-000407480.wav,شو يعني القدره الشرائيه
C:\Users\user\Desktop\audio\audio\055_episode-36-economic-hardship\4783982-economic-hardship_chunk0021_000408639-000421950.wav,يعني اديش الانسان بيقدر يشتري غراض واشيا بمعاشو وهيك كل ما زادت الاسعار بوقت معاشو بعدو نفس الشي بتصير تقل كميه الاشيا اللي بيقدر يدفع كلفتن او يشترين بهالمعاش
C:\Users\user\Desktop\audio\audio\055_episode-36-economic-hardship\4783982-economic-hardship_chunk0022_000424680-000445934.wav,السياحه واللي هي من اهم المجالات اللي بيعتمد عليا الاقتصاد اللبناني صرلا شهور واقفه بسبب وباء كورونا كمان وهيدا شي خلي الازمه تصير اصعب بوقت لبنان مش بلد منتج بلبنان صناعات وانتاجات محليه منقدر نكتفي
C:\Users\user\Desktop\audio\audio\055_episode-36-economic-hardship\4783982-economic-hardship_chunk0023_000448279-000469947.wav,نكتفي يعني تكفينا وما نحتاج زياده عليا ونستورد يعني نجيب الاشيا ونشترين من دول تانيه متل التياب وماركات الاحذيه والماكولات العالميه التلفونات والتلفزيونات وكل شي تكنولوجي باختصار حتي ما طول عليكن
C:\Users\user\Desktop\audio\audio\055_episode-36-economic-hardship\4783982-economic-hardship_chunk0024_000471568-000474705.wav,بقولو انو لبنان بلد بيستورد كل شي
C:\Users\user\Desktop\audio\audio\055_episode-36-economic-hardship\4783982-economic-hardship_chunk0025_000476222-000478213.wav,كتير انواع
C:\Users\user\Desktop\audio\audio\055_episode-36-economic-hardship\4783982-economic-hardship_chunk0026_000479700-000483114.wav,يعني اهم المجالات اللي بيعتمد
C:\Users\user\Desktop\audio\audio\055_episode-36-economic-hardship\4783982-economic-hardship_chunk0027_000487059-000506868.wav,وبنفس الوقت ما فينا نوقف استيراد لان محليا ما مننصنع
C:\Users\user\Desktop\audio\audio\055_episode-36-economic-hardship\4783982-economic-hardship_chunk0028_000505868-000530619.wav,او مننتج الاشيا اللي منحتاجا بحياتنا او اللي بتكفينا بهالفتره الماضيه صارت كتير احداث متسارعه بلبنان شفنا كتير ناس نزلو عالشارع يرفعو مطالبن وشفنا الحكومه اتغيرت حاولنا نواجه تفشي وباء عالمي بشكل انو ما يصير عنا انهيار عالصعيد الصحي ناس خسرت وعجقه كتير بالسوبرماركت لان الناس عم تضل قلقانه انو تغلي الاشيا اكتر واكتر
C:\Users\user\Desktop\audio\audio\055_episode-36-economic-hardship\4783982-economic-hardship_chunk0029_000530894-000546880.wav,ووعجقه عالصرافين لاي حدا بحاجه انو يشتري دولار لشغلو او سفرو لان ما في دولار بالسوق شفنا كتير مبادرات انسانيه واجتماعيه طلعت حتي الناس تحاول توقف
C:\Users\user\Desktop\audio\audio\055_episode-36-economic-hardship\4783982-economic-hardship_chunk0030_000548859-000571440.wav,بعض هالمبادرات اتضمنت جمع مساعدات اكل وشرب ولبس وتوزيعا عالمحتاجين محاوله تامين اشغال بديله للناس اللي خسرت شغلا والطلب من اصحاب الاملاك والبيوت انو يقللو قيمه الاجارات عالناس المستاجره او ما ياخدو ابدا اذا قادرين
C:\Users\user\Desktop\audio\audio\055_episode-36-economic-hardship\4783982-economic-hardship_chunk0031_000570840-000581559.wav,اعزائي مستعمين لانغويج وايف يمكن هالحلقه بتزعل شوي بس لبنان عم يمرق بظروف صعبه وقاسيه عالناس هالايام
C:\Users\user\Desktop\audio\audio\055_episode-36-economic-hardship\4783982-economic-hardship_chunk0032_000583260-000595547.wav,او شو ممكن تكون هالحلول لان هالفتره كتير ضبابيه ضبابيه يعني مش واضح لوين رح تروح الامور وهالكلمه جاي من كلمه ضباب بالانكليزي يعني fog
C:\Users\user\Desktop\audio\audio\055_episode-36-economic-hardship\4783982-economic-hardship_chunk0033_000597479-000612945.wav,بس اكيد ما منفقد الامل كونو بخير دايما شاركوني افكاركن وشو عم تسمعو عن الوضع بلبنان بالتعليقات عالحلقه وتابعوني انا مريم بكل جديد دايما عاللانغويج وايف
C:\Users\user\Desktop\audio\audio\056_episode-35-lebanese-idioms\4670285-lebanese-idioms_chunk0000_000000000-000015420.wav,مصدر فخر لكتير اهل بلبنان انو تكون بنتن او ابنن بياكلو الكتب اكل بتسمع مثلا الجيران عم يحكو عن هالولد سواء بنت او صبي ويقولو
C:\Users\user\Desktop\audio\audio\056_episode-35-lebanese-idioms\4670285-lebanese-idioms_chunk0001_000048353-000060639.wav,ما شا الله عليه هالولد ذكي وشاطر وبياكل الكتب اكل واذا الاهل خبرو القرايبين عن علاماتو بالمدرسه بقولو والله طلع الاول عالمدرسه طبيعي هالولد بياكل الكتب اكل واكل الكتب متل ما كلنا واضح عنا اكيد مش مقصود بحرفيتو بس هو يعني عباره معروفه بين الناس بتنقال لتعطي معني معين اتفقت الناس عليه وبكون غير المعني الدقيق للكلمات الموجوده فيا لانو غالبا هالكلمات معناهن الحرفي ما بكون منطقي او مفيد
C:\Users\user\Desktop\audio\audio\056_episode-35-lebanese-idioms\4670285-lebanese-idioms_chunk0002_000062479-000083479.wav,مستعميننا الاعزاء معكن مريم بحلقه جديده عاللانغويج وايف وبما انكن خبرتونا بالتعليقات انكن حبيتو حلقات الامتال كتير حسيت انو صار ضروري نحكي عن شي بيشبه الامتال بقولولو كنايات او عبارات اصطلاحيه بياكل الكتب اكل هي مثال عهالعبارات
C:\Users\user\Desktop\audio\audio\056_episode-35-lebanese-idioms\4670285-lebanese-idioms_chunk0003_000083660-000093839.wav,والمقصود فيا انو هالشخص او الولد بيدرس كتير لدرجه انو بيحفظ الكتب كتير منيح كانو اكلن
C:\Users\user\Desktop\audio\audio\056_episode-35-lebanese-idioms\4670285-lebanese-idioms_chunk0004_000096173-000102459.wav,بشطاره الولد او اي حدا بعبر عن اعجابو بحدا او او
C:\Users\user\Desktop\audio\audio\056_episode-35-lebanese-idioms\4670285-lebanese-idioms_chunk0005_000106919-000131600.wav,فورا حدا من القاعدين بقول دقو عالخشب وفعلا ممكن تشوف حدا او كل القاعدين دقو عطاوله خشب دقتين او تلاته وضحكو لان عباره دقو عالخشب بتدل عفكره الحسد والخوف منو لمن الناس يعجبا شي عند شخص وتعبر عن هالاعجاب
C:\Users\user\Desktop\audio\audio\056_episode-35-lebanese-idioms\4670285-lebanese-idioms_chunk0006_000132199-000148979.wav,فكان معروف من زمان انو الدق عالخشب بيحمي من الحسد وصيبه العين والاشيا الشريره وهاي مرتبطه بقصص وخرافات قديمه الناس يقولوا هالعباره حتي لو مش قاصدين
C:\Users\user\Desktop\audio\audio\056_episode-35-lebanese-idioms\4670285-lebanese-idioms_chunk0007_000150979-000177170.wav,بس كدلاله انو الشي فعلا حلو وحابين يحموه من صيبه العين او الحسد اما اذا صادفت بالسهره مع الجيران وخلال الحكي عن شطاره الولد او البنت انو حدا من هالولاد اجا سلم وبدو يقعد شوي الاهل فورا بيسكروا الموضوع قدامه وبيغيروا الحديث بعد ما
C:\Users\user\Desktop\audio\audio\056_episode-35-lebanese-idioms\4670285-lebanese-idioms_chunk0008_000179419-000200220.wav,بس ليش ممكن يعملو هيك اذا سالناهن حدا منن رح يقلنا انو بلا ما الولد يسمع كل هالمدح عنو وتكبر الخسه براسو اول شي المدح يعني كلام منيح بينقال للشخص عن صفات او اشيا حلوه بشكلو او شخصيتو
C:\Users\user\Desktop\audio\audio\056_episode-35-lebanese-idioms\4670285-lebanese-idioms_chunk0009_000201479-000227320.wav,اما عباره تكبر الخسه براسو وعارفه عم تضحكو هلا اكيد فاكيد مش معناتا انو فعليا فيه خسه براس اي حدا بس هي كنايه عن انو اذا سمع الولد او اي شخص مدح كتير عنو ممكن يصير يشوف حالو يعني يصير مغرور وما شايف حدا قدامو اد ما معجب بحالو مثال عن
C:\Users\user\Desktop\audio\audio\056_episode-35-lebanese-idioms\4670285-lebanese-idioms_chunk0010_000230360-000257069.wav,خلينا نفترض انو فيه شخصين اسمن سمر وعلاء وكان عندن صديق كتير بحبوه اسمو ساري وكانو كتير اصحاب هني وياه اجت فتره ساري انشغل عنن كتير وصار مدير لشركه وبيوم من الايام بيلتقو فيه صدفه بالشارع وبسلمو عليه هني ومبسوطين كتير بشوفتو
C:\Users\user\Desktop\audio\audio\056_episode-35-lebanese-idioms\4670285-lebanese-idioms_chunk0011_000256500-000274913.wav,بس ساري ما ببادلن الابتسامه وبسلم علين بجديه وبدون ما يحدثن بيستاذن وبفل دغري هون علاء بقول لسمر شوفي كيف اتصرف معنا ولا كاننا رفقه يبدو كبرت الخسه براسو
C:\Users\user\Desktop\audio\audio\056_episode-35-lebanese-idioms\4670285-lebanese-idioms_chunk0012_000267345-000289420.wav,علاء قصدو انو ساري صار شايف حالو ومغرور بعد ما صار مدير لشركه ولهيك ما ابتسملن ولا حدثن بس سمر بتقلو لعلاء معليش
C:\Users\user\Desktop\audio\audio\056_episode-35-lebanese-idioms\4670285-lebanese-idioms_chunk0013_000289859-000316315.wav,يمكن يكون ساري عندو ظرف صعب او متضايق من شي يعني سمر طلبت من علاء انو ما يحكم علي ساري من هالموقف ويحاول يعطيه عذر عذر معناتا متل حجه او تفسير لتصرف ساري بانو كان عن غير قصد مثلا بدل ما يتفسر انو مقصود وبيهدف للاساءه او الاذيه
C:\Users\user\Desktop\audio\audio\056_episode-35-lebanese-idioms\4670285-lebanese-idioms_chunk0014_000317660-000341440.wav,منروح هلا من شطاره الولد اللي بيدرس كتير منيح لصعوبه التربيه والولد اللي بناقش اهلو بكل صغيره وكبيره وكل ما طلبو منو اهلو شي ما بنفذو وكل ما نبهوه عن شغله غلط بجادلن بالف قصه وحكايه يا بابا ادروس منيح مش صح نهمل العلم
C:\Users\user\Desktop\audio\audio\056_episode-35-lebanese-idioms\4670285-lebanese-idioms_chunk0015_000342700-000366000.wav,شو فايده ما هاي الناس عم تتعلم وتتخرج وتقعد بلا شغل او يا ماما ما تتاخر لترجع عالبيت شو بدك بالضهره بهالوقت برد الولد عامو وبقلا شو بعدني ولد صغير بتضلي خايفه علي وقت يكون هاك الوضع مع الولاد بشيبات بيقولوا الاهل عن
C:\Users\user\Desktop\audio\audio\056_episode-35-lebanese-idioms\4670285-lebanese-idioms_chunk0016_000372740-000387619.wav,عندهم جواب سريع وجاهز لكل شي والنقاش معن بعل او بوجع القلب وما بجيب نتيجه ولازم وضح انو بلبنان وباغلب الدول العربيه يا بابا
C:\Users\user\Desktop\audio\audio\056_episode-35-lebanese-idioms\4670285-lebanese-idioms_chunk0017_000392380-000399039.wav,او يا امي ويا بيي كل دوله ومنطقه حسب لهجتا وقت بدن يحكو مع ولادن
C:\Users\user\Desktop\audio\audio\056_episode-35-lebanese-idioms\4670285-lebanese-idioms_chunk0018_000401339-000420750.wav,خاصه اذا كانو عم يطلبو منن شي او عم يعطوون نصيحه بكفي قصص عن الاهل والولاد وخلينا هلا نروح علي حديث بين شخصين عم يتفقو علي شغل مع بعض تجاره ومصاري
C:\Users\user\Desktop\audio\audio\056_episode-35-lebanese-idioms\4670285-lebanese-idioms_chunk0019_000423040-000446000.wav,خلينا نسمي هالشريكين ساره ومروي اذا ساره قلقانه ومتوتره من صفقه شغل ومروي كتير مرتاحه وواثقه انو رح تكون مربحه وبدا تقنع ساره انو تريح بالا كمان بقلب حديث عم يحكوه عن هالصفقه فبتقول مروي لساره
C:\Users\user\Desktop\audio\audio\056_episode-35-lebanese-idioms\4670285-lebanese-idioms_chunk0020_000447279-000455499.wav,حطي ايديكي واجريكي بمي بارده وهالعباره بتدل علي انو اللي عم يقولا واثق كتير من الشي اللي عم يعملو او يقولو
C:\Users\user\Desktop\audio\audio\056_episode-35-lebanese-idioms\4670285-lebanese-idioms_chunk0021_000456519-000480557.wav,وبتعني انو الشخص وقت يتوتر او يخاف بيحمي جسمو يعني بيسخن فاذا طلبنا منو يحط ايديه واجريه بمي بارده ما منكون عم نطلب انو عنجد يجيب مي ويعمل هيك بس منكون عم نطلب انو يروق ويبرد جسمو واعصابو ويطمن لان ما في داعي للقلق كوننا واثقين ومتطمنين ميه بالميه من الشي اللي عم نعملو
C:\Users\user\Desktop\audio\audio\056_episode-35-lebanese-idioms\4670285-lebanese-idioms_chunk0022_000488364-000497899.wav,اسمعي مني يا ساره رح تشتري بيت احلامك بعد هالتجره تجره كلمه بتعني عمليه تجاريه تكون
C:\Users\user\Desktop\audio\audio\056_episode-35-lebanese-idioms\4670285-lebanese-idioms_chunk0023_000501200-000525440.wav,تبالغ يعني تحكي اشيا مش كتير واقعيه يعني مش رح يربحو هلاد مصاري كتير بس عم تحاول تعطي ساره امل بشي هي كتير حابه تعملو ساره هون بتضحك وبتقلا لمروي يلا يلا ما تاكليلي راسي وهاي صار عنا عباره جديده كيف يعني مروي عم تاكل راسا لساره بهالحكي ما تاكلي راسي او بدو ياكلي راسي
C:\Users\user\Desktop\audio\audio\056_episode-35-lebanese-idioms\4670285-lebanese-idioms_chunk0024_000529419-000552449.wav,هي عباره بتنقال وقت حدا يكون عم يعطي شخص تاني وعود كتير عن شغله ويرغبو بموضوع حتي يوافق عليه وممكن يكون عم ببالغ بالوعود يعني تكون وعود مش حقيقيه واكتر بكتير من اللي ممكن يتحقق او كمان بتنقال اذا كان شخص مزعل حدا تاني وغلطان معو
C:\Users\user\Desktop\audio\audio\056_episode-35-lebanese-idioms\4670285-lebanese-idioms_chunk0025_000553839-000581700.wav,واجا عم يصالحو ويحكيه حكي حلو ولطيف ويمدح فيه كتير ليراضيه فالتاني بيعتبر انو هالحكي الحلو والمدح هدفو انو صديقو او حبيبو ياكلو راسو فيه حتي يرضي بسرعه فاذا خلينا نرجع نعدد هالعبارات ونتذكرن وحده وحده الاول بالامتحانات الرسميه هو شخص شاطر كتير و بياكل الكتب اكل
C:\Users\user\Desktop\audio\audio\056_episode-35-lebanese-idioms\4670285-lebanese-idioms_chunk0026_000581440-000596559.wav,ولمن حدا ينعجب بشي وتخاف الناس من الحسد بقولو دقو عالخشب والشخص اللي بعد كل نجاح او تقدم بالحياه بشوف حالو وبصير مغرور بقولو عنو كبرت الخسه براسو
C:\Users\user\Desktop\audio\audio\056_episode-35-lebanese-idioms\4670285-lebanese-idioms_chunk0027_000600479-000606960.wav,اما اللي جوابو مبكل وحاضر بكل لحظه ردا علي اي شي بينقال
C:\Users\user\Desktop\audio\audio\056_episode-35-lebanese-idioms\4670285-lebanese-idioms_chunk0028_000610460-000612913.wav,ومبكل يعني
C:\Users\user\Desktop\audio\audio\056_episode-35-lebanese-idioms\4670285-lebanese-idioms_chunk0029_000615053-000621960.wav,ولمن انطمن حدا من ناحيه اي شي ونطلب انو يكون مرتاح ويوثق بتقييمنا لشي شغله منقلو حط ايديك واجريك بمي بارده حدا
C:\Users\user\Desktop\audio\audio\056_episode-35-lebanese-idioms\4670285-lebanese-idioms_chunk0030_000628246-000640460.wav,يفنص هي كلمه الطف من يكذب بس بنفس معناتا لمن حدا يفنص علي شخص تاني ليقنعو بشي او يراضيه بقول التاني ما تاكلي راسي او بدو ياكلي راسي
C:\Users\user\Desktop\audio\audio\056_episode-35-lebanese-idioms\4670285-lebanese-idioms_chunk0031_000643500-000645806.wav,في كتير
C:\Users\user\Desktop\audio\audio\056_episode-35-lebanese-idioms\4670285-lebanese-idioms_chunk0032_000650799-000672949.wav,عبارات الكل اتفق علي معانيا وبيستعملوا بالاحاديث بس غالبا ما منعرف كيف ومن وين اجو رح نكتفي بهال ستة عبارات بهاي الحلقه جربو تفكرو بمواقف معينه شخصيه ممكن تسمعوون فيا او تستعملوون لان ماكده رح تلاقو انو استخدامن كتير يومي
C:\Users\user\Desktop\audio\audio\056_episode-35-lebanese-idioms\4670285-lebanese-idioms_chunk0033_000674599-000681979.wav,بتمني تكونو بكل خير وعافيه وعموعدنا بحلقات جديده دايما عاللانغويج وايف
C:\Users\user\Desktop\audio\audio\057_episode-34-coronavirus\4590833-coronavirus_chunk0000_000000000-000018044.wav,مع نهايه سنه ألفان و تسعة عشر كنا علي موعد بكوكب الارض مع ظهور مرض معدي وسريع الانتشار انعرف بين الناس باسم فايروس كورونا المستجد او كوفيد
C:\Users\user\Desktop\audio\audio\057_episode-34-coronavirus\4590833-coronavirus_chunk0001_000450509-000451859.wav,تسعة عشر يعني مرض بينتقل من شخص ومستجد يعني جديد بالبدايه كان خبر بعيد فايروس عم ينتشر بالصين وما النا علاقه مباشره فيه بس كان فيه تخوفات من انو يضهر من الصين ويبلش ينتشر حول العالم ونواجه عالميا نسبه عاليه كتير من الاصابات والوفيات يعني بكلمه تانيه يصير وباء الخبر بضل خبر وقصه منحكي فيا عالسريع ومنتجاوزا لحد ما فجاه يصير الموضوع شخصي وقريب والخطر يصير حقيقي وهيك مع نهايه شهر شباط ألفان و عشرون نهايه يعني اخر بلش يعلن عن اول اصابات بالفايروس ظهرت بلبنان الموضوع كان بعدو عنشره الاخبار عدد قليل من الحالات وفحوصات للمخالطين الن مخالطين يعني الناس اللي احتكو بالمرضي او يعني اللي التقوا فيهم قعدوا معهم فتره وباول شهر اذار ألفان و عشرون موضوع هالمرض بالنسبه الي صار حقيقي اكتر وقريب كتير وصرت انا شخص مخالط ومحتمل انو كون منصابه بسبب قعده بالصدفه مع شخص طلع مصاب مرحبا لكل المستمعين عاللانغويج وايف بحلقه اليوم معي انا مريم عن الحياه بهالكم شهر اللي مرقو مع فايروس كورونا بلبنان وصحيح بليله ببدايه شهر اذار اجانا اتصال انو فيه شخص كان موجود بقعده كنا فيا انا وزوجي طلع مصاب بالكورونا بوقتا ما كان بعد فيه اجراءات رسميه من قبل الدوله بلبنان كرمال الفايروس ولهيك توجه تقريبا كل اصدقائنا اللي كانو بهالجلسه علي المستشفي الحكومي والمعروف بمستشفي رفيق الحريري الجامعي بمنطقه الجناح ببيروت حتي يعرفو شو لازم يعملو وكيف يتصرفو كل الاشخاص اللي كان علين عوارض دخلوون عالمستشفي ليعملولن فحص بالانكليزي يعني test وعوارض بتعني علامات ظاهره عالشخص وعجسمو بتدل انو ممكن يكون مريض متل مثلا السعله حراره عاليه التعطيس او الاسهال وهيك امور اما الاشخاص اللي ما علين اي عوارض ظاهره انطلب منن يعملو حجر او عزل منزلي او بالانكليزي يعني quarantine او home isolation لمده خمسة عشر يوم وبهالفتره اذا ظهر اي عوارض منتوجه فورا عالمستشفي الحكومي حتي نعمل فحص ونضل هونيك وهيك ومن باب المسؤوليه الاجتماعيه اتجاه محيطنا يعني اهلنا وقرايبينا والجيران وحتي رفقاتنا وسكان الحي وزملا الشغل بلشنا انا وزوجي فتره حجر منزلي لمده اسبوعين الدعم من اهلنا واصحابنا كان عامل كتير مساعد حتي قدرنا نلتزم بهالحجر فمثلا يوميا كان حدا منن يجبلنا اي غراض نحنا بحاجتا من اكل وخبز ومي للشرب وغيرا ويحطلنا هني عالباب وبعد ما يروحو هني منفتح ومناخد هالغراض الاطمئنان اليومي لاكتر من مره علينا كان كبير خاصه من اهلنا الام والبي اللي كانو مكتابين وعم يتصرفو معنا وكاننا معنا الفايروس اكيد وهي مساله ايام معدوده وممكن نتوفي هيدا القلق والخوف من قبل الاهل مفهوم كتير وكان طبيعي خاصه انو عدد من الاشخاص اللي كانو بهالقعده معنا طلعت نتايج فحوصاتن ايجابيه كمان يعني طلعو منصابين بالعدوي وحاملين الفايروس مرقو هالاسبوعين علي خير وما بين عوارض علي اي حدا مننا بس بالوقت اللي صار ممكن نرجع نتحرك طبيعي كانت بلشت وبناء عليه كانت طلعت الدوله قرار ب خمسة عشر اذار ألفان و عشرون باعلان التعبئه العامه بالبلد التعبئه العامه بقوانين لبنان بتعني مجموعه تدابير او اجراءات يعني تعليمات عند التعرض للخطر يعني وقت يصير في خطر مهدد البلد او سكانو هلا انا رح احكيلكن عن شوي من هالاجراءات خاصه اللي انا التزمت فين شخصيا بالحياه اليوميه فباول فتره تم تسكير الحدود البريه والبحريه والجويه بلبنان جويا يعني المطار تسكر وما عاد يطلع منو او يوصل عليه رحلات وبريا يعني ما عاد في حركه تنقل بين سوريا ولبنان عالحدود انفرض حظر تجول من الساعه سبعة المسا للساعه خمسة الفجر حظر تجول يعني ممنوع حدا يتنقل بالطرقات بهيدا الوقت وكمان انفرض اغلاق او تسكير تام عالانشطه التجاريه ما عدا الافران وامكان بيع المواد الغذائيه يعني متل الدكاكين والسوبرماركت يعني انا شخصيا حتي بعد ما خلصت العزل المنزلي اللي كان لازم التزم فيه ضليت حوالي الشهرين عم اشتغل من البيت يعني شغل عن بعد انفرض اجراء علي تجول او حركه السيارات بالشارع فتقسمت ايام السيارات اللي نمرتا مزوج او مزدوجه يعني بتخلص ب صفر تنين
C:\Users\user\Desktop\audio\audio\057_episode-34-coronavirus\4590833-coronavirus_chunk0002_000457619-000468760.wav,اربعه سته او مسموح تتحرك ايام التلاتا الخميس والسبت اما السيارات اللي نمرتا مفرد او مفرده يعني بتخلص تلاته خمسه سبعه او تسعه مسموع تتجول التنين الاربعا والجمعه طيب والاحد نهار عطله الكل حركه السيارات منعت بالكامل خلال هالنهار
C:\Users\user\Desktop\audio\audio\057_episode-34-coronavirus\4590833-coronavirus_chunk0003_000470480-000493040.wav,مثلا صرنا لما ننزل عالسوبرماركت لازم نكون لابسين كمامات وكفوف مناخد رقم عالباب ومننطر دورنا لان صار فيه عدد محدد مسموح يكون بنفس الوقت عم يتسوق بالمكان حسب اديش كبيره او صغيره هالسوبرماركت وكل ما حاسب شخص عالصندوق
C:\Users\user\Desktop\audio\audio\057_episode-34-coronavirus\4590833-coronavirus_chunk0004_000492140-000502390.wav,الصندوق يعني الكاشيير او مطرح ما مندفع حق الغراض حتي ناخدن ونفل وحاسب يعني دفع حق الغراض ما حاسب
C:\Users\user\Desktop\audio\audio\057_episode-34-coronavirus\4590833-coronavirus_chunk0005_000508100-000533400.wav,الهدف من هالتسكير والاجراءات كان تقليل عدد الاصابات اللي ممكن تصير بفتره وحده يعني الفايروس اول عاخر او اكيد رح ينتشر كتير بس بدل ما يصير في ألف اصابه بيوم واحد والمستشفيات والمراكز الصحيه ما تعود تقدرتستقبل او تستوعب هالعدد منلتزم بهالاجراءات
C:\Users\user\Desktop\audio\audio\057_episode-34-coronavirus\4590833-coronavirus_chunk0006_000532400-000556260.wav,وهيك بقل عدد الاصابات اليوميه كتير بشكل انو ما ينهار القطاع الصحي بسبب الضغط ينهار يعني يتدمر ويبطل يقدر يشتغل والقطاع الصحي يعني المستشفيات المراكز الصحيه المستوصفات او بالانكليزي يعني ال Medical او health sector
C:\Users\user\Desktop\audio\audio\057_episode-34-coronavirus\4590833-coronavirus_chunk0007_000557399-000564359.wav,الاصابات تبين في بعض الناس صارو يتجاوزو الاجراءات يعني ما
C:\Users\user\Desktop\audio\audio\057_episode-34-coronavirus\4590833-coronavirus_chunk0008_000567860-000591599.wav,ويتساهلو بالموضوع يعني يطنشو كل شي وما يعطو اهميه لموضوع الوباء فشهد لبنان عوده ارتفاع بالاصابات ببدايه حزيران ألفان و عشرون ترافقت مع اعلان اجراء جديد وهو فرض لبس الكمامه علي اي شخص ماشي بالشارع اللي بخالف هيدي الاجراءات بياكل ضبط
C:\Users\user\Desktop\audio\audio\057_episode-34-coronavirus\4590833-coronavirus_chunk0009_000591380-000619520.wav,وضبط يعني مخالفه ماليه من قبل الدوله او بكلمات تانيه عقوبه ماليه لعدم الالتزام بالقانون واكيد مش المقصود انو بياكلو حرفيا بس هيدا تعبير عام منقولو بلبنان بمعني انو شخص تلقي او انعطي او اجاه شي مش منيح وما رح يكون مبسوط فيه بتاريخ ثلاثة عشر تموز ألفان و عشرون
C:\Users\user\Desktop\audio\audio\057_episode-34-coronavirus\4590833-coronavirus_chunk0010_000618520-000646460.wav,يوم اعداد هالحلقه ووفق اخر احصائيه يوميه قدمتا وزاره الصحه اللبنانيه بهدف تتبع او متابعه فايروس كورونا بلبنان بلغ العدد الكامل للاصابات من اول ظهورو عنا بنهايه شباط ألفان و عشرون لمنتصف تموز ألفان و عشرون ألفان و أربعمائة و سبعة عشر اصابه وستة و ثلاثون وفيه
C:\Users\user\Desktop\audio\audio\057_episode-34-coronavirus\4590833-coronavirus_chunk0011_000646200-000673280.wav,حسب حكي العلما فايروس كورونا المستجد رح يضل معنا بهالشكل لفتره من الزمن لهيك لازم نتاقلم مع وجودو يعني نتعايش معو حتي نقدر نكفي حياتنا وشغلنا بس كيف يعني نتعايش يعني برجعتنا لنمارس حياتنا الطبيعيه مناخد كل الاحتياطات اللي حكولنا هني الدكاتره والعلما وذكرنا منن بالحلقه
C:\Users\user\Desktop\audio\audio\057_episode-34-coronavirus\4590833-coronavirus_chunk0012_000673020-000700449.wav,نهتم بالنضافه والتغسيل ونمارس التباعد الجسدي حتي نحمي حالنا ونحمي كل الناس اللي منحبن اعزائي مستعمين لانغويج وايف بتمني تكون هالمحنه مرقت عليكن عخير محنه يعني تجربه او ظرف صعب او قاسي شاركوني تجاربكن بفتره كورونا بالتعليقات عالحلقه وتابعوني انا مريم بكل جديد دايما عاللانغويج وايف
C:\Users\user\Desktop\audio\audio\058_episode-33-beit-beirut\4499471-beit-beirut_chunk0000_000000000-000028399.wav,اهلا وسهلا فيكن بحلقه جديده من لانغويج وايف انا نعيم واليوم حنرجع بالزمن لذكري من ايام الحرب الاهليه عاده بس نجيب سيره الحرب الاهليه بلبنان منقول تنذكر وما تنعاد يعني تضل ذكري وما نرجع نعيش متلا مره تانيه حلقتنا حتكون عن شاهد عهالحرب وهو البيت الاصفر هيك اسمو لان الحجار والصخور يلي معمر منا لونا اصفر
C:\Users\user\Desktop\audio\audio\058_episode-33-beit-beirut\4499471-beit-beirut_chunk0001_000027399-000038084.wav,وهو مبني قديم عمرو حوالي مائة سنه موجود ببيروت حنحكي عن تاريخ هالبيت يلي مرق ب ثلاثة مراحل قبل الحرب وبعدا وخلالا
C:\Users\user\Desktop\audio\audio\058_episode-33-beit-beirut\4499471-beit-beirut_chunk0002_000039400-000051106.wav,هالبيت كنت شوفو بس كون مارق من شارع السوديكو انا ورايح عالجامعه كان يلفتني لونه الاصفر وشبابيكو واناطرو مع انه قديم ومهجور ومضرر
C:\Users\user\Desktop\audio\audio\058_episode-33-beit-beirut\4499471-beit-beirut_chunk0003_000054880-000071879.wav,البيت الاصفر يمكن يكون من اكتر البيوت يلي كانت شاهده عالحرب بلبنان بسبب موقعو الجغرافي يعني بسبب وجودو علي خط التماس بين الشرقيه والغربيه وبس نقول شرقيه وغربيه يعني شرق بيروت وغرب بيروت ايام الحرب الاهليه
C:\Users\user\Desktop\audio\audio\058_episode-33-beit-beirut\4499471-beit-beirut_chunk0004_000076959-000085753.wav,وانقسمت بيروت بوقتا بين الشرقيه يلي كانو غالبيه سكانا مسيحيه والغربيه يلي
C:\Users\user\Desktop\audio\audio\058_episode-33-beit-beirut\4499471-beit-beirut_chunk0005_000087620-000114319.wav,وبقيت الحاله هيك خمسة عشر سنه وسنه ألف و تسعمائة و تسعون خلصت الحرب من بعد ما خلصت الحرب في كتير بيوت ترممت ورجعو صحابن عليا بس البيت الاصفر بقي متل ما هو من دون ترميم وحتي من دون بواب وشبابيك ويلي بيمرق من حدو بفكر انو مبارح خلصت الحرب مع انو كل البيوت والبنايات حواليه اما مرممه او جديده
C:\Users\user\Desktop\audio\audio\058_episode-33-beit-beirut\4499471-beit-beirut_chunk0006_000114255-000127794.wav,خمسة سنين بقيت امرق من حد البيت كل يوم تقريبا بس ولا مره جربت فوت عليه وكنت لما امرق من حده قول بيني وينن صحابو هلا ما
C:\Users\user\Desktop\audio\audio\058_episode-33-beit-beirut\4499471-beit-beirut_chunk0007_000128979-000139147.wav,وبيوم من الايام انا ومارق متل العاده بشوف مجموعه اشخاص فايتين لجوا البيت الاصفر وهون قررت لاول مره قرب ع
C:\Users\user\Desktop\audio\audio\058_episode-33-beit-beirut\4499471-beit-beirut_chunk0008_000141839-000167660.wav,واكتشفت وقتا انو هالاشخاص هني مهندسين ومهندسات عندن مهمه من بلديه بيروت وهي اعاده تاهيل المبني وتحويلو لمتحف سنه ألفان و عشرة بلشت عمليه التاهيل واول شي صار هو كان تغيير اسم البيت الاصفر لاسم جديد وصار اسمو بيت بيروت لان ح يتحول لمتحف بيحكي عن تاريخ المدينه
C:\Users\user\Desktop\audio\audio\058_episode-33-beit-beirut\4499471-beit-beirut_chunk0009_000167580-000195869.wav,اعمال التاهيل كانت عم بتصير بمساعده فنيه من بلديه باريس ويلي عم بنفذو الشغل هني مجموعه مهندسين لبنانيين وبعد حوالي ستة سنين اكتملت عمليه اعاده تاهيل البيت وكلفت ثمانية عشر مليون دولار وهيك صار بيت بيروت متحف ومركز ثقافي جاهز لاستقبال الناس بعد اسبوع من افتتاح البيت بشكل رسمي
C:\Users\user\Desktop\audio\audio\058_episode-33-beit-beirut\4499471-beit-beirut_chunk0010_000194869-000199960.wav,قررت ارجع روح لهونيك وفوت عالبيت واعرف اكتر عن تاريخو وتفاصيلو يلي حاحكي عنا هلا
C:\Users\user\Desktop\audio\audio\058_episode-33-beit-beirut\4499471-beit-beirut_chunk0011_000202880-000208932.wav,اول شي لفتني لما فتت عالبيت هو انه اسار الحرب متل الرصاص
C:\Users\user\Desktop\audio\audio\058_episode-33-beit-beirut\4499471-beit-beirut_chunk0012_000211679-000226199.wav,مهندس المشروع تقصد يترك هيدي العلامات يلي بتحكي عن مرحله مهمه من تاريخ البيت وهي مرحله الحرب وكمان في شغلات تانيه كانت موجوده بالبيت من هيديك الايام بعد شوي
C:\Users\user\Desktop\audio\audio\058_episode-33-beit-beirut\4499471-beit-beirut_chunk0013_000227396-000256020.wav,تقصدو المهندسين يتركوا محلا كرمال يحافظو علي كل التفاصيل يلي مرقت علي هالبيت من بعد ما دخلت المبني وقفت شوي بالمدخل وصرت اطلع يمين شمال لاحظت انه مقسوم لقسمين وكل قسم عندو دراج عالجوانب وبالنص في مساحه فاضيه متل سطيحه من هيدي السطيحه بتتفرع منها دراج وممرات موجود فيها شجره الزيتون وشجره اكي دنيا وياسمينه
C:\Users\user\Desktop\audio\audio\058_episode-33-beit-beirut\4499471-beit-beirut_chunk0014_000256239-000278480.wav,من قرنه لقرنه ومن طابق لطابق صرت ابرم بالبيت واتفرج علي صور قديمه للبيت معلقه عالحيطان وحد كل صوره مكتوب تفاصيل ما كنت اعرفا ومن بينا انو بيت بيروت اسمو الاساسي كان مبني بركات ليش كان اسمو هيك لان كان ملك ناس عيلتن بركات
C:\Users\user\Desktop\audio\audio\058_episode-33-beit-beirut\4499471-beit-beirut_chunk0015_000281254-000285258.wav,المعماري المعروف يوسف افتيموس
C:\Users\user\Desktop\audio\audio\058_episode-33-beit-beirut\4499471-beit-beirut_chunk0016_000286343-000289676.wav,وبوقتا استخدم الحجار الرمليه والصخريه ليعمرو
C:\Users\user\Desktop\audio\audio\058_episode-33-beit-beirut\4499471-beit-beirut_chunk0017_000290339-000316885.wav,وبعد فتره حوالي ثمانية سنين انضاف علين طابقين بناهن المهندس المعماري فؤاد قزح وهيك صار المبني مالف من أربعة طوابق
C:\Users\user\Desktop\audio\audio\058_episode-33-beit-beirut\4499471-beit-beirut_chunk0018_000300745-000309899.wav,وكل طابق فيه شقتين يعني فعليا بيت بيروت كان عباره عن ثمانية بيوت سكنيه مجموعه بمبني واحد
C:\Users\user\Desktop\audio\audio\058_episode-33-beit-beirut\4499471-beit-beirut_chunk0019_000314239-000342559.wav,يلي استعملها المهندس افتيموس ليعمر البيت هالحجار والعواميد دفعو حقن صحاب البيت نقولا وفيكتوريا بركات بليرات الدهب عيله بركات مش وحدن كانو ساكنين بالبيت اشخاص تانيين هالاشخاص ما كانو من نفس العيله ولا من نفس المنطقه مجتمعين بنفس وبس بلشت الحرب تفرقو عن بعض
C:\Users\user\Desktop\audio\audio\058_episode-33-beit-beirut\4499471-beit-beirut_chunk0020_000342540-000346010.wav,من بين القصص يلي صارت هون بلشت الحرب
C:\Users\user\Desktop\audio\audio\058_episode-33-beit-beirut\4499471-beit-beirut_chunk0021_000347069-000359317.wav,سكان المبني فلو منو بسبب المعارك خصوصا انو موقع المبني كان علي خط تماس يعني علي خط المواجهه مباشره المبني من
C:\Users\user\Desktop\audio\audio\058_episode-33-beit-beirut\4499471-beit-beirut_chunk0022_000363807-000369452.wav,كنت اكتشف تفاصيل بتحكي شو المتاريس يلي
C:\Users\user\Desktop\audio\audio\058_episode-33-beit-beirut\4499471-beit-beirut_chunk0023_000371779-000397040.wav,المتاريس هي عباره عن كياس رمل بيحتمي فيها المحارب خلال المعركه بالطابق الارضي تنقلت بباحه كبيره يعني متل دار بتطل عليه كل شبابيك المبني والممرات الداخليه هالطابق من بعد الترميم صار مكتبه عامه فيها كتب بتحكي عن تاريخ وذاكره بيروت وفيها كمان تحف وتذكارات عن المدينه
C:\Users\user\Desktop\audio\audio\058_episode-33-beit-beirut\4499471-beit-beirut_chunk0024_000396899-000423332.wav,ولما وصلت عالطابق الاول فتت علي غرفه من الغرف يلي كان يقعد فيها قناص ايام الحرب ولاحظت انو حيطان هالغرفه مدعمه بالباطون وفيها فتحات صغيره بالحيطان هالفتحات والتدعيم بالباطون عملا المحاربين ليحتمو ويطلقو النار من خلالا علي الشوارع يلي بطل عليها البيت خصوصا انو البيت موقعو استراتيجي
C:\Users\user\Desktop\audio\audio\058_episode-33-beit-beirut\4499471-beit-beirut_chunk0025_000422332-000436370.wav,يعني كاشف وبطل علي كذا شارع بهيدا الطابق كان ساكن حكيم سنان ومتلو متل غير سكان بس بلشت الحرب ترك البيت وفل بس ادواته الطبيه
C:\Users\user\Desktop\audio\audio\058_episode-33-beit-beirut\4499471-beit-beirut_chunk0026_000440200-000459140.wav,وحتي كتابات المحاربين تقصد المهندسين يتركوا مكتوبه عالحيطان كملت جولتي ووصلت عالطابق الثاني بهيدا الطابق كمان بعدا الصور القديمه والتحف الفنيه محلا من ايام ما كانو سكان البيت ساكنين فيه وحتي
C:\Users\user\Desktop\audio\audio\058_episode-33-beit-beirut\4499471-beit-beirut_chunk0027_000464675-000469544.wav,لمساحه مفتوحه مخصصه للمعارض والنشاطات يلي بتركز
C:\Users\user\Desktop\audio\audio\058_episode-33-beit-beirut\4499471-beit-beirut_chunk0028_000470660-000477956.wav,يعني القصص القديمه يلي كانت معروفه بين الناس متل عادات وتقاليد ومناسبات اجتماعيه قديمه
C:\Users\user\Desktop\audio\audio\058_episode-33-beit-beirut\4499471-beit-beirut_chunk0029_000482805-000494933.wav,لشكل شخص واقف اكتشفت انو هيدي الرسمه وراها قصه المحاربين يلي رسموها والهدف منها هو انو يخدعو اعدائن اذا حاولو يفوتو عالبيت
C:\Users\user\Desktop\audio\audio\058_episode-33-beit-beirut\4499471-beit-beirut_chunk0030_000497232-000501115.wav,بتكون خلصت جولتي بالبيت من بعدا وهو البيت الاصفر
C:\Users\user\Desktop\audio\audio\058_episode-33-beit-beirut\4499471-beit-beirut_chunk0031_000508274-000523643.wav,لكنو بيختلف كليا عنو من الناحيه الهندسيه المبني هيدا مالف من أحد عشر طابق واجهتو من القزاز وبيطل علي بيت بيروت معرض لغراض العيال يلي سكنت بالبيت الاصفر وتركوها
C:\Users\user\Desktop\audio\audio\058_episode-33-beit-beirut\4499471-beit-beirut_chunk0032_000525588-000543851.wav,وبالمبني الجديد كمان في مركز لرصد تحولات المدينه وتغيراتا وبقلبو قاعتين للمؤتمرات وهو من الابنيه الصديقه للبيئه والكهرباء يلي فيه بتشتغل عالطاقه الشمسيه كانت حلقتنا لليوم عن بيت بيروت يلي
C:\Users\user\Desktop\audio\audio\058_episode-33-beit-beirut\4499471-beit-beirut_chunk0033_000546820-000548820.wav,هالبيت او
C:\Users\user\Desktop\audio\audio\058_episode-33-beit-beirut\4499471-beit-beirut_chunk0034_000551479-000554965.wav,وانا بلاقيكن بحلقه جديده من لانغويج ويف
C:\Users\user\Desktop\audio\audio\059_episode-32-traditional-handicrafts\4402277-traditional-handicrafts_chunk0000_000000233-000015819.wav,مرحبا انا دارين بحلقه اليوم رح نحكي عن بعض انواع الحرف اللبنانيه اليدويه وكلمه حرف معناتا مهن تراثيه قديمه بمارسوا ناس منسمين الحرفيين
C:\Users\user\Desktop\audio\audio\059_episode-32-traditional-handicrafts\4402277-traditional-handicrafts_chunk0001_000017522-000043119.wav,بيعتمدو فيا علي ايدين وشويه ادوات بسيطه وتعتبرهالمهنه من اقدم المهن عبر التاريخ اللي سعي فيا الانسان للاعتماد علي المواد الاوليه من الارض هالقطاع بيتبع للقطاع الصناعي بالبلدان وبتسميه الدوله القطاع الحرفي وبتتفق كل فئات المجتمع علي اهميه الحرف كهويه وتراث للبلد
C:\Users\user\Desktop\audio\audio\059_episode-32-traditional-handicrafts\4402277-traditional-handicrafts_chunk0002_000044690-000061569.wav,ومنشان هيك بتحط الدول خطط انمائيه واستراتيجيه لتحافظ علي استمراريه الحرفيين واستمرار انتاج الصناعات والحرف التراثيه والتقليديه من الحرف بتتمارس مثل الارتيزانا
C:\Users\user\Desktop\audio\audio\059_episode-32-traditional-handicrafts\4402277-traditional-handicrafts_chunk0003_000446644-000473679.wav,صناعه الصابون التطريز الفخار الخزف صناعه الاجراس سلال القش نفخ الزجاج صناعه الجلود الحياكه دق الفضه نجاره الاخشاب للزينه صياغه الدهب والفضه استخراج الاملاح البحريه حياكه السجاد وصناعه النحاس وكتير غيرا هالحرف بتنتشر علي كل الاراضي اللبنانيه وكل منطقه بيزدهر فيا نوع محدد من الحرف اللي ممكن تكون عم يتناقلوها السكان ابا عن جد ومصطلح ابا عن جد يعني انو العيله ورثت بعضا هالمهنه اللي انتقلت من الجد للبي واخيرا للابن اللي ممكن ينقلا للاحفاد بالمستقبل اول حرفه منتشره بلبنان راح نحكي عنا هي صناعه سلال القش كلمه سلال هي جمع كلمه سله واللي هي اناء الو مسكه يستعمل لقطف الخضار والفواكه وبتنتشر اكتر شي بضيعه عمشيت وزغرتا بشمال لبنان ارتبطت هالحرفه بالحياه اللبنانيه الريفيه وبتبلش هالصناعه بنقع القش بالمي حتي يصير طري وما يتكسر وبيصير الحرفي يجدل هالقش ببعضو ليتماسك وياخد الشكل المطلوب ان كان سله ام برنيطه ام شنطه بحر تاني حرفه هي صناعه الفخار واللي بتنتشر كتير بضيعه راشيا وبيت شباب والشوف والفخار هو من اقدم الحرف علي وج الارض كونو بيعتمد بشكل اساسي علي الطين الاحمر اللي مصدرو التربه الغنيه صناعه الفخار بترتكز علي تنفيذ اواني مائده الطعام من صحون وطناجر واباريق للمي والشاي وكبايات وكتير غيرا بتبتدي بانو يجيب الفاخوري اي صانع الفخار الطين الاحمر ويدوبو بشويه مي لحتي يصير عندو عجينه متماسكه وسميكه بعدين بحط العجينه علي طاوله بتبرم وبتصير تدور هو وعم يحرك ايديه بمهاره ليصنع من الفخار اي شكل بدو ياه وخلال دوران القطعه بيتاكد الفاخوري انو دايما يبللا بالمي لتصير طريه بين ايديه ويقدر يتحكم فيا بعد ما ياخد الفخار شكلو النهائي بيركبلو الفاخوري مسكتو او متل ما منقول بالعربي الدارج دينتو وبالمناسبه من هون طلع مثل الفاخوري بيركب دينه الجره متل ما بدو كدلاله لحريه الشخص بتنفيذ الشكل اللي بدو ياه وبعد هيك بيفوت الفخار الطري علي فرن نار مخصوص وحرارتو كتير عاليه وبيقعد بالفرن لينشف ويصير قاسي وبعدين ممكن يتلون بالوان مختلفه او ينترك علي لونو البني المحمر الاساسي انا شخصيا دايما بحرص انو يكون عندي ابريق من الفخار وهالعاده اخدتا من بيت ستي اللي كانت دايما تعلق بريق الفخار بالسقف برا عالمدخل لكل اهل البيت يشربو من ميتو المسقعه ليش لانو الفخار معروف قديش بحافظ علي البروده وخاصه بايام الصيف الحاره راح ننتقل هلا لحرفه نفخ القزاز واللي بتنتشر باكتر من منطقه بلبنان متل البداوي بطرابس والصرفند حد صيدا تقنيه نفخ القزاز كتير قديمه وما دخل عليا الكتير من التطور الصناعي علي كرسي قدام فرن من النار وبيمسك بايدو حديده طويله الا مسكه من خشب براس هالحديده بكون في طابه زجاجيه حاميه بيشيلا من الفرن وبيصير ينفخ بكل قوتو بنص الحديده لحتي تنتفخ الطابه الزجاجيه ويحركا وهو مستمر بالنفخ لتاخد الشكل اللي بدو ياه وبعدين بيزيد المسكات او الزلومه اللي بتكون الجزء المخصص لسكب المي مننتقل للحياكه اللي الا دور كبير بين حرف لبنان وهالمهنه تناقلتا عائلات ومناطق باكملا والحياكين يعني الاشخاص اللي بيشتغلو بالحياكه بيستعملو صوف الخروف شعر الماعز لممارسه هالمهنه الممتعه واللي منتشره بكل بلدان العالم خصوصا اللي بيربو مواشي وكلمه مواشي يعني الخواريف والماعز والاغنام والابقار بيصنعو من صوفن خيطان طويله ومتينه بيصبغوون بالالوان الحلوه وبعدين بيحيكوون ليصيرو شنط ملونه عبايات سجاد او حتي خيم وكتار من السواح بتلاقين بيختارو شراء عبايه او شنطه من الحياكين واخدا كهديه لاصحابن بالخارج من الحياكه والتطريز هو خياطه دقيقه بالابره والخيط للعبايات والايشاربات والمناديل وشراشف الطاوله التطريز بكون اما عبر استخدام الابره والخيط واما عبر استخدام مكنه الخياطه اليدويه وبالتطريز منعمل اشكال دقيقه من الورود والزخارف علي الاقمشه وكل ما زادت التطاريز كل ما ارتفع ثمن القطعه لازم اذكر انو التطريز الشرقي بيدخل بصناعه الملابس الفخمه الجاهزه وكتار من مصممي الازياء حول العالم بيستوحو رسومات ونقشات تطريزات تصاميمن من العالم العربي اللي كان السباق بهالمهنه الحرفيه اما حرفه صناعه الصابون البلدي فهي من اشهر الحرف اللبنانيه وبما انو لبنان بلد بتنتشر فيه زراعه الزيتون فمن الطبيعي تنتشرهالحرفه وخاصه بصيدا والكوره وجبل لبنان والحرفيين اللي بيصنعو الصابون بيعطوه اشكال مختلفه عبر استخدام قوالب حديديه بينسكب فيا الخليط هو وسخن
C:\Users\user\Desktop\audio\audio\059_episode-32-traditional-handicrafts\4402277-traditional-handicrafts_chunk0004_000473491-000478546.wav,فبياخد الصابون كتير اشكال من المربعات للدوايرللصدف والزهور
C:\Users\user\Desktop\audio\audio\059_episode-32-traditional-handicrafts\4402277-traditional-handicrafts_chunk0005_000481119-000501579.wav,وبيعطوه ايضا روايح مختلفه من ريحه الزيتون اللافندر والورود الياسمين والصنوبر وغيرن ازدهرت حرفه الصابون البلدي بالعصور الماضيه بشكل كبير وكان لبنان من اوائل البلدان المنتجه والمصدره للصابون
C:\Users\user\Desktop\audio\audio\059_episode-32-traditional-handicrafts\4402277-traditional-handicrafts_chunk0006_000501540-000525239.wav,وتهافتت الدول علي استيرادو نظرا لفوائدو التجميليه والصحيه الكتيره للبشره والجلد وسعرو المقبول وجوده نوعيتو كل الحرف عم تمرق بازمات اقتصاديه كبيره خاصه انو الحرفيين بيتكلو علي ايدين بشكل اساسي والمواد الاوليه اللي مرات كتير ما بتتواجد
C:\Users\user\Desktop\audio\audio\059_episode-32-traditional-handicrafts\4402277-traditional-handicrafts_chunk0007_000525239-000533239.wav,وغياب دعم الدوله لهالقطاع بخلي عيل كتيره تقعد بلا شغل وتتراجع هالمهنه
C:\Users\user\Desktop\audio\audio\059_episode-32-traditional-handicrafts\4402277-traditional-handicrafts_chunk0008_000534787-000551955.wav,لهيك بلبنان في حوالي سبعة الاف مؤسسه حرفيه منتشره علي كافه الاقضيه اللبنانيه وبظل غياب الاهتمام بهالقطاع فينا كافراد نساهم بتشجيع العمل فيه بتصرفات بسيطه يوميه ممكن نمارسا
C:\Users\user\Desktop\audio\audio\059_episode-32-traditional-handicrafts\4402277-traditional-handicrafts_chunk0009_000555263-000558109.wav,ونختار الهدايا اليدويه
C:\Users\user\Desktop\audio\audio\059_episode-32-traditional-handicrafts\4402277-traditional-handicrafts_chunk0010_000560140-000580599.wav,والاهم من هيدا انو يصير في مهنيات تعلم الجيل الجديد هالمهن اللي بلشت تختفي واللي هي صوره تاريخيه وحضاريه بتعكس تراث اي بلد وبتستقطب سواحو خلصت حلقتنا لليوم اللي استعرضنا فيا بعض الحرف اللبنانيه المحليه انا دارين
C:\Users\user\Desktop\audio\audio\059_episode-32-traditional-handicrafts\4402277-traditional-handicrafts_chunk0011_000582080-000584580.wav,لاقوني بحلقه جديده قريبا
C:\Users\user\Desktop\audio\audio\060_episode-31-sabah\4239425-sabah_chunk0000_000000000-000013645.wav,مرحبا انا دارين بحلقه اليوم راح نحكي عن اسطوره الاساطير وجميله الجميلات سيده من لبنان حملت القاب كتيره متل صوت لبنان الصبوحه و الاسطوره
C:\Users\user\Desktop\audio\audio\060_episode-31-sabah\4239425-sabah_chunk0001_000015340-000041742.wav,وكانت من اوائل الفنانات اللي غنو علي اشهر مسارح العالم تابعونا بحلقه مميزه وممتعه عن الفنانه صباح قبل ما بلش لازم قول عن كميه الحماس اللي حسيت فيه لما بلشت حضر لهالحلقه لانو صباح مش بس فنانه عالميه ومشهوره بس كمان في بحياتها محطات انسانيه ومواقف شخصيه رائعه
C:\Users\user\Desktop\audio\audio\060_episode-31-sabah\4239425-sabah_chunk0002_000041299-000051220.wav,واخبار عن علاقتها بفنانين جيلا بتخلي حياتا متل الصندوق الاسود اللي مليان حكايا حلقه واحده
C:\Users\user\Desktop\audio\audio\060_episode-31-sabah\4239425-sabah_chunk0003_000053692-000055456.wav,اسما الحقيقي جانيت جرجس الفغالي
C:\Users\user\Desktop\audio\audio\060_episode-31-sabah\4239425-sabah_chunk0004_000060042-000084331.wav,وعشرين بضيعه جباليه مشهوره بجمال اصوات سكانها واسمها ضيعه وادي ومن هون لقبوا باللقب الاحب علي قلبا اللي وهو الشحروره صباح نسبه لعصفور اسمو الشحرور وعندو صوت رائع كل الضيعه كانت تعرف مدي جمال صوت صباح فكانت تشارك
C:\Users\user\Desktop\audio\audio\060_episode-31-sabah\4239425-sabah_chunk0005_000087920-000092570.wav,منتجه سينمائيه لبنانيه اسمها اسيا
C:\Users\user\Desktop\audio\audio\060_episode-31-sabah\4239425-sabah_chunk0006_000096402-000109419.wav,فطلبتا للقاهره عاصمه مصر لتمثل بالسينما المصريه وهيك بلشت الصبوحه اول خطواتا نحو النجوميه المنتجه اسيا داغر كلفت
C:\Users\user\Desktop\audio\audio\060_episode-31-sabah\4239425-sabah_chunk0007_000113776-000137918.wav,وقامو بتغيير اسما من جانيت لصباح الجدير ذكرو لصباح كان وكان لقبو شحرور الوادي فحب الجمهور انو صباح تحمل لقب كبير ورنان متل عما الشاعر بما انو مصر ام الدنيا ومنبر كبير لينطلق منو كل الفنانين العرب صباح
C:\Users\user\Desktop\audio\audio\060_episode-31-sabah\4239425-sabah_chunk0008_000140059-000147240.wav,وهي الفتاه الشقرا الطويله القامه والجميله الوجه والرائعه الصوت
C:\Users\user\Desktop\audio\audio\060_episode-31-sabah\4239425-sabah_chunk0009_000148819-000176403.wav,وتهافتو عليا المخرجين والممثلين وصارت صباح اسم كبير بين نجوم السينما قدمت صباح للسينما ما يقارب مائة ميت فيلم خلال مشوارا الفني اللي استمر حوالي نصف قرن يعني خمسون خمسين سنه مع اشهر عمالقه الفن بهيداك الزمن من ابرز افلاما القلب له واحد مع انور وجدي بلبل افندي مع فريد الاطرش
C:\Users\user\Desktop\audio\audio\060_episode-31-sabah\4239425-sabah_chunk0010_000175979-000194860.wav,ظلموني الحبايب مع عماد حمدي شارع الحب مع عبد الحليم حافظ و ليله بكي فيها القمر مع حسين فهمي واللي يعتبر من روائع السينما الكلاسيكيه العربيه مش ابدعت الصبوحه بس بالتمثيل بل كمان بالغناء
C:\Users\user\Desktop\audio\audio\060_episode-31-sabah\4239425-sabah_chunk0011_000196266-000222650.wav,ولحنلا كبار الملحنين وكتبلا اشطر الشعراء ونظرا لعدد الاغاني الكتير اللي انجزتن الصبوحه بحياتا دخلت موسوعه غينيس كاكبر ارث فني بالتاريخ بما يزيد عن ثلاثة صفر تلات الاف اغنيه الشحروره صباح تعتبر تاني فنانه عربيه بعد ام كلثوم باواخر الستينات اللي وقفت وغنت علي خشبه مسرح الاوليمبيا بباريس
C:\Users\user\Desktop\audio\audio\060_episode-31-sabah\4239425-sabah_chunk0012_000222740-000240308.wav,ودار الاوبرا بسيدني استراليا وكتار من مسارح لاس فيغاس والعالم الغربي اما بالمسرح فتخطت اعمالا ثلاثة و عشرون مسرحيه مع عمالقه المسرح الاخوين رحباني والفنان روميو لحود وكتار غيرن
C:\Users\user\Desktop\audio\audio\060_episode-31-sabah\4239425-sabah_chunk0013_000241199-000252639.wav,وهالمسرحيات برمت فيها العالم وعرضت باهم المهرجانات المحليه اللبنانيه متل مهرجان بعلبك وجبيل وبيت الدين من اشهر مسرحياتا
C:\Users\user\Desktop\audio\audio\060_episode-31-sabah\4239425-sabah_chunk0014_000254419-000256646.wav,مسرحيه موسم العز اللي
C:\Users\user\Desktop\audio\audio\060_episode-31-sabah\4239425-sabah_chunk0015_000259100-000263111.wav,مسرحيه دواليب الهوا اللي تميزت بدلعا المحبب اثناء اداءا هالعمل
C:\Users\user\Desktop\audio\audio\060_episode-31-sabah\4239425-sabah_chunk0016_000264940-000292119.wav,ومسرحيه الاسطوره اللي من وراها اضيف لقب الاسطوره لصباح واخيرا مسرحيه القلعه اللي تقدمت بمعبد قديم بقلعه بعلبك الشهيره واللي تعتبر من اهم المراكز السياحيه بلبنان والعالم العربي وقفت صباح تحت عواميد هالقلعه الجباره وغنت فيا واحده من اهم اغانيا عن القلعه اللي بتقول
C:\Users\user\Desktop\audio\audio\060_episode-31-sabah\4239425-sabah_chunk0017_000292119-000296279.wav,قلعه كبيره وقلبا كبير وبيساع الدنيا كلا
C:\Users\user\Desktop\audio\audio\060_episode-31-sabah\4239425-sabah_chunk0018_000594100-000609440.wav,شتقنا عليكي كتير كتير وحلا نرجعلك حلا متل كل الفنانين صارت حياه صباح الشخصيه تحت الضوء وعلي عكس الاخرين هالشي ما كان يزعجا وكانت تجاوب علي كل الاسئله عن حياتا الشخصيه بكل صراحه ومحبه تزوجت الشحروره صباح سبع مرات من مشاهير واشخاص عاديين صاروا مشاهير بعد ارتباطن فيا الاول نجيب الشماس واللي انجبت منه وعازف الكمان المصري انور منسي اللي انجبت منه بنتا الوحيده هويدا وفادي لبنان الكوريغراف الشهير اللي عاشت معه اطول فتره من حياتا وهي سبعة عشر سنه كانت معروفه صباح بكرما الكتير وصرفا بدون حدود علي ضيوفا واحبابا وكمان عرفت عنا قسوتا وشدتا بالبيت مع ولادا وتحديدا بنتها هويدا اللي من كتر تعلق صباح فيها غنتلا بالمصري دي حبيبه امها يا خواتي بحبها يا خواتي يا هويدا كانت تقول انو الصبوحه كانت صاحبه الراي الاخير بالبيت وكان عندا هيبه وحضور علي كل الموجودين ويمكن قد وحاولت تدخل عالم التمثيل بس ما حالفا الحظ وما نجحت كتير فقررت تسافر وتقضي حياتا باميركا لما بدنا نحكي عن الاسطوره صباح لازم نذكر جمالا الاخاذ وشعرا الاشقر الطويل وضحكتا الرنانه المشهوره اللي كانو محط اعجاب الجماهير اما ازياءا وفساتينا فكانت تحدد موضه السنه وكانت سيدات المجتمع الراقي كلن يخيطو متل تياب الصبوحه وينطرو اي مناسبه ليشوفو طلتا كيف راح تكون اهتمام صباح بالموضه خلاها تصرف الكتير من اموالها ايضا علي الملابس اللي ما زالت عيلتها محتقظه فيهن بحاله جيده ويمكن يقرروا يوما ما يبيعوهن بمزاد علني متل كل مشاهير العالم بعض دور الازياء قاموا باختراع نوع جديد من الاقمشه اللميعه الخاصه بفساتين السهرات واطلقوا عليه اسم قماش شعر صباح واللي انا كمان بفتره من حياتي خيطت فستان منن متاحف كتيره عملت مجسمات من الشمع لصباح متل متحف قصر موسي ومتحف مدام توساد بباريس لتخليدا كواحده من اقوي حناجر العالم وصاحبه اطول اوف بتقولها مطربه عربيه ولنوضح شو يعني اوف فهي كلمه شعبيه لبنانيه بتتكرر ببدايه المواويل والموشحات اللي هني نوع من الاغاني التراثيه المحليه بيشتهرو فيا ابناء الجبل والقري بلبنان وبيبلش الموال بكلمه اوف اوف اوف كنوع من الدعوه للجمهور انو يسمع وجرت العاده انو المغنيين يمدو كلمه اوف علي طول نفسن كدلاله لرخامه وقوه صوت المغني قامت احدي شركات الانتاج بتصوير مسلسل عن حياتا سنه ألفان و أحد عشر اسمو الشحروره وكان من بطوله الممثله والمطربه اللبنانيه كارول سماحه ولكن هويدا بنت صباح بتقول انو ما اعطي هالمسلسل حق لنجوميه وفن الشحروره وكان في كتير من المعلومات الخاطئه عنا عادتها بكل حياتها انه ما بتحكي الا عن الاشياء اللي ب ستة و عشرون تشرين التاني سنه ألفان و أربعة عشر توفت صباح عن عمر سبعة و ثمانون سبعه وتمانين سنه وتعتبر جنازه الفنانه صباح من اغرب الجنازات في العالم لانا طلبت قبل وفاتا يكون يوم فرح وهيك صار تحول يوم وفاتا ليوم مهرجان شعبي حاشد عزفت فيا اغانيا ورقصت الناس بالشوارع وكبت علي نعشا الورد والرز كدليل علي الفرح والسعاده اللي عاشت كل عمرها تنشرن اتخلدت واحده من صور سباح المشهوره علي احد وحواليا للصوره مجموعه من كلمات اغانيها متل يانا يانا يا تاعبني ساعات ساعات احب عمري واعشق الحاجات و مسيناكن مسونا وعالبوابه لاقونا وان زقفتو كتير كتير بتكونو بتحبونا خلصت حلقتنا الغنيه عن الاسطوره صباح بتمني تكونو استمتعتو فيا وتحمستو تتفرجو علي الارث الفني الكبير وتسمعو اغانيا اللي بتنشر الفرح انا
C:\Users\user\Desktop\audio\audio\061_episode-30-lake-qaraoun\4208960-qaraoun-lake_chunk0000_000000000-000013364.wav,مرحبا واهلا وسهلا فيكن بحقله جديده من لانغويج ويف انا نعيم واليوم حنتعرف علي بحيره القرعون وهي اكبر بحيره بلبنان موجوده بمنطقه البقاع الغربي
C:\Users\user\Desktop\audio\audio\061_episode-30-lake-qaraoun\4208960-qaraoun-lake_chunk0001_000015581-000032759.wav,البحيره يلي عمرا اكتر من ستين سنه بقيت نضيفه فتره طويله لكن من كم سنه تغيرت بسبب التلوث حنحكي اكتر عنا بهيدي الحلقه اول مره سمعت ببحيره القرعون سنه ألفان و اثنان
C:\Users\user\Desktop\audio\audio\061_episode-30-lake-qaraoun\4208960-qaraoun-lake_chunk0002_000033934-000060459.wav,وقتا اخدونا رحله بالمدرسه انا ورفقاتي لهونيك وبعدني لهلا بتذكر هيداك النهار يلي تعرفت فيه علي البحيره يومتها انطلقنا بالباص من بيروت عالبقاع وبعد حوالي ساعه ونص وصلنا واول شي ملفت كان لون المي الازرق يلي بيمتد علي مساحات واسعه بين سلسله الجبال الغربيه والشرقيه للبنان
C:\Users\user\Desktop\audio\audio\061_episode-30-lake-qaraoun\4208960-qaraoun-lake_chunk0003_000060200-000067282.wav,خلال رحلتنا كانت عم ترافقنا معلمه الجغرافيا يلي خبرتنا قصص ما كنا نعرفا عن البحيره
C:\Users\user\Desktop\audio\audio\061_episode-30-lake-qaraoun\4208960-qaraoun-lake_chunk0004_000069419-000091479.wav,تخيلو انو هالمساحه الكبيره من المي ما كانت موجوده قبل سنه ألف و تسعمائة و تسعة و خمسون ليش لان ببساطه يعني تكونت بعد انشاء سد القرعون علي مجري نهر الليطاني وهالسد ارتفاعو ستون متر وطولو حوالي كيلومتر
C:\Users\user\Desktop\audio\audio\061_episode-30-lake-qaraoun\4208960-qaraoun-lake_chunk0005_000091760-000099419.wav,وهيك صارت تتجمع المي ورا السد وصار عنا اكبر بحيره بلبنان
C:\Users\user\Desktop\audio\audio\061_episode-30-lake-qaraoun\4208960-qaraoun-lake_chunk0006_000101160-000127959.wav,ومساحتا اثنا عشر كيلومتر مربع يعني تقريبا قد تلتين مساحه مدينه بيروت وهالبحيره في شخص الو الفضل بانا موجوده وهو المهندس اللبناني الراحل ابراهيم عبدالعال يلي كان صاحب فكره انشاء البحيره وكان هدفو توليد الكهرباء وسقايه الاراضي الزراعيه وتامين مي شرب لعدد كتير كبير من اللبنانيين
C:\Users\user\Desktop\audio\audio\061_episode-30-lake-qaraoun\4208960-qaraoun-lake_chunk0007_000128360-000142965.wav,خلال الرحله عالبحيره بتذكر انو احلي شي كان لما ركبنا بشختوره زغيره لنعمل كزدوره بقلب المي اخدونا علي مفيد البحيره يلي هو
C:\Users\user\Desktop\audio\audio\061_episode-30-lake-qaraoun\4208960-qaraoun-lake_chunk0008_000145279-000169419.wav,نفس الشكل بس طبعا الموجوده بالبحيره حجما كتير كبير انعملت لتصب فيها المي اذا زادت عن حدا عاده هيك بصير اذا شتت الدني كتير بفصل الشتي طبعا مش نحن الوحيدين يلي كنا هونيك كان في كتير مراكب بحريه رايحه جايي وبقلبا ناس
C:\Users\user\Desktop\audio\audio\061_episode-30-lake-qaraoun\4208960-qaraoun-lake_chunk0009_000168419-000196699.wav,هالناس هني سواح متلنا متلن جايين من مناطق لبنانيه تانيه وفي منن اجانب وعاده السواح بيقصدو البحيره لانا من بين افضل عشرة اماكن بلبنان خصوصا بفصل الربيع لانا بتكون صارت مليانه مي عالاخر بعد فصل الشتي بعد حوالي نص ساعه من الكزدوره بالمي رجعنا علي شط البحيره
C:\Users\user\Desktop\audio\audio\061_episode-30-lake-qaraoun\4208960-qaraoun-lake_chunk0010_000195699-000222500.wav,وصار وقت نفوت علي مبني مراقبه الطيور يلي هو عباره عن أربعة طوابق هالمبني الوحيد ما في غيرو موجود حول البحيره الهدف منو مراقبه واكتشاف الاف الطيور يلي بتزور البحيره سنويا خلال موسم الهجره موسم الهجره بالنسبه للطيور هو لما بينتقلو من افريقيا علي اوروبا او العكس
C:\Users\user\Desktop\audio\audio\061_episode-30-lake-qaraoun\4208960-qaraoun-lake_chunk0011_000221500-000231279.wav,بس كمان في طيور متل البط والوز موجوده دايما بالبحيره يعني ما بتهاجر عمناطق تانيه
C:\Users\user\Desktop\audio\audio\061_episode-30-lake-qaraoun\4208960-qaraoun-lake_chunk0012_000232880-000235920.wav,وتوجهنا علي مطعم من
C:\Users\user\Desktop\audio\audio\061_episode-30-lake-qaraoun\4208960-qaraoun-lake_chunk0013_000236960-000260913.wav,واول شي سالونا اياه شو نوع السمك يلي بتحبو تاكلوه والسمك هونيك عاده بكون طازه يعني من البحيره مباشره يلي بعيش فيها ستة انواع من السمك ومن بين هيدي الانواع الترويت النهري وهو من اهم الانواع يلي بيفتشو عليا الصيادين المحترفين لانا مصدر رزقن
C:\Users\user\Desktop\audio\audio\061_episode-30-lake-qaraoun\4208960-qaraoun-lake_chunk0014_000260559-000280118.wav,وهالصيادين كل يوم بينطلقو بمراكبن ليتصيدو السمك ومن بعدا ببيعوهن للمطاعم الموجوده حول البحيره وفعلا كانت طعمه السمك كتير طيبه الطيور والسمك يلي حكينا عنا ممكن تشوفوها اذا رحتو عالبحيره
C:\Users\user\Desktop\audio\audio\061_episode-30-lake-qaraoun\4208960-qaraoun-lake_chunk0015_000280760-000300111.wav,بس في انواع تانيه موجوده يمكن ما تشوفوها وهي حيوانات بريه بتعيش بمحيط البحيره وبين الشجر والاراضي الزراعيه متل الخنزير البري والواوي والضبع المخطط وعده انواع من الضفادع والحيايا
C:\Users\user\Desktop\audio\audio\061_episode-30-lake-qaraoun\4208960-qaraoun-lake_chunk0016_000302085-000307235.wav,كان من ثمانية عشر سنه بس اليوم تغير الوضع وما
C:\Users\user\Desktop\audio\audio\061_episode-30-lake-qaraoun\4208960-qaraoun-lake_chunk0017_000308459-000314760.wav,واخر مره شفت البحيره كانت من كم شهر علي التلفزيون
C:\Users\user\Desktop\audio\audio\061_episode-30-lake-qaraoun\4208960-qaraoun-lake_chunk0018_000317540-000340239.wav,يلي صارت كتير كبيره وكان المشهد فظيع ميه البحيره يلي كان لونا ازرق صار لونا اخضر والبحيره فاضيه من المراكب والناس والبحيره يلي كان ينحكي من زمان عن جمالا وعن السياحه فيها اليوم صار الحكي عن مشكله التلوث فيها
C:\Users\user\Desktop\audio\audio\061_episode-30-lake-qaraoun\4208960-qaraoun-lake_chunk0019_000339359-000362540.wav,وهالتلوث هو يلي غير لونا من الازرق للاخضر بسبب بكتيريا خطيره انتشرت فيها اول سبب للتلوث هو انو كتير من الضيع الموجوده حول نهر الليطاني بتصب مجاريرا بالنهر والمجارير يعني مياه الصرف الصحي يلي بتطلع من البيوت السكنيه
C:\Users\user\Desktop\audio\audio\061_episode-30-lake-qaraoun\4208960-qaraoun-lake_chunk0020_000361679-000384760.wav,تاني سبب هو انو كمان في مصانع ومعامل بتتخلص من المي الوسخه عن طريق رميا مباشره بالنهر وهيك بيحمل النهر كل هالملوثات من عده مناطق واخر شي بصبا بالبحيره وشهر بعد شهر وسنه بعد سنه صارت المشكله كتير كبيره
C:\Users\user\Desktop\audio\audio\061_episode-30-lake-qaraoun\4208960-qaraoun-lake_chunk0021_000384339-000409000.wav,وهيك اختفي السمك من البحيره وخسرو الصيادين شغلن وتوقفت المراكب السياحيه عن العمل وصارو اصحابها بلا شغل وحتي الطيور المهاجره يلي كانت تستريح بالبحيره وتشرب من ميتا خفت اعدادا كتير وصارت تفضل تشرب من محلات تانيه غير البحيره
C:\Users\user\Desktop\audio\audio\061_episode-30-lake-qaraoun\4208960-qaraoun-lake_chunk0022_000408140-000419544.wav,ومش بس هيك حتي المطاعم والاوتيلات حول البحيره يلي كانت تستقبل الزوار صارت فاضيه عادت البحيره من
C:\Users\user\Desktop\audio\audio\061_episode-30-lake-qaraoun\4208960-qaraoun-lake_chunk0023_000421100-000446359.wav,وقبل ما تخلص حلقتنا في شغله مهمه وهي انو تلوث البحيره مش نهايه الطريق يعني البحيره ممكن ترجع متل ما كانت قبل نضيفه وحلوه وترجع الناس عليا وكمان الطيور والسمك وهالشي ممكن يصير قريبا لان المجتمع المدني عم يتساعد مع الضيع ليوقف التلوث
C:\Users\user\Desktop\audio\audio\061_episode-30-lake-qaraoun\4208960-qaraoun-lake_chunk0024_000445359-000469911.wav,والدوله كمان عم تلاحق يلي عم بسببو التلوث وتجبرن يركبو محطات تكرير لتنضيف المي الملوثه قبل ما تنزل بالنهر وتوصل عالبحيره وهيدا كلو عم بصير باشراف المصلحه الوطنيه لنهر الليطاني يلي هي مؤسسه تابعه للدوله وبتراقب وبتمنع اي تلوث عالنهر وعالبحيره
C:\Users\user\Desktop\audio\audio\061_episode-30-lake-qaraoun\4208960-qaraoun-lake_chunk0025_000470820-000489779.wav,وزياده عن هيك البنك الدولي قدم قرض يعني عطي اموال ليساعد بتخفيف التلوث كل هالشغلات ممكن ترجع البحيره متل ما كانت من زمان وهلا بتكون خلصت حلقتنا لليوم
C:\Users\user\Desktop\audio\audio\061_episode-30-lake-qaraoun\4208960-qaraoun-lake_chunk0026_000488779-000512399.wav,تعرفنا فيها علي بحيره القرعون اكبر بحيره بلبنان ويلي هي بحيره اصطناعيه يعني من صنع الانسان مش الطبيعه وحكينا عن اهميتا بالنسبه للاقتصاد والزراعه والسياحه الاهميه ما بتكمل منتمني تكونو حبيتو الحلقه
C:\Users\user\Desktop\audio\audio\061_episode-30-lake-qaraoun\4208960-qaraoun-lake_chunk0027_000511399-000519264.wav,ومتل العاده اذا عندكن اي تعليقات عالحلقه او اقتراحات تانيه ما تنسو تشاركونا ياهن وانا برجعلكن بحلقه جديده من لانغويج وايف
C:\Users\user\Desktop\audio\audio\061_episode-30-lake-qaraoun\4208960-qaraoun-lake_chunk0028_000522900-000525179.wav,الي اللقاء
C:\Users\user\Desktop\audio\audio\062_episode-29-mouneh-food-provisions\4104431-mouni-food-provisions_chunk0000_000000000-000004902.wav,مرحبا واهلا وسهلا فيكن بحلقه جديده من لانغويج وايف
C:\Users\user\Desktop\audio\audio\062_episode-29-mouneh-food-provisions\4104431-mouni-food-provisions_chunk0001_000006199-000009559.wav,انا لين واليوم رح احكيلكن عن المونه
C:\Users\user\Desktop\audio\audio\062_episode-29-mouneh-food-provisions\4104431-mouni-food-provisions_chunk0002_000012100-000031760.wav,في كتير امثال شعبيه عن المونه معروفه عند اللبنانيه بالضيع والمناطق الجبليه متل عبي النمليه رجعت الشتويه مون لعيالك وشيل الهم عن بالك بحلقه اليوم رح نحكي اول شي عن المونه
C:\Users\user\Desktop\audio\audio\062_episode-29-mouneh-food-provisions\4104431-mouni-food-provisions_chunk0003_000022507-000045733.wav,واهميتا بالنسبه للبنانيه اجمالا وخاصه لاهل الضيع وبعدين رح نحكي عن اقسام المونه
C:\Users\user\Desktop\audio\audio\062_episode-29-mouneh-food-provisions\4104431-mouni-food-provisions_chunk0004_000584437-000613131.wav,فوايدا من وين منجيب المواد الاوليه للمونه وين منحطا ايمتا منبلش نعملا اشكال المونه واصنافا وكيف منعملا رح خبركن عن تجربتي بمساعده خالتي المونه هي وحده من مميزات المطبخ اللبناني التراثي والمونه عباره عن تخزين اكل ومشروبات وتدفئه لموسم البرد والتلج وخاصه بجبال لبنان وقت يصير صعب التنقل وشرا الاكل بتنقسم المونه اللبنانيه لخمس مجموعات المجموعه الاولي هي اللحوم المجموعه التانيه البان واجبان المجموعه الثالثه الحبوب المجموعه الرابعه الخضرا والفواكه والمجموعه الخامسه حطب ومازوت وبما انو معظم اهل الضيع اللبنانيه بيزرعو ارضن ومعظم الاوقات بيبقي عندن زياده بالمزروعات قررو انو يخزنوون بطريقه المونه بمحل بعيد عن الحراره والرطوبه ليحافظو علي نكهتا وقيمتا الغذائيه ولتبقي منيحه لسنه كامله وزمان كانو اجدادنا يخزنو المونه بغرف خاصه او بخزانه خشب كانو يسموها النمليه باخر ايلول ومع بدايه تشرين بتتحول الضيع لورش عمل تحضير المونه بشاركو كل افراد العيله بتحضير المونه وتخزينا من الفواكه الخضرا متل الملوخيه الالبان والاجبان الحبوب مثل البرغل اللحوم متل القاورما والمازوت او الحطب يلي كانو يجيبوه من الغابه والشجر اليابس تيدفين بفصل الشتا وغيرن كتير من انواع المونه وهلا رح نحكي عن عمليه تحويل المنتجات الزراعيه لمونه فاللحمه مثلا منحولا لقاورما من خلال طبخ شقف لحمه مع الدهن والملح وبتضاين لمده سنه والقاورما مع البيض هي من الاكلات اللبنانيه المشهوره والحليب منعمل منو الجبنه البلديه البيضه واللبنه والشنكليش ويللي هو عباره عن طابات لبنه صغيره مغمسه بالزعتر المجفف وما مننسا كمان السمن البلدي والكشك والكشك هي اكله لبنانيه معموله من برغل ولبن ولبنه وبتتاكل كشوربه وبينعمل منا مناقيش وبيجففوه علي سطح وبعدين بيتحنوه بالمطحنه والبرغل مثلا بينحط بالتبوله والكبه والخضرا متل الخيار المقتي اللفت القرنبيط الجزر والملفوف بينكبسو بالمي والملح والخل وغير انواع من الخضرا متل الملوخيه والزعتر والنعنع بيتجففو بالشمس والفواكه بتتمون باربع طرق مربي متل مربي المشمش شراب متل شراب التوت مجفف متل التين والزبيب ودبس متل دبس العنب ودبس الرمان وهيك منكون حكينا عن اهم الاكلات والمشروبات اللي بيخزنا اللبناني لفصل الشتا من سنتين وبفصل الشتا عزمتني خالتي يلي عايشه بالضيعه بالجبل اني اطلع قضي نهار عندا واول ما وصلت حطينا الحطب بالصوبيا لنتدفي وقمنا لنحضر انا وياها ترويقه ضيعويه من مونه البيت حضرنا نهارا سفره من مونه البيت متل البتنجان المكدوس المحشي بالجوز والفليفله ومغمس بالزيت مناقيش كشك وزعتر وزيتون ولبنه بخبز المرقوق مع كبايه زهورات كانت الترويقه كتير طيبه وصحيه واكتر شي حبيتو فيا هو الكشك لدرجه اني طلبت من خالتي تعلمني كيف بيعملو الكشك فقالتلي اجي لعندا لنعمل الكشك سوا بالصيفيه وفعلا هيك وعملنا كشك سوا اول شي غسلنا البرغل وطلعناه علي سطح البيت حتي ينشف تحت اشعه الشمس وتاني يوم بعد ما نشف البرغل من المي زدنالو لبن وصرنا نفركن لبنه حامضه تركناه لمده اربع ايام وبعدين عجناه وقطعناه قطع صغيره وحطيناه علي قماش تحت الشمس وكل تلات ساعات كنا نطلع عالسطح ونفركو بايدينا حتي ينشف بسرعه وهيك بعد شي اسبوع اخدناه عالمطحنه وطحناه لحتي صار كشك ناعم متل الطحين وخزناه بمراطبين بعيده عن الرطوبه واشعه الشمس واخدتن معي عالبيت تاعمل منن شوربه كشك ومناقيش كشك وكانت تجربه جديده وكتير حلوه وبالفتره الاخيره زاد طلب اللبنانيه علي تعلم كيف بيعملو المونه من خلال دورات بتعملا بعض الجمعيات بلبنان وبعد كل هالشي فينا نقول انو المونه فرضتا الحاجه بس ما لغتا التلاجه وبنهايه هالخبريه بتكون خلصت حلقتنا لليوم ومنكون حكينا عن المونه انواعا وفوايدا وكيف منعملا وبكون كمان خبرتكن عن تجربتي بمساعده خالتي بتحضير الكشك ويلي هو نوع من المونه وبعد كل انواع المونه يلي خبرتكن عنا حابه اعرف شو الاكلات يلي جربتوا وشو هني الاصناف يلي حابين تجربوا
C:\Users\user\Desktop\audio\audio\062_episode-29-mouneh-food-provisions\4104431-mouni-food-provisions_chunk0005_000613460-000617617.wav,وانا بشوفكن بحلقه جديده من لانغويج وايف
C:\Users\user\Desktop\audio\audio\062_episode-29-mouneh-food-provisions\4104431-mouni-food-provisions_chunk0006_000618619-000620479.wav,مع السلامه
C:\Users\user\Desktop\audio\audio\063_episode-29-mouneh-food-provisions\4104431-mouni-food-provisions_chunk0000_000000000-000004902.wav,مرحبا واهلا وسهلا فيكن بحلقه جديده من لانغويج وايف
C:\Users\user\Desktop\audio\audio\063_episode-29-mouneh-food-provisions\4104431-mouni-food-provisions_chunk0001_000006199-000009559.wav,انا لين واليوم رح احكيلكن عن المونه
C:\Users\user\Desktop\audio\audio\063_episode-29-mouneh-food-provisions\4104431-mouni-food-provisions_chunk0002_000012100-000031760.wav,في كتير امثال شعبيه عن المونه معروفه عند اللبنانيه بالضيع والمناطق الجبليه متل عبي النمليه رجعت الشتويه مون لعيالك وشيل الهم عن بالك بحلقه اليوم رح نحكي اول شي عن المونه
C:\Users\user\Desktop\audio\audio\063_episode-29-mouneh-food-provisions\4104431-mouni-food-provisions_chunk0003_000022507-000045733.wav,واهميتا بالنسبه للبنانيه اجمالا وخاصه لاهل الضيع وبعدين رح نحكي عن اقسام المونه
C:\Users\user\Desktop\audio\audio\063_episode-29-mouneh-food-provisions\4104431-mouni-food-provisions_chunk0004_000584437-000613131.wav,فوايدا من وين منجيب المواد الاوليه للمونه وين منحطا ايمتا منبلش نعملا اشكال المونه واصنافا وكيف منعملا رح خبركن عن تجربتي بمساعده خالتي المونه هي وحده من مميزات المطبخ اللبناني التراثي والمونه عباره عن تخزين اكل ومشروبات وتدفئه لموسم البرد والتلج وخاصه بجبال لبنان وقت يصير صعب التنقل وشرا الاكل بتنقسم المونه اللبنانيه لخمس مجموعات المجموعه الاولي هي اللحوم المجموعه التانيه البان واجبان المجموعه الثالثه الحبوب المجموعه الرابعه الخضرا والفواكه والمجموعه الخامسه حطب ومازوت وبما انو معظم اهل الضيع اللبنانيه بيزرعو ارضن ومعظم الاوقات بيبقي عندن زياده بالمزروعات قررو انو يخزنوون بطريقه المونه بمحل بعيد عن الحراره والرطوبه ليحافظو علي نكهتا وقيمتا الغذائيه ولتبقي منيحه لسنه كامله وزمان كانو اجدادنا يخزنو المونه بغرف خاصه او بخزانه خشب كانو يسموها النمليه باخر ايلول ومع بدايه تشرين بتتحول الضيع لورش عمل تحضير المونه بشاركو كل افراد العيله بتحضير المونه وتخزينا من الفواكه الخضرا متل الملوخيه الالبان والاجبان الحبوب مثل البرغل اللحوم متل القاورما والمازوت او الحطب يلي كانو يجيبوه من الغابه والشجر اليابس تيدفين بفصل الشتا وغيرن كتير من انواع المونه وهلا رح نحكي عن عمليه تحويل المنتجات الزراعيه لمونه فاللحمه مثلا منحولا لقاورما من خلال طبخ شقف لحمه مع الدهن والملح وبتضاين لمده سنه والقاورما مع البيض هي من الاكلات اللبنانيه المشهوره والحليب منعمل منو الجبنه البلديه البيضه واللبنه والشنكليش ويللي هو عباره عن طابات لبنه صغيره مغمسه بالزعتر المجفف وما مننسا كمان السمن البلدي والكشك والكشك هي اكله لبنانيه معموله من برغل ولبن ولبنه وبتتاكل كشوربه وبينعمل منا مناقيش وبيجففوه علي سطح وبعدين بيتحنوه بالمطحنه والبرغل مثلا بينحط بالتبوله والكبه والخضرا متل الخيار المقتي اللفت القرنبيط الجزر والملفوف بينكبسو بالمي والملح والخل وغير انواع من الخضرا متل الملوخيه والزعتر والنعنع بيتجففو بالشمس والفواكه بتتمون باربع طرق مربي متل مربي المشمش شراب متل شراب التوت مجفف متل التين والزبيب ودبس متل دبس العنب ودبس الرمان وهيك منكون حكينا عن اهم الاكلات والمشروبات اللي بيخزنا اللبناني لفصل الشتا من سنتين وبفصل الشتا عزمتني خالتي يلي عايشه بالضيعه بالجبل اني اطلع قضي نهار عندا واول ما وصلت حطينا الحطب بالصوبيا لنتدفي وقمنا لنحضر انا وياها ترويقه ضيعويه من مونه البيت حضرنا نهارا سفره من مونه البيت متل البتنجان المكدوس المحشي بالجوز والفليفله ومغمس بالزيت مناقيش كشك وزعتر وزيتون ولبنه بخبز المرقوق مع كبايه زهورات كانت الترويقه كتير طيبه وصحيه واكتر شي حبيتو فيا هو الكشك لدرجه اني طلبت من خالتي تعلمني كيف بيعملو الكشك فقالتلي اجي لعندا لنعمل الكشك سوا بالصيفيه وفعلا هيك وعملنا كشك سوا اول شي غسلنا البرغل وطلعناه علي سطح البيت حتي ينشف تحت اشعه الشمس وتاني يوم بعد ما نشف البرغل من المي زدنالو لبن وصرنا نفركن لبنه حامضه تركناه لمده اربع ايام وبعدين عجناه وقطعناه قطع صغيره وحطيناه علي قماش تحت الشمس وكل تلات ساعات كنا نطلع عالسطح ونفركو بايدينا حتي ينشف بسرعه وهيك بعد شي اسبوع اخدناه عالمطحنه وطحناه لحتي صار كشك ناعم متل الطحين وخزناه بمراطبين بعيده عن الرطوبه واشعه الشمس واخدتن معي عالبيت تاعمل منن شوربه كشك ومناقيش كشك وكانت تجربه جديده وكتير حلوه وبالفتره الاخيره زاد طلب اللبنانيه علي تعلم كيف بيعملو المونه من خلال دورات بتعملا بعض الجمعيات بلبنان وبعد كل هالشي فينا نقول انو المونه فرضتا الحاجه بس ما لغتا التلاجه وبنهايه هالخبريه بتكون خلصت حلقتنا لليوم ومنكون حكينا عن المونه انواعا وفوايدا وكيف منعملا وبكون كمان خبرتكن عن تجربتي بمساعده خالتي بتحضير الكشك ويلي هو نوع من المونه وبعد كل انواع المونه يلي خبرتكن عنا حابه اعرف شو الاكلات يلي جربتوا وشو هني الاصناف يلي حابين تجربوا
C:\Users\user\Desktop\audio\audio\063_episode-29-mouneh-food-provisions\4104431-mouni-food-provisions_chunk0005_000613460-000617617.wav,وانا بشوفكن بحلقه جديده من لانغويج وايف
C:\Users\user\Desktop\audio\audio\063_episode-29-mouneh-food-provisions\4104431-mouni-food-provisions_chunk0006_000618619-000620479.wav,مع السلامه
C:\Users\user\Desktop\audio\audio\064_episode-28-moussa-castle\4046114-moussa-castle_chunk0000_000000273-000006977.wav,مرحبا انا دارين بحلقه اليوم رح نزور قلعه استثنائيه بجبل لبنان اسما قلعه موسي
C:\Users\user\Desktop\audio\audio\064_episode-28-moussa-castle\4046114-moussa-castle_chunk0001_000009319-000032000.wav,وهالقلعه مش بس مميزه بشكلا الهندسي اللافت ومحتواها الجديد بس كمان وراها قصه تحدي وكفاح ونجاح علي مدارستين سنه من حياه الشخص اللي بناها بتوقع قلعه موسي بين منطقه دير القمر وبيت الدين بقلب جبل الشوف بلبنان
C:\Users\user\Desktop\audio\audio\064_episode-28-moussa-castle\4046114-moussa-castle_chunk0002_000031639-000055470.wav,سميت بقلعه موسي او قصر موسي نسبه للسيد موسي عبد الكريم المعماري اللي قام ببناء هالقلعه لوحدو بعد قصه مؤثره رح احكيلكن ياها ولانو الاماكن الاثريه المميزه وراها حكايا حقيقيه كمان قلعه موسي عندا حكايه حلوه ومعبره
C:\Users\user\Desktop\audio\audio\064_episode-28-moussa-castle\4046114-moussa-castle_chunk0003_000055270-000075089.wav,وهالحكايه مرتبطه بباني القلعه السيد موسي اللي خلق سنه ألف و تسعمائة و واحد و ثلاثون وبقي علي مدار هالستون سنه يبني بهالقلعه لتوصل لشكلا الحالي وحسب الحكايه فموسي عشق ايام المدرسه بنت اسما سيده
C:\Users\user\Desktop\audio\audio\064_episode-28-moussa-castle\4046114-moussa-castle_chunk0004_000076225-000101607.wav,وكان عمرو بوقتا أربعة عشر سنه ولما اعترفلا بحبو ضحكت سيده عليه وقالتلو ما تحكي معي ابدا ولا تمشي حدي قصر وانت هالكلام القاسي ترك وجع بقلب موسي ومن هاللحظه صارعندو حلم انو يعمر قصر كبير احلي من كل القصور الموجوده بمنطقتو
C:\Users\user\Desktop\audio\audio\064_episode-28-moussa-castle\4046114-moussa-castle_chunk0005_000102190-000127849.wav,وصار موسي يقضي وقتو بالصف عم يخطط ويرسم قلعه احلامو ومن هون زاد عندو اهتمام كبير بفن العماره والبناء ومره من المرات بالصف طلب منو الاستاذ انو يرسم شجره وعصفور فقام موسي ورسم القلعه اللي بخيالو زعل كتير الاستاذ وصرخ علي موسي وضربو بقضيب الرمان
C:\Users\user\Desktop\audio\audio\064_episode-28-moussa-castle\4046114-moussa-castle_chunk0006_000127710-000141449.wav,ومسك الرسم وخزقو قدام الصف كلو هالحدث المؤلم وجع موسي كتير وعملو احراج كبير قدام رفاقو بالصف وتحديدا قدام سيده البنت اللي بحبا
C:\Users\user\Desktop\audio\audio\064_episode-28-moussa-castle\4046114-moussa-castle_chunk0007_000147029-000151496.wav,فلملم الرسمه المخزقه واتطلع باستاذو وقللو رح تشوف تصير حقيقيه بيوم من
C:\Users\user\Desktop\audio\audio\064_episode-28-moussa-castle\4046114-moussa-castle_chunk0008_000154083-000179910.wav,وراح يحقق حلمو ببناء القلعه وكان عمو لموسي ساكن بمدينه صيدا بجنوب لبنان واسمو عيسي المعماري وكان عيسي يشتغل بترميم القلاع والقصور القديمه فقرر موسي يشتغل مع عمو بترميم قلعه صيدا البحريه بدون ما يعرفو عائلتو انو ترك المدرسه سنه ألف و تسعمائة و خمسة و أربعون
C:\Users\user\Desktop\audio\audio\064_episode-28-moussa-castle\4046114-moussa-castle_chunk0009_000179470-000203869.wav,واستمر موسي بالشغل مع عمو لمده اربع سنين واكتسب خبره كبيره بترميم الاماكن الاثريه وصار مشهور وكلفو احد الامراء بترميم قصر بيت الدين والمتحف الوطني اللبناني ومن هون انطلق موسي المعماري بموهبتو بالترميم وتجديد كل ما هو تراثي وقديم
C:\Users\user\Desktop\audio\audio\064_episode-28-moussa-castle\4046114-moussa-castle_chunk0010_000203910-000208517.wav,وصار يجمع مصاري ليقدر يشتري قطعه ارض ويبني عليا قلعه احلامو
C:\Users\user\Desktop\audio\audio\064_episode-28-moussa-castle\4046114-moussa-castle_chunk0011_000210410-000231123.wav,ولما بيحكي موسي عن هالمرحله دايما بيقول انو اصرارو علي تحقيق حلمو كان بسبب واللي كانت دايما تصلي وتدعيلو وتقول يا رب خللي التراب بين ايدين موسي يقلب ذهب وفعلا هالدعوه بنظر موسي
C:\Users\user\Desktop\audio\audio\064_episode-28-moussa-castle\4046114-moussa-castle_chunk0012_000230796-000253216.wav,خلتو ينجح ببناء قلعه احلامو بدءا من سنه ألف و تسعمائة و ثلاثة و ستون هو وزوجتو ماري وقلعه موسي مكونه من ستة آلاف و خمسمائة و أربعون حجر ضخم ومبنيه علي مساحه ثلاثة آلاف و خمسمائة متر مربع وكل حجر من هالاحجار الكبيره نحتا موسي بايديه ولوحدو
C:\Users\user\Desktop\audio\audio\064_episode-28-moussa-castle\4046114-moussa-castle_chunk0013_000257118-000280997.wav,وعلين رسومات واشكال مختلفه لاشياء تراثيه وحيوانات ورموز وحروف قديمه وهالشي زاد هالقلعه تميز وجمال وخلا كل السواح يقصدوا علي مدار السنه وهالقلعه متل ما سبق وذكرت بقي موسي المعماري كل حياتو يبنيا ويطور فيا ويحسن واحتاج ستون سنه ليخلصا
C:\Users\user\Desktop\audio\audio\064_episode-28-moussa-castle\4046114-moussa-castle_chunk0014_000281850-000297909.wav,ولازم نذكر انو كتار من رجال السياسه والاغنياء ساعدو موسي بالمصاري لانن امنو بحلمو وبقدرتو علي العماره حتي لو ما كان دارسا و تميزت بموقعا الحلو علي الطريق العام وابراجها العاليه وطبقاتا الثلاثه
C:\Users\user\Desktop\audio\audio\064_episode-28-moussa-castle\4046114-moussa-castle_chunk0015_000301489-000306489.wav,وبعد ما انتهي من بنائها من الخارج ابتدي يعمرغرفا من الداخل
C:\Users\user\Desktop\audio\audio\064_episode-28-moussa-castle\4046114-moussa-castle_chunk0016_000307989-000309989.wav,مليئه بالمجسمات
C:\Users\user\Desktop\audio\audio\064_episode-28-moussa-castle\4046114-moussa-castle_chunk0017_000311350-000318190.wav,هالمجسمات هي لاشخاص وحيوانات بتجسد حياه القريه اللبنانيه
C:\Users\user\Desktop\audio\audio\064_episode-28-moussa-castle\4046114-moussa-castle_chunk0018_000319793-000334103.wav,وبتحكي حكايه ما بتشبه ومش بس هيك قرر موسي المعماري انو يضم مجموعه من الاسلحه القديمه القليله الوجود اكتر من
C:\Users\user\Desktop\audio\audio\064_episode-28-moussa-castle\4046114-moussa-castle_chunk0019_000336269-000358234.wav,واطلق علي هالجزء من القلعه اسم المتحف الحربي والتراثي وتعد هالمجموعه من الاسلحه من اكبر المجموعات قيمه واهميه بمنطقه الشرق الاوسط متل ما كانت هالقلعه حلم شخصي صارت نموذج بجسد الحياه اللبنانيه بين القرنين ال تسعة عشر وال عشرون
C:\Users\user\Desktop\audio\audio\064_episode-28-moussa-castle\4046114-moussa-castle_chunk0020_000359649-000386809.wav,وبتضم هالقلعه اكتر من ثلاثون غرفه فيا حوالي مائة و ستون تمثال متحرك بيجسدو الحياه الاجتماعيه والمهن البسيطه بالقريه اللبنانيه بتفوت علي القلعه عبر جسر خشبي معلق بالهوا منقوش عليه عباره دخلناها شبابا وخرجنا شيبا كدليل للوقت الطويل اللي اخذتو بناء هالقلعه
C:\Users\user\Desktop\audio\audio\064_episode-28-moussa-castle\4046114-moussa-castle_chunk0021_000386269-000408029.wav,الصاله الكبيره تعتبر متل متحف بينعرض فيه كل الحرف اليدويه القديمه متل الحداد والنجار والصياد والفلاح وكمان مجموعه من مجسمات السيدات اللي بيشتغلو بالاعمال المنزليه وبفرجونا كيف المراه بالريف اللبناني كانت تعيش
C:\Users\user\Desktop\audio\audio\064_episode-28-moussa-castle\4046114-moussa-castle_chunk0022_000407670-000436578.wav,وبتلاقي كمان راعي الغنم وعازفين علي الات موسيقيه قديمه متل الدف والربابه والعود وخلال تنقلاتك بممرات القلعه بتشوف مجسمات رائعه لرجال دين ورجال سياسه وفنانين لبنانيين تركو اثار كتير مهمه بتاريخ لبنان وباخر ممرات القلعه بيستعرض موسي قطع من المعادن والاحجار الكريمه
C:\Users\user\Desktop\audio\audio\064_episode-28-moussa-castle\4046114-moussa-castle_chunk0023_000435578-000453510.wav,وكتب تحت منن عباره علمتني الحياه ان العالم لن يتوقف عن الاستمرار بعد موتي والارض لن تحجم عن دورانها والشمس لن تكف عن شروقها وغروبها
C:\Users\user\Desktop\audio\audio\064_episode-28-moussa-castle\4046114-moussa-castle_chunk0024_000457718-000486690.wav,مقاعد متعدده لاشكال والي جنبهم قلعه تانيه صغيره للمناسبات الخاصه وطبعا ما بيكتمل المشهد القروي بدون حصان وحمار وعربه خيل بالساحه الخارجيه للقلعه اللي تعتبر نموذج مصغر عن حياه الضيعه اللبنانيه واكتر شي ممكن يلفت نظركن هو مدي الدقه اللي صممت ونفذت فيه هالمجسمات البشريه المتحركه
C:\Users\user\Desktop\audio\audio\064_episode-28-moussa-castle\4046114-moussa-castle_chunk0025_000485690-000500703.wav,واللي بترتدي ملابس حقيقيه اشتراها موسي من اصحابا الحقيقيين وبتجسد الموضه بوقتا ولانو الاهانه اللي حصلت لموسي ايام المدرسه كانت قاسيه وصعبه تتنسي بسهوله
C:\Users\user\Desktop\audio\audio\064_episode-28-moussa-castle\4046114-moussa-castle_chunk0026_000501910-000504104.wav,قام موسي
C:\Users\user\Desktop\audio\audio\064_episode-28-moussa-castle\4046114-moussa-castle_chunk0027_000506869-000513057.wav,وعمل مجسم للاستاذ وبايدو قضيب الرمان هو ورافعو عليه وبدو يضربو
C:\Users\user\Desktop\audio\audio\064_episode-28-moussa-castle\4046114-moussa-castle_chunk0028_000515544-000518397.wav,قرر موسي يعمل
C:\Users\user\Desktop\audio\audio\064_episode-28-moussa-castle\4046114-moussa-castle_chunk0029_000519869-000522217.wav,كرمال لما يزورا استاذو اللي اهانو وحبيبتو سيده
C:\Users\user\Desktop\audio\audio\064_episode-28-moussa-castle\4046114-moussa-castle_chunk0030_000528907-000550602.wav,هني وفايتين انتقاما من الاهانه اللي عملوا فيه ولكل اللي حابب يعرف اذا هالشي تحقق فبالفعل سيده لاقاها موسي بعد ما هاجرت علي نيويورك وطلب من اصدقاء مشتركين انو يجيبوا عالقلعه بلا ما يقولولا مين صاحبا وفعلا هيك صار وفاجئها موسي
C:\Users\user\Desktop\audio\audio\064_episode-28-moussa-castle\4046114-moussa-castle_chunk0031_000551929-000578710.wav,اما استاذو فتوفي قبل ما يزور القلعه ولكن كان سمع عن انجاز موسي العظيم انا شخصيا زرت قلعه موسي اكتر من مره واحدي المرات التقيت فيه علي الجسر الخشبي وكان عم يشتري قطعه سلاح قديمه ورثا شاب من جدو بقيت ناطرتو واخدت صوره معو علي الجسر هو وحامل الباروده ومبتسم ابتسامه كبيره
C:\Users\user\Desktop\audio\audio\064_episode-28-moussa-castle\4046114-moussa-castle_chunk0032_000578210-000591182.wav,هالقلعه مش بس معلم تاريخي وفني متميز بس كمان حكايه نضال واصرار ونجاح لموسي المعماري اللي ما خلا ولا اي حدا يسرق حلمو
C:\Users\user\Desktop\audio\audio\064_episode-28-moussa-castle\4046114-moussa-castle_chunk0033_000592773-000601779.wav,حلمو اللي صنعو بايديه ليصير تحفه من اجمل اماكن لبنان السياحيه خلصت حلقتنا عن قلعه موسي لليوم بتمني تكونو استمتعتو فيا
C:\Users\user\Desktop\audio\audio\064_episode-28-moussa-castle\4046114-moussa-castle_chunk0034_000604630-000606576.wav,بحلقه جديده
C:\Users\user\Desktop\audio\audio\065_episode-27-two-common-proverbs\3952811-two-common-proverbs-2_chunk0000_000000000-000027159.wav,يمكن وحده من اصعب الاشيا علينا لما كنا ولاد صغار ونحب نقعد مع الكبار ونتسمع علي احاديثن كانت الامتال اساسا شو هو المتل وليش الناس خاصه الكبار بالعمر بيحكو كتير امتال باحاديثن هاي الاسئله كانت تزعجنا نحنا وصغار لان غالبا الكبار ما كانو يخبرونا معني الامتال وقت نسال عنن
C:\Users\user\Desktop\audio\audio\065_episode-27-two-common-proverbs\3952811-two-common-proverbs-2_chunk0001_000027311-000052002.wav,ويقلولنا بعدكن صغار و شو بدكن بهيدا الحكي ومع الايام نصير نسمع هالجمله او العباره القصيره اللي هي المتل عم تنقال وتتكرر قدامنا باكتر من موقف بالحياه ومنصير منعرف شو معناتا وشو كان قاصد الشخص اللي قال هالعباره وشوي بعد منصير نحنا نعرف ايمتا وكيف منستخدما لان بالاخير في كتير امتال بتحمل عبره او حكمه من
C:\Users\user\Desktop\audio\audio\065_episode-27-two-common-proverbs\3952811-two-common-proverbs-2_chunk0002_000040817-000064630.wav,القصه اللي اجت منا سواء كانت هالقصه حقيقيه او تاليف تاليف يعني ما صارت عنجد وحدا اخترعا
C:\Users\user\Desktop\audio\audio\065_episode-27-two-common-proverbs\3952811-two-common-proverbs-2_chunk0003_000066521-000073919.wav,هي مثل نتيجه لقصه بتساعدنا نتعلم دروس بالحياه من ناس غيرنا
C:\Users\user\Desktop\audio\audio\065_episode-27-two-common-proverbs\3952811-two-common-proverbs-2_chunk0004_000076440-000103127.wav,مرحبا لكل مستعميننا ومتابعيننا عاللانغويج وايف بحلقه جديده معي انا مريم عن الامتال الشعبيه اللبنانيه المتل الاول اللي رح نحكي قصتو اليوم بقول الولد ولد ولو حكم بلد وقصه هالمتل بقولو انا بترجع لاكتر من مائة و خمسون سنه لورا علي ايام والي يعني حاكم عثماني عايام السلطنه العثمانيه
C:\Users\user\Desktop\audio\audio\065_episode-27-two-common-proverbs\3952811-two-common-proverbs-2_chunk0005_000103763-000105854.wav,محمد علي
C:\Users\user\Desktop\audio\audio\065_episode-27-two-common-proverbs\3952811-two-common-proverbs-2_chunk0006_000108139-000135100.wav,بيوم من الايام كان هالوالي عم يتمشي بشوارع مدينه القاهره اللي هي عاصمه مصر وكان معو مرافقه وحرس هو وعم يمشي بالحارات شاف مجموعه صبيان صغار عم يلعبو عالشارع بالغلل الغله هي طابه من حديد او قزاز صغيره كتير وكانت من اشهر الالعاب عند الولاد من زمان
C:\Users\user\Desktop\audio\audio\065_episode-27-two-common-proverbs\3952811-two-common-proverbs-2_chunk0007_000134888-000154880.wav,وغالبا مع اختلاف الطرق الكتيره لهاللعبه الولد اللي معو عدد اكبر من الغلل بتكون فرصو للربح اعلي بكتير الوالي لاحظ واحد من الصبيان لابس طربوش علي راسو الطربوش هو لبس قديم وتراثي بيشبه الطقيه
C:\Users\user\Desktop\audio\audio\065_episode-27-two-common-proverbs\3952811-two-common-proverbs-2_chunk0008_000149380-000176503.wav,اخد الوالي الطربوش عن راس الولد وسالو باديش بتبيعني هالطربوش رد الولد وقلو سعرو قبل ما انت تمسكو كان عشر فلوس الفلس هو عمله مصريه قديمه اما هلا بعد ما ايديك لمسوه صار حقو اغلي من اني اقدر قدرو او اعرفو
C:\Users\user\Desktop\audio\audio\065_episode-27-two-common-proverbs\3952811-two-common-proverbs-2_chunk0009_000177039-000195334.wav,ضحك الوالي وانعجب بذكائو للصبي وقلو اذا دفعتلك حقو الف فلس شو بتعمل بالمصاري رد الولد وقال بشتري كومه كبيره من الغلل حتي خسر فيهن رفقاتي بلعبه الغلل اللي عم نلعبا
C:\Users\user\Desktop\audio\audio\065_episode-27-two-common-proverbs\3952811-two-common-proverbs-2_chunk0010_000198122-000201467.wav,وقال الولد ولد ولو حكم الشخص اللي
C:\Users\user\Desktop\audio\audio\065_episode-27-two-common-proverbs\3952811-two-common-proverbs-2_chunk0011_000206352-000212679.wav,بضل طبعو ومنطقو هيك حتي لو صار غني وعندو سلطه او يعني حاكم لبلد
C:\Users\user\Desktop\audio\audio\065_episode-27-two-common-proverbs\3952811-two-common-proverbs-2_chunk0012_000216829-000227893.wav,عقلك ما بينفعك وربعك معناتا عشيرتو للشخص او عيلتو الكبيره او يعني الناس اللي عايش معن وهو جزء من مجتمعن
C:\Users\user\Desktop\audio\audio\065_episode-27-two-common-proverbs\3952811-two-common-proverbs-2_chunk0013_000230499-000244506.wav,نهر مدينه بمرض ما خبرونا باي مدينه وباي زمن تحديدا بس صارو الناس كل ما حدا يشرب من النهر يصير مجنون يعني يفقد عقلو
C:\Users\user\Desktop\audio\audio\065_episode-27-two-common-proverbs\3952811-two-common-proverbs-2_chunk0014_000248003-000274480.wav,بلغه ما يفهموها العاقلين العاقلين يعني الناس اللي ما فقدت عقلا او جنت وفقدت يعني خسرت او ضيعت او بطل عندا عقل يعني حاول ملك المدينه يواجهه ويحارب هالطاعون والجنون بس بيوم من الايام بفيق وبلاقي انو الملكه يعني مرتو كمان صارت مجنونه
C:\Users\user\Desktop\audio\audio\065_episode-27-two-common-proverbs\3952811-two-common-proverbs-2_chunk0015_000273559-000294625.wav,وصارت الملكه تجتمع مع ناس تانيين فقدو عقلن كمان وتشكيلن عن جنون الملك زوجا طلب الملك وزيرو فورا وقلو يا وزير الملكه فقدت عقلا وين كان الحرس رد الوزير يا مولاي الملك الحرس كمان انجنو
C:\Users\user\Desktop\audio\audio\065_episode-27-two-common-proverbs\3952811-two-common-proverbs-2_chunk0016_000296168-000313856.wav,فقلو الملك طيب اطلبلي الدكتور فورا رد الوزير وقال كمان الدكتور صار مجنون ضاقت الدنيا فيه للملك يعني اتضايق كتير وحس حالو اختنق وقال شو هالمصيبه اللي وقعت علينا مين ضل بالمدينه ما فقد عقلو
C:\Users\user\Desktop\audio\audio\065_episode-27-two-common-proverbs\3952811-two-common-proverbs-2_chunk0017_000315359-000339920.wav,جاوبو الوزير للاسف يا سمو الملك ما ضل بالمدينه غير انا وانت ما انجنينا صفن الملك واتضايق اكتر وصرخ يا الله معقول احكم مدينه مجانين رد الوزير سامحني يا مولاي بس المجانين بالمدينه عم يدعو يدعو يعني يقولو شي مش مثبت انو صح المجانين بالمدينه عم يدعو انو هني العاقلين وعم يقولو انو ما في مجانين بالمدينه غير انا وانت
C:\Users\user\Desktop\audio\audio\065_episode-27-two-common-proverbs\3952811-two-common-proverbs-2_chunk0018_000350934-000355140.wav,شو هالمهزله هيدي مهزله يعني مصخره من القصه اللي
C:\Users\user\Desktop\audio\audio\065_episode-27-two-common-proverbs\3952811-two-common-proverbs-2_chunk0019_000359420-000367919.wav,بس الوزير رجع خالف الملك وقلو الحقيقه يا صاحب السمو انهم عم يقولوا انه
C:\Users\user\Desktop\audio\audio\065_episode-27-two-common-proverbs\3952811-two-common-proverbs-2_chunk0020_000370440-000374779.wav,لهيك نحنا المجانين لانو ما شربنا نحنا
C:\Users\user\Desktop\audio\audio\065_episode-27-two-common-proverbs\3952811-two-common-proverbs-2_chunk0021_000381184-000391779.wav,اللي بيقدروا هلا يحددوا شو هن الحق والعدل والفضيله الفضيله يعني العفه او القيم والتصرفات المنيحه
C:\Users\user\Desktop\audio\audio\065_episode-27-two-common-proverbs\3952811-two-common-proverbs-2_chunk0022_000393327-000395684.wav,شو هو العقل من النهر
C:\Users\user\Desktop\audio\audio\065_episode-27-two-common-proverbs\3952811-two-common-proverbs-2_chunk0023_000454112-000457600.wav,الجنون ورايه هو سواء اتفقنا او اختلفنا مع العبره اللي بهالمتل الناس بيستعملوه كتير باحاديثن مثلا اذا كان في شخص اسمو سمير فايت بنقاش مع مجموعه ناس عن موضوع معين وعم يحاول يقنعن بانو رايو هو الصح بس الكل عم يخالفوه ومش متفقين مع رايو بس سمير مصر ومتاكد انو رايو هو الصح وهو الحكمه هون بينسحب سمير من الحديث وهيك متل كان سمير عم يقول للناس انو ما عاد رح يناقشن لانو راين هو الجنون ورايو هو العقل والصح ولانن هني كلن مجانين وهو العاقل
C:\Users\user\Desktop\audio\audio\065_episode-27-two-common-proverbs\3952811-two-common-proverbs-2_chunk0024_000460627-000473019.wav,فالنقاش معن ما عاد ينفع او يجيب نتيجه او ممكن بحاله تانيه سمير يعمل تصرف او يقوم باي شي وهو مش مقتنع فيه بل وشايفو غلط بس الكل عم
C:\Users\user\Desktop\audio\audio\065_episode-27-two-common-proverbs\3952811-two-common-proverbs-2_chunk0025_000479399-000492133.wav,حتي يقدر يعمل الشي اللي مش مقتنع فيه لان الكل فبيعتبر سمير بهالحاله انو عقلو ما عاد ينفعو طبعا كتير ناس بتختلف مع هالمتل
C:\Users\user\Desktop\audio\audio\065_episode-27-two-common-proverbs\3952811-two-common-proverbs-2_chunk0026_000493385-000510820.wav,وبيعتبرو انو الانسان لازم يتمسك بقناعاتو وافكارو اذا كان شايفا صح حتي لو ما ضل اي حدا متفق معو بهالحلقه منكون حكينا قصه مثلين واللي هن الولد ولد ولو حكم بلد
C:\Users\user\Desktop\audio\audio\065_episode-27-two-common-proverbs\3952811-two-common-proverbs-2_chunk0027_000515026-000541660.wav,شوي من لانو مرات بتسبب حساسيه او زعل من قبل بعض الاشخاص اذا قلناها وكان فيها تلطيش لالن وهني ما بيتحملو المزح متل مثلا الولد ولد ولو حكم بلد يعني الامتال مش قواعد دقيقه او دايما صحيحه بالحياه في امتال ممكن تعجبنا ونقتنع فيا ونصير نستعملا
C:\Users\user\Desktop\audio\audio\065_episode-27-two-common-proverbs\3952811-two-common-proverbs-2_chunk0028_000541450-000564210.wav,وفي امتال ممكن نختلف معا وما نحب نستخدما لانو العبره اللي فيا ما عجبتنا او ما حسيناها صح وممكن كمان نكون من الناس اللي ما بحبو يستخدمو الامتال ابدا بس بحبو يعرفو شو معناتن بحال سمعوون بحديث ضلو بخير وتابعوني بحلقات جديده دايما عاللانغويج وايف
C:\Users\user\Desktop\audio\audio\066_episode-26-trip-to-rabbit-island\3855044-palm-islands_chunk0000_000000000-000012860.wav,اهلا وسهلا فيكن بحلقه جديده من لانغويج وايف انا نعيم واليوم بدي خبركن عن جزيره موجوده ببحر لبنان اسما جزيره الارانب من مجموعه
C:\Users\user\Desktop\audio\audio\066_episode-26-trip-to-rabbit-island\3855044-palm-islands_chunk0001_000223859-000251880.wav,بتبلغ مساحتن اكتر من اثنان كيلومتر مربع واسمن محميه جزر النخيل موجودين ببحر منطقه الشمال وتحديدا مقابل مدينه طرابلس علي بعد ولنتعرف اكتر علي هالجزيره حنروح عليا ونكتشفا وخبركن شو شفنا وشو عملنا نهار السبت الصبح بكير جهزنا حالنا انا وتنين من رفقاتي لبسنا تياب سبور وانطلقنا بالسياره من بيروت صوب الشمال وطول الطريق نفكر بالجزيره شو في عليا وليش اسما هيك يا تري في حدا ساكن فيا او عليا حيوانات بريه بعد حوالي ساعه ونص من انطلاقنا من بيروت وصلنا اخيرا علي مدينه طرابلس يلي بقولولا عاصمه لبنان التانيه ومن هونيك توجهنا عكورنيش البحر بمنطقه المينا وعلي جنب الطريق شفنا بياع سمك سالناه كيف بروحو عالجزيره فخبرنا انو لازم نروح علي مينا الصيادين اول شي وهونيك في رحلات بحريه فيه يركب وهيك عملنا رحنا عالمينا وركبنا بالشختوره ودفعنا كل واحد عشرة الاف ليره لصاحب المركب ومشيت فينا الشختوره بالمي وصرنا نتفرج علي صيادين السمك وعلي طيور النورس يلي كل الوقت بحومو حول السفن نحنا وبطريقنا خبرنا صاحب الشختوره انه الجزيره يلي رايحين عليا هي اول محميه طبيعيه بلبنان يعني الدوله بتحافظ عليا وبتمنع اي تعدي او تخريب فيها وبمحيطا من حوالي ثلاثون سنه لليوم وهي تعتبر من اهم المناطق المحميه بمنطقه شرق البحر المتوسط بالسنه حوالي مائة و ستون نوع من وفي حوالي عشرة انواع من هيدي الطيور عايشه كل ايام السنه عالجزيره وبتتكاثر عليا وصحيح انا محميه لكن هيدا ما بيعني انا مسيجه او ممنوع الدخول عليا وخبرنا شوفير المركب كمان انه الدخوليه بتكلف بس ثلاثة الاف ليره وهيدا المبلغ بروح لاعمال الاهتمام والتنظيف عالجزيره بعد حوالي ساعه وقبل ما نوصل مرقنا من حد جزيرتين صغار خبرنا شوفير المركب انه الجزيرتين يلي عم نشوفن هلا تابعين للمحميه وحده اسما السنني والتانيه الرامكين ومع كل هالخبريات زاد حماسنا لنوصل عالجزيره الاساسيه يلي رايحين عليا وهي جزيره الارانب وبعد دقيقتين وصلنا بالشختوره علي شط الجزيره وكان المشهد شي متل الخيال كان لون الرمل متل الذهب عم يلمع والمي اد ما نضيفه بتشوف السمك كيف عم يسبح فيا نرلنا من المركب وبلشت جولتنا علي جزيره الارانب هيك سموها من زمان لان كان في عليا ارانب باعداد كبيره كيف وصلت في روايه بتقول انو القنصل الفرنسي ايام الانتداب احضر ارانب عالجزيره وتكاثرت فيما بعد ولليوم في ارانب ولكن باعداد قليله وفيه كمان عده انواع من الزواحف والوطاويط وانواع نادره من الفراشات ما منشوفا بالعاده وكل ما مشينا اكتر كل ما اكتشفنا تفاصيل اكتر متل شجر النخيل بمختلف انحاء الجزيره بالاضافه لانواع عديده من النباتات الساحليه ومنا يستخدم بطب الاعشاب وبين الشجر والاعشاب والصخور شفنا كيف العصافير بتتنقل خصوصا طير الهدهد بالاضافه لانواع تانيه من الطيور يلي حجما اكبر متل مالك الحزين اوالبلشون الرمادي
C:\Users\user\Desktop\audio\audio\066_episode-26-trip-to-rabbit-island\3855044-palm-islands_chunk0002_000252571-000280197.wav,ومتل ما الجزيره بتجذب الطيور كمان بتجذب السلاحف البحريه وتحديدا نوعين منا السلاحف الخضرا وسلاحف الراس الضخم بتجي كل سنه علي شط الجزيره لتبيض وتتكاثر ببيئه نضيفه ومحميه وبتتغذا علي الطحالب والاعشاب البحريه خاصه انو بلبنان صارت كتير قليله الشواطئ يلي ممكن تجي عليا السلاحف البحريه ومتل ما في شط رملي عالجزيره
C:\Users\user\Desktop\audio\audio\066_episode-26-trip-to-rabbit-island\3855044-palm-islands_chunk0003_000279859-000293298.wav,في شط صخري كمان وهيدا الشط بعيش فيه حيوان فقمه البحر يلي تعتبر من الحيوانات المهدده بالانقراض الفقمه عايشه بكل امان
C:\Users\user\Desktop\audio\audio\066_episode-26-trip-to-rabbit-island\3855044-palm-islands_chunk0004_000295179-000312320.wav,صحيح انو ما في بيوت او ناس ساكنه فيها لكن الاثارات الموجوده بتاكد انو من زمان كانت ماهوله بالسكان من بين هيدي الاثار كنيسه بنيت بالقرن الثالث عشر وبير مي حلوه وبقايا ملاحات تقليديه يعني
C:\Users\user\Desktop\audio\audio\066_episode-26-trip-to-rabbit-island\3855044-palm-islands_chunk0005_000314200-000316266.wav,واكتر من
C:\Users\user\Desktop\audio\audio\066_episode-26-trip-to-rabbit-island\3855044-palm-islands_chunk0006_000319113-000345119.wav,علي فنار او مناره قديمه كانت تستخدم لارشاد الصيادين احسن ما يضيعو بالبحر بالاضافه لخنادق ومواقع مدفعيه قديمه تعود الي فتره الانتداب وهيك بتكون هالمحميه نموذج للسياحه البيئيه لبمي نضيفه او يمارس هوايه الصيد او الغطس او يتمشي بالطبيعه بعيدا عن ضجيج المدينه
C:\Users\user\Desktop\audio\audio\066_episode-26-trip-to-rabbit-island\3855044-palm-islands_chunk0007_000346070-000363700.wav,وكتار بقولو انو هالجزيره لازم تكون محطه اساسيه لاي شخص بزور شمال لبنان بهدف السياحه بحسب الاحصاءات كمان انو حوالي عشرة الاف شخص بزور الجزيره سنويا من مختلف الجنسيات وخصوصا المغتربين اللبنانيين
C:\Users\user\Desktop\audio\audio\066_episode-26-trip-to-rabbit-island\3855044-palm-islands_chunk0008_000367032-000394366.wav,فقط باشهر تموز وابو ايلول اما الاشهر الباقيه ممنوع والسبب هو عدم ازعاج الطيور المهاجره والسلاحف البحريه والسماح الا انو تستريح عليا وتاخد راحتا وبكون فقط مسموح للزيارات المخصصه للابحاث والدراسات العلميه وقبل ما تخلص جولتنا عالجزيره التقينا برئيس لجنه المحميه
C:\Users\user\Desktop\audio\audio\066_episode-26-trip-to-rabbit-island\3855044-palm-islands_chunk0009_000393366-000415519.wav,عامر حداد يلي خبرنا انو من حوالي عشرون سنه وضعت دراسه لكيفيه تحسين الجزيره مستقبليا وكل الجهات الرسميه وافقت عليا متل تطوير وسائل النقل والمراكب وزياده عدد الموظفين المكلفين بمراقبه والاهتمام بالجزيره ولتسهيل زياره الناس
C:\Users\user\Desktop\audio\audio\066_episode-26-trip-to-rabbit-island\3855044-palm-islands_chunk0010_000415059-000428079.wav,لكن فعليا حتي اليوم ما بلش الشغل الجدي حسب الخطه بسبب النقص بالمصاري وعدم اتخاذ القرار من السلطات المركزيه وعلي الرغم من هيك الجزيره بعدا محميه ع طبيعتا نوع من
C:\Users\user\Desktop\audio\audio\066_episode-26-trip-to-rabbit-island\3855044-palm-islands_chunk0011_000431679-000457519.wav,وكل سنه بتحلو اكتر بسبب الحفاظ عليا وخبرنا رئيس اللجنه كمان انو كتير من الدول خصوصا بالمنطقه العربيه بيصنعو علي شواطئن جزر اصطناعيه لتشجيع السياحه البيئيه والبحريه يعني الخلاصه شو بدنا احلا من هيك عنا جزيره طبيعيه متل جزيره الارانب وباقي جزر محميه النخيل الطبيعيه بس المهم نحافظ عليهن
C:\Users\user\Desktop\audio\audio\066_episode-26-trip-to-rabbit-island\3855044-palm-islands_chunk0012_000457880-000466980.wav,وبنهايه جولتنا قبل ما نرجع نركب بالشختوره لتوصلنا علي الشط التقينا بعدد من السواح منن لبنانيين استمتعو بالجزيره متلنا
C:\Users\user\Desktop\audio\audio\066_episode-26-trip-to-rabbit-island\3855044-palm-islands_chunk0013_000468279-000480000.wav,وتسبحو وتغدو وتشمسو وسالنا البعض منن عن راين بالجزيره من بينن شاب لبناني عايش برا هيدي تالت مره بيجي لهون
C:\Users\user\Desktop\audio\audio\066_episode-26-trip-to-rabbit-island\3855044-palm-islands_chunk0014_000482100-000510399.wav,ودايما بينصح اصحابو يلي بحبو البحر والطبيعه يجو لهون والتقينا كمان بصبيه خبرتنا انا اول مره بتجي عليا وانو ما كانت متوقعه في هيك شي بلبنان وقالت انو بتتمني تبقي الجزيره ع طبيعتا متل ما هي ويتحافظ عليا للاجيال يلي بعدا وهيك بتكون خلصت حلقتنا لليوم تعرفنا فيها علي جزيره الارانب بشمال لبنان يلي بتتميز باهميتا الايكولوجيه
C:\Users\user\Desktop\audio\audio\066_episode-26-trip-to-rabbit-island\3855044-palm-islands_chunk0015_000510713-000519440.wav,بتحريك السياحه ومن سنه لسنه كتير صارو ينطرو موسم الصيف لزياره هالجزيره تكون
C:\Users\user\Desktop\audio\audio\066_episode-26-trip-to-rabbit-island\3855044-palm-islands_chunk0016_000521140-000528746.wav,واذا عندكن اي تعليقات او اقتراحات شاركونا ياهن وانطرونا بحلقه جديده من لانغويج وايف
C:\Users\user\Desktop\audio\audio\067_episode-25-hassan-kamel-al-sabbah\3751553-hassan-kamel-al-sabbah_chunk0000_000000000-000022239.wav,مرحبا واهلا وسهلا فيكن بحلقه جديده من لانغويج وايف انا لين واليوم رح نتعرف علي مخترع لبناني ساهم بتغيير وتسهيل الحياه علي الكره الارضيه رح نحكي اليوم عن اديسون الشرق
C:\Users\user\Desktop\audio\audio\067_episode-25-hassan-kamel-al-sabbah\3751553-hassan-kamel-al-sabbah_chunk0001_000021979-000046680.wav,ايه لبناني بيسمع بهاللقب دغري بيعرف انو عم نحكي عن المخترع اللبناني حسن كامل الصباح مين هو حسن كامل الصباح حياتو انجازاتو وليش اعطوه هاللقب وكيف عم بتم تكريمو بعد موتو
C:\Users\user\Desktop\audio\audio\067_episode-25-hassan-kamel-al-sabbah\3751553-hassan-kamel-al-sabbah_chunk0002_000046240-000070180.wav,كل هيدي مواضيع رح نحكي عنا بهالحلقه مخترعنا اليوم حسن كامل الصباح من مدينه النبطيه بجنوب لبنان خلق حسن كامل الصباح سنه ألف و ثمانمائة و أربعة و تسعون من بي و ام لبنانيه
C:\Users\user\Desktop\audio\audio\067_episode-25-hassan-kamel-al-sabbah\3751553-hassan-kamel-al-sabbah_chunk0003_000062790-000082839.wav,سنه ألف و تسعمائة و واحد سجل حسن بالمدرسه الابتدائيه الرسميه وبلش ذكاه يبين بعمر سبعة سنين
C:\Users\user\Desktop\audio\audio\067_episode-25-hassan-kamel-al-sabbah\3751553-hassan-kamel-al-sabbah_chunk0004_000082059-000093760.wav,فبتخبر امو لحسن عن اول تجربه لالو هو وصغير وكيف جرب يعمل بالون من ورق يعبيه غاز ويطيرو
C:\Users\user\Desktop\audio\audio\067_episode-25-hassan-kamel-al-sabbah\3751553-hassan-kamel-al-sabbah_chunk0005_000096141-000102096.wav,نزل حسن كامل الصباح علي
C:\Users\user\Desktop\audio\audio\067_episode-25-hassan-kamel-al-sabbah\3751553-hassan-kamel-al-sabbah_chunk0006_000105059-000124184.wav,وظهر تفوقو بالرياضيات والهندسه بعد ست سنين يعني سنه ألف و تسعمائة و أربعة عشر سجل حسن بالجامعه الامريكيه ببيروت بالانجليزه
C:\Users\user\Desktop\audio\audio\067_episode-25-hassan-kamel-al-sabbah\3751553-hassan-kamel-al-sabbah_chunk0007_000129419-000145719.wav,وبعد سنتين من دخولو الجامعه اضطر انو يوقف دراسه لانو صار بعمر لازم يخدم بالعسكريه فيه ففات حسن كامل الصباح
C:\Users\user\Desktop\audio\audio\067_episode-25-hassan-kamel-al-sabbah\3751553-hassan-kamel-al-sabbah_chunk0008_000151405-000178720.wav,وهونيك اختلط بالمهندسين الالمان وتعلم اللغه الالمانيه وهيك صار حسن يتقن خمسة لغات العربي الانكليزي الفرنسي التركي والالماني وتابع مع المهندسين ابحاثو بالكهربا وترقي لرتبه ملازم اول
C:\Users\user\Desktop\audio\audio\067_episode-25-hassan-kamel-al-sabbah\3751553-hassan-kamel-al-sabbah_chunk0009_000177860-000188240.wav,سافر مخترعنا عدمشق ليكمل دراستو بالهندسه الكهربائيه الميكانيكا والرياضيات
C:\Users\user\Desktop\audio\audio\067_episode-25-hassan-kamel-al-sabbah\3751553-hassan-kamel-al-sabbah_chunk0010_000189300-000201090.wav,بعدين رجع عبيروت ومن بعدا سافر حسن كامل الصباح علي الولايات المتحده الاميركيه ليكمل دراستو
C:\Users\user\Desktop\audio\audio\067_episode-25-hassan-kamel-al-sabbah\3751553-hassan-kamel-al-sabbah_chunk0011_000202437-000207510.wav,وهونيك درس بمعهد ماساتشوستس للتكنولوجيا
C:\Users\user\Desktop\audio\audio\067_episode-25-hassan-kamel-al-sabbah\3751553-hassan-kamel-al-sabbah_chunk0012_000211600-000237380.wav,بالانكليزي Massachusetts Institute of Technology لمده سنه وبعدين نقل علي جامعه الينوي وهونيك درس سنتين واخد شهاده الماجستير بعلوم الهندسه وبنفس السنه بعد ما اخد شهاده الماجستير بلش يشتغل بمختبرات الهندسه بجنرال الكتريك نيويورك
C:\Users\user\Desktop\audio\audio\067_episode-25-hassan-kamel-al-sabbah\3751553-hassan-kamel-al-sabbah_chunk0013_000236399-000253814.wav,وكانت الشركه تعطيه دولار واحد علي كل اختراع وقدر حسن كامل الصباح ياخد اكتر من أربعون براءه اختراع اميركيه وعالميه علي اعمالو
C:\Users\user\Desktop\audio\audio\067_episode-25-hassan-kamel-al-sabbah\3751553-hassan-kamel-al-sabbah_chunk0014_000260396-000274799.wav,الولايات المتحده الامريكيه بلجيكا كندا بريطانيا فرنسا ايطاليا اليابان وغيرهم من بلدان
C:\Users\user\Desktop\audio\audio\067_episode-25-hassan-kamel-al-sabbah\3751553-hassan-kamel-al-sabbah_chunk0015_000277320-000294250.wav,لقبوه باديسون الشرق نسبه للمخترع الاميركي توماس اديسون يلي اخترع اللمبه الكهربائيه وقدر حسن كامل الصباح يسجل عشرات الاختراعات بمجال الفضا السيارات الكهربائيه
C:\Users\user\Desktop\audio\audio\067_episode-25-hassan-kamel-al-sabbah\3751553-hassan-kamel-al-sabbah_chunk0016_000296307-000303420.wav,الادوات الكهربائيه يلي بتقيس الحراره والضغط التلفزيون
C:\Users\user\Desktop\audio\audio\067_episode-25-hassan-kamel-al-sabbah\3751553-hassan-kamel-al-sabbah_chunk0017_000304920-000307170.wav,تكنولوجيا الشاشات وغيرن
C:\Users\user\Desktop\audio\audio\067_episode-25-hassan-kamel-al-sabbah\3751553-hassan-kamel-al-sabbah_chunk0018_000309897-000333399.wav,وبعض اختراعاتو عم تتطبق اليوم بالاقمار الصناعيه والمركبات الفضائيه ذكر حسن كامل الصباح قبل وفاته انو كان حابب يرجع علي الشرق الاوسط ويطبق تقنيات الطاقه الشمسيه بالمنطقه وخاصه بالصحراء العربيه
C:\Users\user\Desktop\audio\audio\067_episode-25-hassan-kamel-al-sabbah\3751553-hassan-kamel-al-sabbah_chunk0019_000332579-000351812.wav,مات حسن كامل الصباح عن عمر أربعون سنه بحادث سير هيدا هو المخترع العربي الوحيد يلي اخد لقب فتي العلم الكهربائي من معهد المهندسين الكهربائيين الاميركيين
C:\Users\user\Desktop\audio\audio\067_episode-25-hassan-kamel-al-sabbah\3751553-hassan-kamel-al-sabbah_chunk0020_000352540-000368485.wav,المدينه اللبنانيه يلي حسن منا عملتلو تمثالين بالمدينه تكريما لالو وكل سنه بتعملو حفل تكريم بتحكي فيه عن حياتو وانجازاتو وطموحاتو
C:\Users\user\Desktop\audio\audio\067_episode-25-hassan-kamel-al-sabbah\3751553-hassan-kamel-al-sabbah_chunk0021_000370820-000385278.wav,وانا شخصيا حبيت احضر كيف بتم تكريم هالمخترع بمدينه النبطيه فالسنه الماضيه فتشت علي الانترنت ولقيت انو ثانويه حسن كامل الصباح
C:\Users\user\Desktop\audio\audio\067_episode-25-hassan-kamel-al-sabbah\3751553-hassan-kamel-al-sabbah_chunk0022_000388579-000413130.wav,المدرسه يلي سميت علي اسمو رح تعمل حفل تكريم للمخترع وكانت الدعوه عامه فقررت روح علي المدرسه واحضر الاحتفال مجرد ما فتت لهونيك شفت العلم اللبناني وصور لهالمخترع العظيم
C:\Users\user\Desktop\audio\audio\067_episode-25-hassan-kamel-al-sabbah\3751553-hassan-kamel-al-sabbah_chunk0023_000412130-000420003.wav,وعبارات مكتوبه علي بطاقات ومحطوطه علي حيطان المدرسه عن
C:\Users\user\Desktop\audio\audio\067_episode-25-hassan-kamel-al-sabbah\3751553-hassan-kamel-al-sabbah_chunk0024_000423440-000447200.wav,واجمل عباره لفتتلي نظري هي اينشتاين عالم اديسون مخترع و حسن كامل الصباح عالم ومخترع بلش الاحتفال بالنشيد الوطني واكيد الكل بدو يوقف اكراما للنشيد
C:\Users\user\Desktop\audio\audio\067_episode-25-hassan-kamel-al-sabbah\3751553-hassan-kamel-al-sabbah_chunk0025_000447905-000456660.wav,وبعدين طلع مدير المدرسه علي المسرح وصار يحكي عن حسن كامل الصباح
C:\Users\user\Desktop\audio\audio\067_episode-25-hassan-kamel-al-sabbah\3751553-hassan-kamel-al-sabbah_chunk0026_000457991-000462573.wav,عن حياتو هو وصغير وكيف قدر باصرارو وطموحو وصبرو
C:\Users\user\Desktop\audio\audio\067_episode-25-hassan-kamel-al-sabbah\3751553-hassan-kamel-al-sabbah_chunk0027_000464260-000468150.wav,بالرغم من كل الصعوبات يللي واجها
C:\Users\user\Desktop\audio\audio\067_episode-25-hassan-kamel-al-sabbah\3751553-hassan-kamel-al-sabbah_chunk0028_000469317-000498036.wav,انو يوصل ليصير مخترع وتتسجل اختراعاتو بكتير من دول العالم كمل المدير حكيو عن حسن كامل الصباح وحكي عن اهم انجازاتو وكيف فادت البشريه وكيف عم تتطور اختراعاتو بالعالم اهدي المميزين والمبدعين بالمدرسه ميداليه
C:\Users\user\Desktop\audio\audio\067_episode-25-hassan-kamel-al-sabbah\3751553-hassan-kamel-al-sabbah_chunk0029_000502600-000509269.wav,طلعت من المدرسه مبسوطه لاني شفت جيل بشوف حالو بعلماء بلدو
C:\Users\user\Desktop\audio\audio\067_episode-25-hassan-kamel-al-sabbah\3751553-hassan-kamel-al-sabbah_chunk0030_000511509-000534488.wav,وهيدا جيل المستقبل يلي رح يبني هالبلد ويكمل مسيره هالمخترع ليوصل للابداع والتفوق وهيك بتكون خلصت حلقتنا لليوم ومنكون حكينا عن المخترع اللبناني العظيم اديسون الشرق حسن كامل الصباح
C:\Users\user\Desktop\audio\audio\067_episode-25-hassan-kamel-al-sabbah\3751553-hassan-kamel-al-sabbah_chunk0031_000535900-000539547.wav,وبكون خبرتكن عن حياتو لقبو واهم انجازاتو
C:\Users\user\Desktop\audio\audio\067_episode-25-hassan-kamel-al-sabbah\3751553-hassan-kamel-al-sabbah_chunk0032_000542076-000549252.wav,وكمان بكون خبرتكن عن تجربتي بحضور حفل تكريمو بمدينتو النبطيه
C:\Users\user\Desktop\audio\audio\067_episode-25-hassan-kamel-al-sabbah\3751553-hassan-kamel-al-sabbah_chunk0033_000553482-000559951.wav,ونحنا كالعاده منحب دايما نسمع اقتراحاتكن وتعليقاتكن علي حلقاتنا وانا بشوفكم بحلقه جديده من لانغويج وايف
C:\Users\user\Desktop\audio\audio\067_episode-25-hassan-kamel-al-sabbah\3751553-hassan-kamel-al-sabbah_chunk0034_000564419-000566760.wav,مع السلامه
C:\Users\user\Desktop\audio\audio\068_episode-24-traditional-village-weddings\3539764-traditional-village-weddings_chunk0000_000000000-000026579.wav,مرحبا انا دارين حلقتنا اليوم عن احلي مناسبه بتصير بين الناس وهي العرس رح نتعرف فيها علي العرس القروي اللبناني وكلمه قروي جايه من القريه يعني الضيعه ومعناتا عرس الضيعه التقليدي بلبنان بتختلف عادات الاعراس بين عيله عيله وبين ضيعه وضيعه وهالاختلاف اسبابو كتيره
C:\Users\user\Desktop\audio\audio\068_episode-24-traditional-village-weddings\3539764-traditional-village-weddings_chunk0001_000025700-000050240.wav,مرات الو علاقه بالمنطقه ومرات بالدين ومرات بالوضع المادي للعروسين منشان هيك رح نجرب نحكي بالعموم يعني كلمحه عامه عن المراحل اللي بيمرق فيها العرس اللبناني بالضيعه الزواج بالضيعه مش بس امر بيهم العيله يعني عيله العروسين بل كمان بيتخطاها للعيله البعيده
C:\Users\user\Desktop\audio\audio\068_episode-24-traditional-village-weddings\3539764-traditional-village-weddings_chunk0002_000051139-000077839.wav,يعني للقرايب كون العلاقات بالضيعه متماسكه اكتر بكتير من المدينه والزواج بالضيعه عيد وفرح وبتشترك في كل الضيعه ومرات بيتحول العرس لمناسبه للتصافي والمصالحه بين الاشخاص المتزاعلين وكلمه الفرح هي معني تاني لكلمه العرس يعني الناس ممكن تقول رايحين عالفرح او عنا واجب فرح
C:\Users\user\Desktop\audio\audio\068_episode-24-traditional-village-weddings\3539764-traditional-village-weddings_chunk0003_000077120-000083425.wav,وكلمه واجب يعني فعل ضروري واساسي وممكن اذا الناس ما
C:\Users\user\Desktop\audio\audio\068_episode-24-traditional-village-weddings\3539764-traditional-village-weddings_chunk0004_000086620-000113519.wav,ونظرا لاهميه الاعراس والافراح كتير جمل وتعابير صارت تدخل ضمن احادثين كدلاله علي انو العرس او الفرح هو المناسبه الاهم بحياتن مثلا اذا كانو عم ياكلو بعزيمه بيقولو انشالله دايما مناكل بالفرح واذا زارو ناس ما عندن ولاد بيقولو نقشعلك عريس يعني انشالله يصير عندك صبي
C:\Users\user\Desktop\audio\audio\068_episode-24-traditional-village-weddings\3539764-traditional-village-weddings_chunk0005_000112519-000141279.wav,وبعد ما يخلصو شرب فنجان القهوه بيقولو دايمه بالفرح او فرحه المحروسين يعني منتمني نشرب قهوه بعرس ولادكن واذا التقو بشاب وعملن شي خدمه بيقولو فرحتك او نشوفك عريس وهالامنيات والجمل بتنقال كلها للصبيان بس ومش للبنات باعتبار انو الصبي هوي اللي بيعمل عيله وبيفتح بيت
C:\Users\user\Desktop\audio\audio\068_episode-24-traditional-village-weddings\3539764-traditional-village-weddings_chunk0006_000141279-000169240.wav,ومن هالمنطلق رح ننتقل لاول خطوه قبل عرس الضيعه لنبلش بجمله بيقولوا الناس بين بعضن اول ما يقرر الشاب يتقدم ويطلب ايد البنت وبيقولو فلان حاطط عينو علي فلانه ومعناتا انو الشاب مقرر علي البنت اللي بدو ياها شريكه حياتو وطبعا هوي بيخبر اهلو وقرايبو وبيروحو وفد من العيله يطلبو ايد البنت
C:\Users\user\Desktop\audio\audio\068_episode-24-traditional-village-weddings\3539764-traditional-village-weddings_chunk0007_000170000-000173346.wav,فتره بهدف يتعرفوا اكتر
C:\Users\user\Desktop\audio\audio\068_episode-24-traditional-village-weddings\3539764-traditional-village-weddings_chunk0008_000175440-000196660.wav,وعرس الضيعه مش متل بقيه الاعراس بالمدينه او الاعراس بالبلدان الاجنبيه اللي بتكون يوم واحد لانو معظم اعراس الضيعه بيمتد لاسبوع كامل اول يوم واللي منقلو سهره العيله وسهره العيله بيعملا كل واحد من العرسان ببيتو مع عيلتو
C:\Users\user\Desktop\audio\audio\068_episode-24-traditional-village-weddings\3539764-traditional-village-weddings_chunk0009_000198340-000215960.wav,يعني مثلا العريس بيعزم كل عيلتو وقرايبو وجيرانو ووجها العيله يعني الكبار بالقيمه والعمر وبيخبرن شو مقرر يعمل يوم العرس وبيستشيرن بالعزيمه وضيافه العرس واوقات العرس بينعزمو الموجودين
C:\Users\user\Desktop\audio\audio\068_episode-24-traditional-village-weddings\3539764-traditional-village-weddings_chunk0010_000217580-000236714.wav,والليله التانيه هي سهره العرس عند العريس بيسموا سهره العرس وعند العروس بيسموا الجلوه الجلوه يعني لما النسوان والبنات بيجملو العروس وبيلبسوا احسن تياب وبيحطولا كحله علي عيونا وحنه علي ايديا وبيصمدوا
C:\Users\user\Desktop\audio\audio\068_episode-24-traditional-village-weddings\3539764-traditional-village-weddings_chunk0011_000239987-000253113.wav,بيصمدوا يعني بيقعدوا علي مطرح مرتفع وكرسي عاليه وبيصيرو يغنولا ويرقصو ويرقصوها معن وبيرجعو بيلبسوا طرحه العرس الحلوه بتكون السهره
C:\Users\user\Desktop\audio\audio\068_episode-24-traditional-village-weddings\3539764-traditional-village-weddings_chunk0012_000254179-000270339.wav,فبيجتمعو الشباب وبيسهرو وبيرجعو باخر السهره بيروحو لعند العروس وبيدور الرقص والدبكه بين الشباب والصبايا واللي هي كمان فرصه جديده لحتي شاب منن يحط عينو علي عروس
C:\Users\user\Desktop\audio\audio\068_episode-24-traditional-village-weddings\3539764-traditional-village-weddings_chunk0013_000271369-000289519.wav,و يوم جديد هوي يوم اللي بيمشو فيه شباب العزيمه للبيوت وللضيع المجاوره لحتي يعزمو علي العرس وهودي الشباب بيزورو البيوت حاملين ورود بين ايدين وبيبلغو عن وقت العرس وبنهايه النهار اهل العروس والعريس شباب العزيمه
C:\Users\user\Desktop\audio\audio\068_episode-24-traditional-village-weddings\3539764-traditional-village-weddings_chunk0014_000292423-000313291.wav,كتكريم لوقتن اللي قدمو ومرات اذا كانو العيليتين مرتاحين ماديا بيعملو سهره اضافيه مشتركه قبل العرس بيسموا سهره العروسين بتقعد فيا العروس ساكته وحزينه ومبين عليا الزعل اكراما لعيلتا ولحتي ما ومرات اذا
C:\Users\user\Desktop\audio\audio\068_episode-24-traditional-village-weddings\3539764-traditional-village-weddings_chunk0015_000323217-000348359.wav,لساعه متاخره وقبل ما يفلو بيقدمولن النقل والنقل القديم يعني ضيافه العرس البسيطه مثلا بيكون شراب الورد شراب الزهر وزبيب وقضامه وجوز ولوز وملبس وراحه وبسكوت وبعد هيك بيجي نهار كتب الكتاب قبل العرس وعند
C:\Users\user\Desktop\audio\audio\068_episode-24-traditional-village-weddings\3539764-traditional-village-weddings_chunk0016_000354924-000373500.wav,اسمو الاكليل وبينعمل بنهار العرس وكتب الكتاب هو اعلان رسمي بموافقه العريس والعروس عالزواج قدام الاهل وبمباركه رجل دين اللي بيسال عن المقدم والماخر اللي مقدمو العريس للعروس
C:\Users\user\Desktop\audio\audio\068_episode-24-traditional-village-weddings\3539764-traditional-village-weddings_chunk0017_000374866-000403700.wav,والمقدم هوي كميه المصاري والذهب والعفش اللي قدمهن العريس للعروس قبل العرس والماخر هوي شو رح يقدم للعروس كتعويض مادي في حال لا سمح الله صار الطلاق وساعتا بيجي اليوم المنتظر اللي هوي نهار العرس واللي غالبا بيكون نهار الاحد لانو يوم عطله بيبلشو الستات يحضرو لبرزه العروس
C:\Users\user\Desktop\audio\audio\068_episode-24-traditional-village-weddings\3539764-traditional-village-weddings_chunk0018_000404360-000425360.wav,والبرزه جايه من كلمه نبرز يعني لبس احسن تياب عندو فبتلبس العروس فستانا الابيض وطرحتا وبتتزين بالدهب وبيبخروا بالبخور لتصير ريحتها حلوه اما بوكيه الورود فبالعاده بتكون من اجمل وردات الضيعه وبيقطفولا ياها صديقاتا
C:\Users\user\Desktop\audio\audio\068_episode-24-traditional-village-weddings\3539764-traditional-village-weddings_chunk0019_000425519-000454420.wav,واصدقاء العريس بياخدوو لعند الحلاق بالضيعه ليحلقولو شعرو ودقنو وبيقولولو نعيما يا عريس وبس يحين موعد العرس بيروحو كل المعازيم تبع العريس علي جلب العروس وجلب العروس يعني لما يجيبو العروس من بيت اهلا علي بيت زوجا فبيروحو مشي اذا كان العرس بنفس الضيعه وبالسيارات او الخيل اذا بغير ضيعه
C:\Users\user\Desktop\audio\audio\068_episode-24-traditional-village-weddings\3539764-traditional-village-weddings_chunk0020_000454666-000467220.wav,وبيكونو عالطريق عم يزمرو ويدقو ويغنو وهيدا اسمو موكب العرس لعند العروس بالهرج والمرج وبيبلشوا يرقصوا الخيل علي وكلمه قروي جاي من
C:\Users\user\Desktop\audio\audio\068_episode-24-traditional-village-weddings\3539764-traditional-village-weddings_chunk0021_000478040-000483824.wav,وبيبلش بكلمه اويها وبيردو وراها البنات وبيزلغطو
C:\Users\user\Desktop\audio\audio\068_episode-24-traditional-village-weddings\3539764-traditional-village-weddings_chunk0022_000486196-000499169.wav,فمثلا وحده من الزلاغيط بتقول اويها جبنا العروس وجينا اويها ويا ام العريس لاقينا اويها جبنا العروس ببهجه اويها شوفتنا بالبلد فرجه
C:\Users\user\Desktop\audio\audio\068_episode-24-traditional-village-weddings\3539764-traditional-village-weddings_chunk0023_000587460-000589739.wav,لولولولولولي والستات الكبار بيصيرو يتبارو علي اجمل زلغوطه بالاعراس وبيحطو القيمه ليشيلا العريس عن جرن حجر ولازم العريس يشيلو بايد وحده ويحملو فوق راسو وهوي دلاله علي قوتو ورجوليتو واذا ما قدر يشيلو بيتقدم حدا من شبابو وبيحملو عنو المهم انو بلا ما تنشال القيمه ما بيعطو العروس للعريس وبس تروح العروس عبيتا الجديد بيعملولا عجينه مع خميره العريس العروس فوق كدليل للخير والبركه اللي رح تفوت معا علي البيت وكل المعازيم بتنقط العرسان بتنقط يعني بتقدم نقوط والنقوط يعني هدايا للعرسان وبحب اختم مع زلغوطه علمتني ياها خالتي بعرس بنت خالتي لما كان عمري عشر عشرة سنين وبتقول اويها اهلا وسهلا يا اهلنا زرتونا اويها خضرت الدنيا لما شرفتونا اويها ونزوركن بالفرح متل ما زرتونا
C:\Users\user\Desktop\audio\audio\069_episode-23-public-transportation\3564202-public-transportation_chunk0000_000000000-000025920.wav,كتير ايام بلبنان حتي لو عندك سياره خاصه او مستاجرا رح تفضل تاخد اي وسيله نقل عام لتتنقل ببيروت او بين المناطق المختلفه ليش عم قول هيك السبب الاول هو العجقه عالطرقات اما السبب التاني والاهم هو تحدي انك تلاقي صفه للسياره خاصه بمناطق بيروت المزدحمه
C:\Users\user\Desktop\audio\audio\069_episode-23-public-transportation\3564202-public-transportation_chunk0001_000024979-000053580.wav,ومزدحمه يعني عاجقه مرحبا من جديد اصدقائي عاللانغويج وايف معكن مريم وبحلقه اليوم حديثنا رح يكون عن النقل العام والمشترك بلبنان النقل العام هو عباره عن وسائل مواصلات عامه لكل الناس مملوكه من قبل الدوله اما النقل المشترك فهو وسائل المواصلات المملوكه من قبل ناس او شركات خاصه
C:\Users\user\Desktop\audio\audio\069_episode-23-public-transportation\3564202-public-transportation_chunk0002_000053580-000062580.wav,هالوسائل ممكن تكون سيارات باصات بوسطه فانات او قطارات
C:\Users\user\Desktop\audio\audio\069_episode-23-public-transportation\3564202-public-transportation_chunk0003_000065273-000086239.wav,بعد ما عنا قطارات بلبنان بس بعدنا علي امل انو يرجع يصير فيه قلت يرجع لانو اخر رحله قطار بلبنان كانت سنه الألف و تسعمائة و أربعة و تسعون قبل ما يوقف نهائيا بسبب حروب واحداث وعوامل كتيره تراكمت علي مدار السنين
C:\Users\user\Desktop\audio\audio\069_episode-23-public-transportation\3564202-public-transportation_chunk0004_000085239-000102779.wav,بلشت من منتصف الاربعينيات يعني بعد سنه ألف و تسعمائة و خمسة و أربعون وصولا للحرب الاهليه اللبنانيه يعني انتقلنا من مرحله كان عنا فيا قطارات لمرحله حتي باصات الدوله صارت قليله ونادره
C:\Users\user\Desktop\audio\audio\069_episode-23-public-transportation\3564202-public-transportation_chunk0005_000103905-000123180.wav,فاذا ضل عنا بلبنان وسيله نقل وحيده رسميه ومملوكه من قبل الدوله والمعروفه ب باص الدوله وهو بساع أربعة و عشرون راكب راكب يعني شخص بيركب او بيطلع بوسيله نقل ليوصل عمكان تاني من زمان
C:\Users\user\Desktop\audio\audio\069_episode-23-public-transportation\3564202-public-transportation_chunk0006_000124380-000146716.wav,كمان بالاضافه وكان اكبر وبساع حوالي خمسون راكب بس هلا تقريبا ما ضل ولا واحد خطوط باص الدوله صارت قليله يعني انا شخصيا كتير نادر اني لاقي باص دوله باوقات واماكن تنقلي والمقصود بالخطوط هون يعني مسير او رحله الباص المحدده
C:\Users\user\Desktop\audio\audio\069_episode-23-public-transportation\3564202-public-transportation_chunk0007_000147919-000175580.wav,مثلا باص ممكن يكون خطو بين طريق المطار وجسر الكولا فهيك بيتحرك الباص طول النهار بين هالنقطين وبينقل معو الركاب علين هالباص ملجا لكتير ناس لان كلفه التنقل فيه ببيروت حاليا بسنه الألفان و عشرون هي ألف ليره يعني كل مشوار فيه بكلف ألف ليره لبنانيه عكلن الساحه ما ضلت فاضيه بعد باص الدوله
C:\Users\user\Desktop\audio\audio\069_episode-23-public-transportation\3564202-public-transportation_chunk0008_000175279-000202886.wav,انما دخل عليا واحد من اشهر وسائل النقل الشعبيه المشتركه بلبنان وبنفس كلفه باص الدوله واللي هو الفان الفان هو متل باص صغير بساع بين عشرة واثنا عشر راكب والو خطوط نقل كتيره بلبنان الفانات الكتيره المنتشره بكل لبنان مش مملوكه او منظمه باطار جهه او شركه معينه انما مملوكين من قبل اصحابن اللي بسوقوهن عالخط
C:\Users\user\Desktop\audio\audio\069_episode-23-public-transportation\3564202-public-transportation_chunk0009_000203160-000227979.wav,ومن اشهر الفانات ببيروت هو المعروف باسم فان رقم أربعة وهالفان خطو بين ضاحيه بيروت الجنوبيه والحمرا وهو اهم وسيله نقل لطلاب الجامعه اللبنانيه اللي بيدرسو بفرع منطقه الحدث ببيروت الفان بيتحرك بين بيروت وباقي مناطق لبنان كمان وبهالحاله كلفتو بتصير اغلي من ألف ليره
C:\Users\user\Desktop\audio\audio\069_episode-23-public-transportation\3564202-public-transportation_chunk0010_000227531-000256479.wav,وبصير في محطات معينه باتجاه كل منطقه برات بيروت مثلا الفانات اللي بتتجمع بمنطقه مار مخايل بتاخد صوب زحله وحتي كمان في فانات بتتحرك بين لبنان وسوريا وتحديدا في فانات بتروح بين بيروت والشام او دمشق يعني بتذكر اخر مره طلعت علي دمشق من بيروت سنه الألفان و سبعة عشر اخدت فان من منطقه المشرفيه الصبح بكير
C:\Users\user\Desktop\audio\audio\069_episode-23-public-transportation\3564202-public-transportation_chunk0011_000255479-000279419.wav,ودفعت عشرين الف ليره لبنانيه للرحله بلبنان غالبا ما في محطات واوقات ثابته للفان او باص الدوله يعني بتقدر تطلع عالباص او الفان باي وقت وعند اي نقطه بتلاقيه فيا ضمن خطو المحدد ما عليك غير انك توقف عجنب الطريق وترفع او تلوحلو بايدك وهو لحالو بوقفلك
C:\Users\user\Desktop\audio\audio\069_episode-23-public-transportation\3564202-public-transportation_chunk0012_000280480-000303448.wav,ودايما بتقدر تسالو لوين واصل قبل ما تطلع معو بس ما ضروري تخبرو انت وين رايح لان بتقدر باي نقطه عالخط تقلو يوقف عجنب وينزلك كون حاضر نفسيا للسرعه الخياليه اللي غالبا بيمشي فيا الفان وما تستغرب ابدا اذا ما التزم بقوانين السير مثلا اذا
C:\Users\user\Desktop\audio\audio\069_episode-23-public-transportation\3564202-public-transportation_chunk0013_000305380-000322019.wav,واكيد خليك واعي منيح لاي مشكل ممكن يعملو شوفير الفان مع سياره ما خلتو يقطع قبلا او سياره التزمت بالوقوف عند اشاره وصادفت هو علق وراها وعم بحكي عن تجربه
C:\Users\user\Desktop\audio\audio\069_episode-23-public-transportation\3564202-public-transportation_chunk0014_000324140-000326370.wav,مهم من وجوه
C:\Users\user\Desktop\audio\audio\069_episode-23-public-transportation\3564202-public-transportation_chunk0015_000328299-000356106.wav,بتسمع احاديث الناس واهتماماتن وهموممن اليوميه حتي وشو شاغل بالن بالنسبه للبلد نقاشات سياسيه واجتماعيه ومرات بس كمستمع مستمع يعني حدا عم يسمع بس بدون ما يحكي او يشارك مرات بس كمستمع بتخليك تعيد التفكير بكتير امور او الفان ما اسعفك ومش هني طلبك للتنقل عندك السيارات
C:\Users\user\Desktop\audio\audio\069_episode-23-public-transportation\3564202-public-transportation_chunk0016_000359079-000385100.wav,بلبنان هالسيارات ما الا لون موحد متل الاصفر مثلا الدارج بكتير دول يعني ممكن تكون السياره اي لون او موديل طيب كيف منفرق السياره العموميه عن سيارات الناس الخاصه ببساطه من نمره السياره واللي بتكون ابيض واحمر للعموميه يعني غير عن السيارات الخاصه اللي نمرتا بتجي ابيض وازرق
C:\Users\user\Desktop\audio\audio\069_episode-23-public-transportation\3564202-public-transportation_chunk0017_000384480-000398720.wav,كتير مهم انو ما نطلع بسياره خاصه عم تاخد ركاب لان اكيد مش امان ابدا ومش قانونيه وليش عم فرق بين سرفيس وتاكسي اول شي ما
C:\Users\user\Desktop\audio\audio\069_episode-23-public-transportation\3564202-public-transportation_chunk0018_000400559-000416151.wav,يعني باي منطقه بتكون وباي وقت في سيارات عموميه عم تتجول بالشارع لتنقل ركاب وبتقدر انت توقفن باي نقطه لتطلع معن بس وقت تتوقفهم لازم تخبرهم لوين طالع لحتي هني
C:\Users\user\Desktop\audio\audio\069_episode-23-public-transportation\3564202-public-transportation_chunk0019_000421700-000423540.wav,هو السياره
C:\Users\user\Desktop\audio\audio\069_episode-23-public-transportation\3564202-public-transportation_chunk0020_000425140-000432619.wav,وما رح يكون الا خط محدد وقيمتا ألفا ليره لبنانيه بوقت اعداد هالحلقه بالألفان و عشرون
C:\Users\user\Desktop\audio\audio\069_episode-23-public-transportation\3564202-public-transportation_chunk0021_000433980-000460130.wav,مثلا اذا طالع من مار مخايل صوب حرش بيروت بتقدر تاخد سرفيس بس اذا كان مشوارك بعيد شوي او واصل عمنطقه فيا عجقه كتير والشوفير ما عجبتو المنطقه ورفض يطلعك متل اذا طالع من طريق المطار عالحمرا فيك تطرح عليه شي منقلو سرفيسين يعني أربعة آلاف ليره لبنانيه بس انتبه بهيدي الحاله بعدا سرفيس
C:\Users\user\Desktop\audio\audio\069_episode-23-public-transportation\3564202-public-transportation_chunk0022_000460943-000488760.wav,والشوفير رح يطلع معك ناس تانيين ورح يلفلف عالطريق وممكن حتي يوصل ناس تانيين قبلك عمطارح تانيه هاي مشكله السرفيس بتذكر مره كنت طالعه بسرفيس ببيروت من طريق المطار صوب منطقه الكولا بس الشوفير قرر ينزلني معو عالاوزاعي وفوتنا عمنطقه الجناح وطلع معو ركاب من هونيك قبل ما نوصل بالاخر عالكولا
C:\Users\user\Desktop\audio\audio\069_episode-23-public-transportation\3564202-public-transportation_chunk0023_000488659-000511587.wav,وهيك زاد وقت التوصيله اكتر من عشرون دقيقه بالعجقات اما التاكسي فهو انك تاخد نفس سياره السرفيس بسعر اغلي وبتكون لحالك وبدون لفلفه بالطرقات وبسعر بتتفق انت وصاحب السياره العموميه عليه قبل ما تطلع معو بس هو تقريبا ضرب خمسة او ستة مرات من كلفه السرفيس
C:\Users\user\Desktop\audio\audio\069_episode-23-public-transportation\3564202-public-transportation_chunk0024_000512099-000531880.wav,بالتاكسي او السرفيس ما كتير بتسمع نقاشات بين الناس اللي راكبين معك اذا كان معك ناس بحاله السرفيس بس الاكيد انك رح تسمع قصص وخبار كتير من شوفير التاكسي وممكن حتي يكون عم يشكيلك عن مشاكلو بالحياه وطبعا ما خلصت عند هون رح
C:\Users\user\Desktop\audio\audio\069_episode-23-public-transportation\3564202-public-transportation_chunk0025_000534700-000555460.wav,من وين انت وشو بتشتغل واديش عمرك وشو رايك بهالموضوع الفلاني او هيداك وطبعا بدك تتحمل وتحاول تستمع بالذوق الموسيقي لصاحب السياره لان صعب تطلب منو يطفي او يغير شي مشغلو عالراديو او المسجله ولازم قلكن كمان السياره العموميه
C:\Users\user\Desktop\audio\audio\069_episode-23-public-transportation\3564202-public-transportation_chunk0026_000557813-000586679.wav,مجرد ما انت ماشي عالطريق او واقف عجنب الطريق بدون ما تلوحلو بوقفلك وبيعطيك زمور او زمورين يعني كان عم يعزمك تركب معو الاهضم انو كتير مرات بيمرق سرفيس انا ونازله من سيارتي وبشوفني نازله منا وعم قفلا مثلا بس مع ذلك بزمرلي وبينطر لقلو انو ما بدي اطلع معو حتي يكفي طريقو اذا من الاساس عارف مشوارك بعيد
C:\Users\user\Desktop\audio\audio\069_episode-23-public-transportation\3564202-public-transportation_chunk0027_000587933-000615200.wav,تروح وما عندك مشكله تدفع هون بتجي السيارات العموميه التابعه لشركات خاصه بتتصل بالشركه قبل بوقت وهني بيبعتولك سياره لعندك وبتكون السياره لالك لحالك وبتقدر انت تحدد الطريق اللي لازم تمشيه هالسيارات والشركات فيه كتير خيارات منا بلبنان بس اسعارا اكيد اغلي حتي من التاكسي بهالحلقه
C:\Users\user\Desktop\audio\audio\069_episode-23-public-transportation\3564202-public-transportation_chunk0028_000614200-000633700.wav,واضافه علي انو نحكي عن موضوع النقل العام والمشترك بلبنان حبيت اعطيكن لمحه مع شويه تفاصيل عن الموضوع ممكن حقيقه تساعدكن بكيف تتنقلو اذا جيتو شي مره علبنان وحابين تتفتلو بالشوارع وبين المناطق بالنقل العام او المشترك شخصيا
C:\Users\user\Desktop\audio\audio\069_episode-23-public-transportation\3564202-public-transportation_chunk0029_000635283-000645520.wav,بعتبر انو النقل العام او المشترك هو جانب ضروري وبحب شوفو وجربو باي مكان بسافر عليه تصادف كتير ناس
C:\Users\user\Desktop\audio\audio\069_episode-23-public-transportation\3564202-public-transportation_chunk0030_000647159-000665315.wav,تشوف الشوارع والاحياء اكتر لان بتضطرك تمشي شوي وتسمع احاديث عابره من الركاب بتخليك تشوف اشيا بالبلد من منظور تاني كونو بخير وتابعوني بحلقات جديده دايما عن مواضيع متنوعه ومسليه ومهمه عاللانغويج وايف
C:\Users\user\Desktop\audio\audio\070_episode-22-plastic-waste\3478567-plastic-waste_chunk0000_000000000-000007637.wav,مرحبا من جديد لكل متابعيننا عال لانغويج وايف معي انا مريم بحلقه مهمه عن نفايات
C:\Users\user\Desktop\audio\audio\070_episode-22-plastic-waste\3478567-plastic-waste_chunk0001_000008660-000033479.wav,ومبادرات معالجه هالظاهره الماذيه للبيئه اذا وقفنا شي مره خلال النهار وفكرنا اديش في بلاستيك حوالينا بكل شي منستعملو يوميا رح نتاكد من الدراسات اللي بتقول انو البلاستيك هو ارخص واكتر ماده مستخدمه بالعالم اليوم بقولو اذا مش مصنوعه من بلاستيك فهي مغلفه او محموله ببلاستيك
C:\Users\user\Desktop\audio\audio\070_episode-22-plastic-waste\3478567-plastic-waste_chunk0002_000032479-000059477.wav,خلونا نعد شويه اشيا يوميه مصنوعه او ملفوفه ببلاستيك قناني مي الشرب وكريمات البشره واغلب مستحضرات التجميل والتنضيف كلا مصنوعه من بلاستيك مستحضرات التنضيف يعني مساحيق لتنضيف الارض والحمامات وادويه الغسيل وغيرا وبس يضل عنا شويه اكل بصحن او جاط منلاقيا اسهل بورق تغليف
C:\Users\user\Desktop\audio\audio\070_episode-22-plastic-waste\3478567-plastic-waste_chunk0003_000059720-000067016.wav,وعاده منحفظ الاكل واللحومات والدجاج بكياس بلاستيك بالتلاجه كل من
C:\Users\user\Desktop\audio\audio\070_episode-22-plastic-waste\3478567-plastic-waste_chunk0004_000069114-000096536.wav,او السوبرماركت بكياس بلاستيك وبس تخلص او ناكل اللي فيا منكبا عالزباله كمان بكياس بلاستيك بحسب مقال نشرو موقع البرلمان الاوروبي اخر سنه الفين وتمانتعوضح انو حاليا اكتر من من نفايات البلاستيك يعني زباله بلاستيك بالمحيطات حول العالم احصائيات مشروع المحيط الازرق او Blue Ocean Project بتقول
C:\Users\user\Desktop\audio\audio\070_episode-22-plastic-waste\3478567-plastic-waste_chunk0005_000021000-000022531.wav,انو
C:\Users\user\Desktop\audio\audio\070_episode-22-plastic-waste\3478567-plastic-waste_chunk0006_000098018-000123900.wav,معدل قنينه مقابل كل خمس خمسة سمكات وبحسب تقديراتن هالنسبه رح ترتفع سنه ألفان و خمسون لتصير خمس قناني بلاستيك مقابل كل خمس سمكات بالمحيط اكيد كلكن سامعين كيف البلاستيك بالمحيط وبالنهر وبالبحر عم بادي لموت الاسماك وبالتالي خساره جزء كبير من الثروه الحيوانيه المائيه
C:\Users\user\Desktop\audio\audio\070_episode-22-plastic-waste\3478567-plastic-waste_chunk0007_000123379-000150399.wav,عنا مثلا الحيتان الحيتان او الحوت هو اكبر نوع سمك موجود بالمي واللي في انواع منا مهدده بالانقراض عم تبلع كميات كبيره من نفايات البلاستيك وقت تفتح تما لتاكل وجبه اسماك بالمي حسب مشروع المحيط الازرق كمان بيحكو عن حوت اسمو حوت العنبر وزنو ميه وسبعين مائة و سبعون طن علق عشط باندونيسيا سنه ألفان و ثمانية عشر ومات
C:\Users\user\Desktop\audio\audio\070_episode-22-plastic-waste\3478567-plastic-waste_chunk0008_000151593-000156126.wav,ولمن شرحو جثتو لقو انو الحوت كان اكل حوالي ست ستة كيلو غرامات من نفايات البلاستيك بتضمن كياس وشحاطات بلاستيك
C:\Users\user\Desktop\audio\audio\070_episode-22-plastic-waste\3478567-plastic-waste_chunk0009_000158440-000177899.wav,بمقال علي موقع مؤسسه الصندوق العالمي للحياه البريه او World Wildlife Fund عن الوقت اللي بتاخدو انواع البلاستيك المختلفه حتي تتحلل بالطبيعه او المي بتتراوح المده بين عشرين عشرون و خمسميه خمسمائة سنه
C:\Users\user\Desktop\audio\audio\070_episode-22-plastic-waste\3478567-plastic-waste_chunk0010_000171415-000198374.wav,قناني المي البلاستيك بياخدو حوالي الاربعميه وخمسين أربعمائة و خمسون سنه حتي يتحللو وفرشايه السنان وكبايه القهوه البلاستيك بياخدو خمسمائة سنه بحسب ارقام قدمتا مبادره الغرين ميد المموله من الاتحاد الاوروبي بمنطقتنا سنه ألفان و ثلاثة عشر مموله يعني بتاخد تمويل او مصاري
C:\Users\user\Desktop\audio\audio\070_episode-22-plastic-waste\3478567-plastic-waste_chunk0011_000199979-000215800.wav,منشوف انو لبنان بينتج منو يعني بيطلع منو حوالي اثنان مليون طن من النفايات الصلبه سنويا حدعش فاصله تلاته بالميه أحد عشر ثلاثة منا هي نفايات بلاستيكيه يعني حوالي مئتان و عشرون الف طن بلاستيك من النفايات
C:\Users\user\Desktop\audio\audio\070_episode-22-plastic-waste\3478567-plastic-waste_chunk0012_000217851-000225179.wav,بتندفن بمطامر عاليابسه يعني بتندفن تحت الارض او بتنكب بالبحر والنهر
C:\Users\user\Desktop\audio\audio\070_episode-22-plastic-waste\3478567-plastic-waste_chunk0013_000227059-000253611.wav,تدوير اعاده تدوير يعني Recycling او اعاده تدويب طيب لحد هلا معلومات وارقام بشعه عن البلاستيك واستخدامو والمصايب اللي عم يخلقا بلبنان وبرا شو عم بصير مبادرات اهليه بلبنان لحل المشكله مبادرات اعاده التدوير او الريسايكلينغ بتعالج جزء من المشكله الموجوده بدون ما تخفف اسبابا
C:\Users\user\Desktop\audio\audio\070_episode-22-plastic-waste\3478567-plastic-waste_chunk0014_000253100-000262506.wav,ولان بلبنان فرز النفايات بالبيت ما في منو نتيجه اذا عم يناخدو بالاخير من قبل عمال النضافه كونو العامل النفايات
C:\Users\user\Desktop\audio\audio\070_episode-22-plastic-waste\3478567-plastic-waste_chunk0015_000264073-000291140.wav,بسياره النقل لان ما في الا طرق معالجه من الدوله او الشركات الخاصه المسؤوله عن معالجه او طمر يعني دفن هيدي النفايات حاليا في اكتر من معمل او مصنع بلبنان بيقدر اي حدا يوصل نفاياتو البلاستيك علين كرمال اعاده التدوير او يطلب منن هني يجو عالبيت يستلموون وبهالحاله في مصانع ما بتجي بتاخد الا وزن كبير من هالنفايات
C:\Users\user\Desktop\audio\audio\070_episode-22-plastic-waste\3478567-plastic-waste_chunk0016_000290399-000314304.wav,خمسمائة كيلو غرام وما فوق وفي مصانع بتطلب عشره دولار عشرة بس تاخدن من عندكن من البيت او ستعشر دولار ستة عشر اذا النفايات من البنايه كلا اما بالنسبه لطبات او غطي القناني البلاستيك المبادره شوي احلي وفيها جانب انساني كتير حلو في جمعيات كتيره من المجتمع الاهلي بلبنان دعت الناس انو يصيرو يجمعو طبات القناني البلاستيك
C:\Users\user\Desktop\audio\audio\070_episode-22-plastic-waste\3478567-plastic-waste_chunk0017_000314940-000343320.wav,ويسلموون للجمعيه اللي بدورا بتبيعن لمصانع اعاده التدوير مقابل ميتين دولار مئتا لكل طن من الطبات المصاري اللي بتجمعا الجمعيه بهالطريقه عم تشتري فين كرسي متحرك للاشخاص اللي ما بيقدرو يمشو او مثلا سماعات للاشخاص اللي عندن ضعف بالسمع وبنفس الوقت بتكون عم تزيد التوعيه المجتمعيه تجاه هالحالات الانسانيه حتي انو بعض هالجمعيات
C:\Users\user\Desktop\audio\audio\070_episode-22-plastic-waste\3478567-plastic-waste_chunk0018_000096032-000097529.wav,بيتفادو
C:\Users\user\Desktop\audio\audio\070_episode-22-plastic-waste\3478567-plastic-waste_chunk0019_000343540-000371600.wav,عن شي بييتفادو يطبعو اعلانات عورق او يوزعو منشورات وبيكتفو بالنشر والاعلان عالفايسبوك حتي ما يكونو عم يساهمو بزياده النفايات باي شكل هلا رح نحكي عن النوع التاني من المبادرات اللي بتشتغل علي معالجه وتحفيف اساس المشكله من فتره قريبه بلشت شويه بلديات لضيع ومدن لبنانيه اتطلع قرارات تمنع فيا استخدام الكياس البلاستيك
C:\Users\user\Desktop\audio\audio\070_episode-22-plastic-waste\3478567-plastic-waste_chunk0020_000370600-000397920.wav,وتطرح بدايل متل كياس الورق او حتي القماش اللي ممكن نستعملا علي مده طويله من هالمدن كانت بيت مري بجبل لبنان والقبيات بعكار مدينه جبيل بشمال لبنان ودير الزهراني بجنوب لبنان هيدي المبادرات اجا من بعدا مؤخرا قرار من قبل وزاره البيئه بلبنان وبالتعاون مع مجموعه من اصحاب المحلات والسوبرماركت
C:\Users\user\Desktop\audio\audio\070_episode-22-plastic-waste\3478567-plastic-waste_chunk0021_000397786-000401286.wav,سعر مائة ليره لبنانيه علي كل
C:\Users\user\Desktop\audio\audio\070_episode-22-plastic-waste\3478567-plastic-waste_chunk0022_000402313-000409600.wav,ليعبو فيه غراضن اللي اشتروا من السوبرماركت وبالمقابل رح ينطرح بدايل صديقه للبيئه اكتر من كياس
C:\Users\user\Desktop\audio\audio\070_episode-22-plastic-waste\3478567-plastic-waste_chunk0023_000412166-000417266.wav,اغلي شوي بين ال خمسمائة والالف ألف ليره حسب حجما ونوعيتا
C:\Users\user\Desktop\audio\audio\070_episode-22-plastic-waste\3478567-plastic-waste_chunk0024_000418600-000433739.wav,في ناس كتيره اعترضت عالمشروع واعتبرت انو هاي وسيله لزياده ربح اصحاب السوبرماركت علي حساب المواطن بقلب الظرف الاقتصادي الصعب للناس بلبنان ولو كانت اهدافو مهمه ومفيده للبيئه كتير من
C:\Users\user\Desktop\audio\audio\070_episode-22-plastic-waste\3478567-plastic-waste_chunk0025_000435839-000448831.wav,طلعت فيا مبادره اهليه بالتزامن مع قرار منع البلاستيك ووزعت علي كل عيله بالضيعه كيس قماش ليستعملو بالتسوق من باب تشجيع الناس عالموضوع بدون كلفه علين بجنوب لبنان
C:\Users\user\Desktop\audio\audio\070_episode-22-plastic-waste\3478567-plastic-waste_chunk0026_000450880-000478828.wav,فبالتعاون مع البلديه اصحاب المحلات طرحو هديه لكل شخص برجع خمسة و عشرون كيس بلاستيك عالمحل بهدف اعاده استعمالو والهديه ممكن تكون كيلو خيار او او ربطه خبز وفق تقرير صادر عن برنامج الامم المتحده للبيئه فرضت اكثر من ميه وعشرين مائة و عشرون دوله بالعالم مع بدايه سنه الفين وتستعش ألفان و تسعة عشر اطار تنظيمي للحد من انتاج الكياس البلاستيك
C:\Users\user\Desktop\audio\audio\070_episode-22-plastic-waste\3478567-plastic-waste_chunk0027_000175246-000176797.wav,واستهلاكا مش
C:\Users\user\Desktop\audio\audio\070_episode-22-plastic-waste\3478567-plastic-waste_chunk0028_000482619-000490606.wav,بس بريطانيا كانت من ضمن الدول اللي نجحت فيا وخلال سنه واحده من تطبيق الضريب المفروضه علي
C:\Users\user\Desktop\audio\audio\070_episode-22-plastic-waste\3478567-plastic-waste_chunk0029_000493669-000502420.wav,انخفض معدل استخدام الكياس بنسبه خمسه وتمانين بالميه خمسة و ثمانون ووفق احصاءات رسميه صدرت سنه ألفان و تسعة عشر انو البلاستيك
C:\Users\user\Desktop\audio\audio\070_episode-22-plastic-waste\3478567-plastic-waste_chunk0030_000504579-000531536.wav,باكبر سبعه سبعة سوبرماركات عندن انخفض من سبعة مليارات ل خمسمائة مليون كيس بلاستيك خلال من تاريخ فرض الضريبه الاحلي من هول كلن هي المبادرات الفرديه اللي صح بتكون علي نطاق اصغر بكتير بس بتنبع من اشخاص مقتنعين بخطوره الموضوع عالبيئه ومستقبل ولادن والاجيال اللي جايه فعم يحاولو يشتغلو عاد امكاناتن وقدرتن بالحي
C:\Users\user\Desktop\audio\audio\070_episode-22-plastic-waste\3478567-plastic-waste_chunk0031_000020346-000021673.wav,اللي
C:\Users\user\Desktop\audio\audio\070_episode-22-plastic-waste\3478567-plastic-waste_chunk0032_000123986-000125593.wav,مثلا
C:\Users\user\Desktop\audio\audio\070_episode-22-plastic-waste\3478567-plastic-waste_chunk0033_000534700-000543512.wav,بعرف صبيه ببيروت بتشتغل بالسوشال ميديا ولانا مامنه باهميه تقليل نفايات البلاستيك عرضت علي الخضرجي بالحي عندا علي
C:\Users\user\Desktop\audio\audio\070_episode-22-plastic-waste\3478567-plastic-waste_chunk0034_000547480-000574013.wav,ببلاش اذا بيقبل يبدل كياس البلاستيك عندو بالمحل بكياس ورق او قماش قبل ما اختم بدي خبركن عن مفهوم عالمي اسمو ال ثلاثةRs واللي هني Reduce Reuse Recycle Reduce بتعني قللو قللو استخدامكن للبلاستيك خاصه اللي بيستعمل مره وحده بكل محل ما بتكونو مضطرين الو وقادرين تستغنو عنو
C:\Users\user\Desktop\audio\audio\070_episode-22-plastic-waste\3478567-plastic-waste_chunk0035_000574719-000577115.wav,Reuse يعني رجعو استعملو البلاستيك ما في
C:\Users\user\Desktop\audio\audio\070_episode-22-plastic-waste\3478567-plastic-waste_chunk0036_000579099-000586239.wav,باعاده استخدامو وRecycle واللي هي اعاده الانتاج اللي حكينا عنا قبل شوي البلاستيك اللي
C:\Users\user\Desktop\audio\audio\070_episode-22-plastic-waste\3478567-plastic-waste_chunk0037_000592419-000615279.wav,الخلاصه استخدامنا للبلاستيك ارقامو بتخوف اد ما ضخمه وتاثيرو عالبيئه صار معروف كتير اديش خطير وبلبنان عنا اصلا ازمه بموضوع معالجه كل انواع النفايات لهيك نحنا بلبنان بحاجه كتير لمبادرات ابعد حتي من اعاده التدوير مبادرات بتعالج اصل المشكله وبتطرح بدايل منطقيه وسهله عالناس تطبقا
C:\Users\user\Desktop\audio\audio\070_episode-22-plastic-waste\3478567-plastic-waste_chunk0038_000618039-000622219.wav,وانتو مستعميننا عاللانغويج وايف ممكن يطلع معكن افكار تانيه بهالموضوع
C:\Users\user\Desktop\audio\audio\071_episode-21-arabized-french-words\3359497-arabized-french-words-in-lebanese-arabic_chunk0000_000000000-000002273.wav,اهلا وسهلا فيكن اصدقائي عاللانغويج وايف
C:\Users\user\Desktop\audio\audio\071_episode-21-arabized-french-words\3359497-arabized-french-words-in-lebanese-arabic_chunk0001_000398559-000400440.wav,من جديد واليوم رح نحكي عن وحده من اكتر اللغات اللي اثرت بلهجتنا العاميه وزادت عليا كتير مفردات بعدنا منستعملن لحد اليوم وحده من العبارات اللي بتخطر علي بال اغلب الناس بس بدن يحكو او يمزحو بشي عن اللهجه اللبنانيه هي جمله بتنقال اول ما شخصين بيعرفو بعض يلتقو فبقول الاول للتاني هاي كيفك سا فا بقولو انو هالجمله انشهرت عن اللهجه اللبنانيه لانو فيا تلات لغات هاي اللي هي انكليزيه و كيفك اللي هي عربيه وبالاخير سا فا اللي هي فرنسيه وبتعني منيح او بخير اما المفردات اللي رح نحكي عنن اليوم فهني اللي فاتو علهجتنا من اللغه الفرنسيه ليش وكيف فاتو علهجتنا فهو شي بيرجع تاريخيا لايام الانتداب الفرنسي علبنان وفي ناس بتفضل تسميه احتلال او استعمار هالحدث التاريخي صار سنه الالف وتسعميه وعشرين ألف و تسعمائة و عشرون يعني بعد كم سنه من توقيع اتفاقيه سايكس بيكو بين فرنسا وبريطانيا لتقسيم الدول العربيه بيناتن بمنطقه بلاد الشام بعد سقوط الدوله او السلطنه العثمانيه وبلاد الشام هني لبنان وسوريا وفلسطين والاردن قديما استمر او ضل الانتداب الفرنسي علبنان تلاته وعشرين سنه ثلاثة و عشرون وبفترتا تم تسميه لبنان باسم لبنان الكبير وضل هيك اسمو لحد ما نلنا او اخدنا الاستقلال سنه ألف و تسعمائة و ثلاثة و أربعون هالانتداب او الاحتلال او الاستعمار بعدا لليوم اثارو موجوده وواضحه بكتير اشيا بلبنان ومن ضمن هالاشيا هي لهجتنا المحكيه واللي تاثرت بشكل كبير باللغه الفرنسيه خلوني كمان قبل ما نبلش وضحلكن انو لفظنا لهالكلمات بلهجتنا مش دايما نفس اللفظ الفرنسي يعني ما منقولن بنفس الطريقه الفرنسيه نحنا اخدنا الكلمه ومعناتا ومنقولا بطريقه مختلفه عن اللفظ الفرنسي مثلا كلمه كرواسون ومحشي شوكولاه او جبنه وغيرها ونحنا بالاصل اخدناه من الفرنسيين كرواسون بس رح نبلش هلا بالاسهل اذا كنتو شي يوم عم تشترو تياب من محل ببيروت وطلبتو من الموظف بالمحل يساعدكن ويجبكلن قياسكن من قطعه معينه اذا انت شاب الموظف مسيو هي كلمه فرنسيه منستخدما لنخاطب المذكر من باب الاحترام ممكن كمان يقلك هي بالعربي تفضل استاذ واستاذ هون مش يعني انو انت بتدرس بجامعه او مدرسه بس هي بتنقال بالعربي للشاب او الرجال كصيغه احترام اذا انت بنت فالموظف رح يقلك تفضلي مدام او تفضلي دوموازيل مدام ودوموازيل كلمتين من اللغه الفرنسيه وبنفس معني مسيو بس للبنت او الانثي يعني الفرق بيناتن مدام او الانثي الاكبر بالعمر ودوموازيل بيستعملوا للبنت العزبا يعني اللي مش متزوجه او للبنات اللي بعمر الشباب بشكل عام وممكن كمان يسالك بعد ما تقيس قطعه التياب اذا عجبك الموديل
C:\Users\user\Desktop\audio\audio\071_episode-21-arabized-french-words\3359497-arabized-french-words-in-lebanese-arabic_chunk0002_000487459-000489042.wav,موديل كمان كلمه فرنسيه وبتعني قصه او تصميم قطعه التياب بهالحاله او اي غرض بحالات تانيه ممكن يكون او بردايه او قصه شعر مثلا هلا بلبنان اذا سمعت حدا عم يسال شو يسال عن او تصميما حرفيا بس عاده بلبنان بتنسال بمعني هالسياره تصميم او صناعه اي سنه فالجواب بكون موديل ال ألفان و ثمانية الفين وتمانه مثلا لمن نوصل عالبنايه اللي منسكن فيا بعد اي مشوار وخاصه اذا حاملين غراض كتير منطلع ب الاصانصير
C:\Users\user\Desktop\audio\audio\071_episode-21-arabized-french-words\3359497-arabized-french-words-in-lebanese-arabic_chunk0003_000497173-000498866.wav,او المصعد عالطابق اللي فيه شقتنا بدل ما نطلع مشي عالدرج كلمه هو الelevator بالانكليزي او جزء من بيوتنا بلبنان اللي هو مدخل البيت او وبالاونتريه كتير بيوت اللي هو متل طاوله عاليه شوي فيا عدد من الجوارير ومنستفيد من سطحا لنحط عليه غراض او مزهريه او اشيا للزينه مثلا الاونتريه والكونسول تنيناتن كلمات اخدناهن من اللغه الفرنسيه والكونسول ببيوتنا هو غالبا اكتر مكان مش منظم منحط عليه او بقلبو كتير من الغراض اللي جبناها معنا من برا البيت متل فواتير مفاتيح البيت والسياره مصاري فراطه يعني الالف واحد صفر والخمسميه خمسمائة والميتين وخمسين مئتان و خمسون ليره لبنانيه بالتالي هو واحد من اكتر الاماكن اللي لازم نرتبا دايما او نعزلا بالبيت بتقسيم بيوتنا غالبا بيجي موقع الصالون دغري حد الاونتريه
C:\Users\user\Desktop\audio\audio\071_episode-21-arabized-french-words\3359497-arabized-french-words-in-lebanese-arabic_chunk0004_000513175-000515367.wav,الغرفه اللي منستقبل وبالصالون عنا نوع من الكراسي او الكنبايات اللي بيجي قعده مصممه لشخص واحد بس هيدا الكرسي منقلو بيرجير وبيرجير كمان كلمه فرنسيه باغلب البيوت الصالون بودي او بوصل ع برنده او بلكون واللي هي منفس لالنا من تسكيره البيت منطل عالشارع ومنشوف السما والشمس برنده وبلكون كلمتين فرنسيات وبالعربي بيعنو الشرفه بغرفه النوم حد التخت عنا شي منقلو بلبنان كومود واللي هي متل الكونسول مثلا بس بتجي اصغر واوطي بكتير بتتكون من جارور او ومنستعملا لنحط عليا او غراض منعوزن يعني منحتاجن قبل النوم كبايه مي حتي اذا فقنا عطشانين بالليل ولامبادير الضو كومود كلمه من اللغه الفرنسيه وكومود كمان منقولا عن خزانه زغيره او متوسطه مالفه من عده جوارير بغرفه النوم كمان حديثا او من جديد صارو كتير ناس يحطو تلفزيون باوضه النوم شي اخر ووقت ينعسو يكونو جاهزين فورا للنوم كلمه تلفزيون اخدناها من اللغه الفرنسيه عاده اذا حدا اخد دوش قبل ما ينام او يضهر ضروري ينشف شعرو بالسشوار سشوار كلمه فرنسيه وهو الجهاز اللي مننشف فيه الشعر وبيستعملوه بصالونات الحلاقه والتجميل لتمليس الشعر وتزيينو انو كمان رح تسمعوا كلمه صالون من البنات والشباب بمعني غير غرفه حدا عم صالون هون معناتا مكان لتجميل وتزيين الوج والشعر او مثلا اذا حدا خبركن فتح صالون فهيدا الصالون هو المكان اللي بقصو او بيحلقو فيه الشباب شعرن بعتقد ستعشر ستة عشر كلمه بهالحلقه كافيين شو رايكن اذا خلينا نرجع نعدد هالكلمات مع معناهين حتي نثبتن بالذاكره سا فا يعني منيح نوع من مسيو لقب احترام للرجل مدام لقب احترام للمراه المتزوجه او الكبيره بالعمر دوموازيل لقب احترام للبنت العزبا او الصغيره بالعمر موديل هو التصميم او الشكل الخارجي لغرض الاصانصير هو الجهاز اللي منطلع فيه عطابق بيتنا ببنايه يعني المصعد بالعربي وبالانكليزي يعني elevator الاونتريه هو صاله الاستقبال او مدخل البيت هو مثل طاوله الصالون هو الغرفه اللي منستقبل
C:\Users\user\Desktop\audio\audio\071_episode-21-arabized-french-words\3359497-arabized-french-words-in-lebanese-arabic_chunk0005_000519602-000539159.wav,بيرجير هي نوع كنبايه مخصصه لشخص واحد برنده او بلكون هي مساحه خارجيه ومفتوحه باي بيت غالبا بطابق مش ارضي بالانكليزي هي ال balcony كومود تستعمل للدلاله علي طاوله زغيره بتنحط حد التخت بغرفه النوم يعني او خزانه زغيره مالفه من عده جوارير يعني
C:\Users\user\Desktop\audio\audio\071_episode-21-arabized-french-words\3359497-arabized-french-words-in-lebanese-arabic_chunk0006_000554694-000580951.wav,dresser تلفزيون اللي هو ال Television او الTV بالانكليزي السشوار هو جهاز تنشيف الشعر او بالانكليزي Hair dryer عبر التاريخ كلو تاثرت كتير حضارات ولغات ببعضا واخدت كتير من بعضا وسواء كانت هالكلمات عم تفوت علغه بلد وشعب بسبب حجم التجاره مع بلد تاني او بسبب احتلال وحروب عم تضل هيدي الكلمات اللي بتنتقل بين اللغات شاهد وتذكير بهالحدث التاريخي شو ما كان نوعو انا مريم
C:\Users\user\Desktop\audio\audio\071_episode-21-arabized-french-words\3359497-arabized-french-words-in-lebanese-arabic_chunk0007_000580577-000584080.wav,انطروني بحلقات ومواضيع جديده دايما
C:\Users\user\Desktop\audio\audio\072_episode-20-olive-picking\3292816-olive-picking_chunk0000_000000000-000016639.wav,مرحبا واهلا وسهلا فيكن بحلقه جديده من لانغويج وايف انا لين و اليوم رح احكيلكن عن شجره مباركه بكل الديانات السماويه وهي شجره الزيتون
C:\Users\user\Desktop\audio\audio\072_episode-20-olive-picking\3292816-olive-picking_chunk0001_000007527-000035880.wav,اول شي رح احكي عنا مع بعض التفاصيل ليش منزرعا بلبنان فوايد زيت الزيتون واهميتو علي السفره اللبنانيه وبالاخير رح احكيلكن عن تجربتي مع قطف الزيتون
C:\Users\user\Desktop\audio\audio\072_episode-20-olive-picking\3292816-olive-picking_chunk0002_000034900-000063619.wav,شجره الزيتون هي شجره منتشره بكتره علي حوض البحر الابيض المتوسط مثل اسبانيا ايطاليا اليونان تركيا وغيرن من بلدان وبما انو لبنان بطل عالبحر الابيض المتوسط فشجره الزيتون موجوده بكتره بشمال وجنوب لبنان
C:\Users\user\Desktop\audio\audio\072_episode-20-olive-picking\3292816-olive-picking_chunk0003_000034900-000055520.wav,شجره الزيتون هي شجره معمره يعني بتعيش ميات
C:\Users\user\Desktop\audio\audio\072_episode-20-olive-picking\3292816-olive-picking_chunk0004_000054520-000075139.wav,والاف السنين لانو جذورا قويه وثابته بالارض
C:\Users\user\Desktop\audio\audio\072_episode-20-olive-picking\3292816-olive-picking_chunk0005_000076259-000100879.wav,ووراقا خضرا طول السنه وهي شجره بعليه شو يعني بعليه يعني بتشرب من ميه الشتي وما بحاجه لنسقيا بفصل الصيف وما مننسي رمز السلام بالعالم يلي هوي عباره عن صوره لحمامه بيضا حامله بمنقارا غصن زيتون
C:\Users\user\Desktop\audio\audio\072_episode-20-olive-picking\3292816-olive-picking_chunk0006_000099879-000119400.wav,تعتبر شجره الزيتون شجره اقتصاديه وبيئيه فهي اقتصاديه بمعني انو لبنان بصدر الزيت والزيتون لبرا وهالشي بساعد علي انعاش الاقتصاد اللبناني
C:\Users\user\Desktop\audio\audio\072_episode-20-olive-picking\3292816-olive-picking_chunk0007_000118980-000144820.wav,وهي كمان شجره بيئيه فزراعه شجره الزيتون بتنقي الطبيعه من التلوث الموجود بالهوا وبتثبت التربه وبتمنعا من الانجراف ومن العادات اللبنانيه انو بمعظم البيوت الجبليه بيزرع صاحب البيت بجنينتو شجره زيتون فهو بيعتبرا شجره خير و بركه وكمان بطلع منا مونتو من الزيت والزيتون
C:\Users\user\Desktop\audio\audio\072_episode-20-olive-picking\3292816-olive-picking_chunk0008_000154880-000173291.wav,وفي عنا نوعين من الزيتون الزيتون الاخضر والزيتون الاسود ومنستخرج الزيت من الزيتون من خلال عصرو بالمعصره من فوائد زيت الزيتون
C:\Users\user\Desktop\audio\audio\072_episode-20-olive-picking\3292816-olive-picking_chunk0009_000177819-000201693.wav,وغني بالدهون المفيده والفيتامينات وبتعتبر خمسة و ثمانون من الدهون الموجوده فيه هي منيحه للقلب وبتساعد علي تقليل نسبه الكوليستيرول بالدم والترويقه بتكون ناقصه اذا مش موجود عليا شيخ السفره واللي هو الزيتون
C:\Users\user\Desktop\audio\audio\072_episode-20-olive-picking\3292816-olive-picking_chunk0010_000201539-000224520.wav,وما بتفتح نفسك عالاكل الا اذا كان الزيت غامر صحن اللبنه والفول وصحن التبوله المشهور بلبنان من مكوناتو الاساسيه زيت الزيتون اجا فصل الخريف وبلشت الناس تجهز حالا لهالموسم قطف الزيتون
C:\Users\user\Desktop\audio\audio\072_episode-20-olive-picking\3292816-olive-picking_chunk0011_000227697-000256339.wav,واد ما سمعت قدي الناس بتستمتع بهالموسم قررت انو عيش التجربه وروح مع امي وبيي عالحقل تنقطف زيتون نمت بكير لانو لازم فيق بكير وجهز حالي وفعلا فقت مع شروق الشمس علي صوت امي عم تقلي يلا يا امي قومي ساعديني بالزواده
C:\Users\user\Desktop\audio\audio\072_episode-20-olive-picking\3292816-olive-picking_chunk0012_000255339-000275339.wav,والزواده هي عباره عن الاكل يلي رح ناكلو بالحقل خلال النهار بعد ما خلصنا تحضير الزواده لبست تياب مريحه وانطلقنا مشي عالحقل لانو ما كان كتير بعيد عن البيت
C:\Users\user\Desktop\audio\audio\072_episode-20-olive-picking\3292816-olive-picking_chunk0013_000275100-000298519.wav,اول ما وصلنا صرت اتطلع علي جمال الطبيعه وكيف خيوط الشمس عم تتسلل عضيعتنا وصوت العصافير بريح النفسيه كانو عم بسمع معزوفه موسيقيه والهوا المنعش عم بدغدغ خدودي وبنشط البدن
C:\Users\user\Desktop\audio\audio\072_episode-20-olive-picking\3292816-olive-picking_chunk0014_000297519-000325922.wav,وانا وعم باخد نفس عميق تاتنشق الهوا المنعش بشوف بيي وامي عم بمدو شرشف نايلون كبير حوالين الشجره هالشرشف معروف اسمو بالفجه بس تتمشط الشجره بالمشط البلاستيك بتوقع حبات الزيتون عالفجه وبيصير سهل علينا انو نلما ونحطا بكياس
C:\Users\user\Desktop\audio\audio\072_episode-20-olive-picking\3292816-olive-picking_chunk0015_000327260-000337760.wav,وهيك كل واحد منا اخد مشط بلاستيك وصرنا ننزل حبات الزيتون وتوقع عالفجه
C:\Users\user\Desktop\audio\audio\072_episode-20-olive-picking\3292816-olive-picking_chunk0016_000339050-000345214.wav,طلبت مني امي انو نقي الحبه الكبيره لمونه
C:\Users\user\Desktop\audio\audio\072_episode-20-olive-picking\3292816-olive-picking_chunk0017_000347200-000356239.wav,وصرنا نشتغل هيك وننتقل من شجره لشجره لحتي تعبنا وجعنا
C:\Users\user\Desktop\audio\audio\072_episode-20-olive-picking\3292816-olive-picking_chunk0018_000358980-000381899.wav,وما اطيب الاكل وبعد ما خلصنا ضبينا الزواده ورجعنا لنكمل قطف الزيتون وحتي ما نزهق من الشغل صرنا نغني ونحكي لبعض قصص وخبريات شي جديد وشي قديم
C:\Users\user\Desktop\audio\audio\072_episode-20-olive-picking\3292816-olive-picking_chunk0019_000380899-000398579.wav,قبل ما تغيب الشمس اخد بيي الكياس اللي عبيناهن زيتون للعصر و اخدن عالمعصره وبالمعصره بيمرق الزيتون بعده مراحل لحتي يصير زيت
C:\Users\user\Desktop\audio\audio\072_episode-20-olive-picking\3292816-olive-picking_chunk0020_000400285-000403035.wav,الزيتون عن
C:\Users\user\Desktop\audio\audio\072_episode-20-olive-picking\3292816-olive-picking_chunk0021_000406364-000415579.wav,و بعدين بينتقل الزيتون للمرحله التانيه يلي بتم فيا عمليه غسل الزيتون
C:\Users\user\Desktop\audio\audio\072_episode-20-olive-picking\3292816-olive-picking_chunk0022_000421339-000438378.wav,بمكبس الحجار وبينحط علي القفاف عبر المكانه والاشخاص والافف واللي هي جمع افه هي عباره عن مصفايه من خيطان كتان علي شكل دوائر
C:\Users\user\Desktop\audio\audio\072_episode-20-olive-picking\3292816-olive-picking_chunk0023_000438260-000463200.wav,وبالمرحله الرابعه برصو الافف فوق بعض وبحطوون تحت المكبس وبينزل منن الزيت مع العكر علي خزان تحت المكبس وبعدين بينسحب علي فرازه الزيت يلي بتفصل الزيت عن العكر
C:\Users\user\Desktop\audio\audio\072_episode-20-olive-picking\3292816-olive-picking_chunk0024_000462200-000471839.wav,ويلي ما بيعرف شو هو العكر العكر هو عباره عن زيت مخلوط برواسب الزيتون
C:\Users\user\Desktop\audio\audio\072_episode-20-olive-picking\3292816-olive-picking_chunk0025_000473491-000476142.wav,بيحطو الزيت
C:\Users\user\Desktop\audio\audio\072_episode-20-olive-picking\3292816-olive-picking_chunk0026_000477619-000492919.wav,وحتي بزر الزيتون بيستعملو ليعملو منو حطب الجفت ليتدفو فيه بالشتويه ومن العادات اللبنانيه المعروفه انه بعد
C:\Users\user\Desktop\audio\audio\072_episode-20-olive-picking\3292816-olive-picking_chunk0027_000496579-000511700.wav,شو هو المطفح المطفح هو عباره عن رغيف مرقوق طازه بيغطسوه بزيت الزيتون الغميق طالع من
C:\Users\user\Desktop\audio\audio\072_episode-20-olive-picking\3292816-olive-picking_chunk0028_000515226-000541840.wav,وبياكلو منو وبيوزعو منو خير السنه وبس بلشنا نرص حبات الزيتون بمطرقه صغيره لتفتح حتي يروح منا طعم المرار وحطيناهن بالمي والملح بعد ما غسلناهن وحطيناهن بمراطبين قزاز وبعدين حطيناهن عرفوف المونه لناكل منن كل السنه
C:\Users\user\Desktop\audio\audio\072_episode-20-olive-picking\3292816-olive-picking_chunk0029_000541640-000567739.wav,هالتجربه كانت متعبه بالنسبه لالي بس كانت كتير حلوه وقضيت فيا وقت كتير حلو مع اهلي ويلي بيقدر يعيش هيك تجربه عنجد ما يقصر وهيك بتكون خلصت حلقتنا لليوم وبكون حكيتلكن عن شجره الزيتون وين موجوده وليش منزرعا بلبنان
C:\Users\user\Desktop\audio\audio\072_episode-20-olive-picking\3292816-olive-picking_chunk0030_000566739-000576479.wav,ورجعت حكيتلكن عن فوايد زيت الزيتون واهميه وجودوعلي السفره اللبنانيه وبالاخير حكيتلكن عن تجربتي مع قطف الزيتون بتمني تكونو حبيتو حلقتنا لليوم
C:\Users\user\Desktop\audio\audio\072_episode-20-olive-picking\3292816-olive-picking_chunk0031_000584599-000598000.wav,ونحنا كالعاده منحب نسمع اقتراحاتكن وتعليقاتكن علي حلقاتنا وانا بشوفكن بحلقه جديده من لانغويج وايف مع السلامه
C:\Users\user\Desktop\audio\audio\073_episode-19-beiruts-qabadayat\3185656-kabadayat-beirut_chunk0000_000019340-000045329.wav,الله
C:\Users\user\Desktop\audio\audio\073_episode-19-beiruts-qabadayat\3185656-kabadayat-beirut_chunk0001_000044329-000070319.wav,محيي
C:\Users\user\Desktop\audio\audio\073_episode-19-beiruts-qabadayat\3185656-kabadayat-beirut_chunk0002_000069319-000095309.wav,القباضيات
C:\Users\user\Desktop\audio\audio\073_episode-19-beiruts-qabadayat\3185656-kabadayat-beirut_chunk0003_000094309-000120299.wav,
C:\Users\user\Desktop\audio\audio\073_episode-19-beiruts-qabadayat\3185656-kabadayat-beirut_chunk0004_000119299-000145289.wav,
C:\Users\user\Desktop\audio\audio\073_episode-19-beiruts-qabadayat\3185656-kabadayat-beirut_chunk0005_000144289-000170279.wav,انا دارين كل بلد عندو قصص وحكايا كتيره كل مدينه عندا ذاكره شعبيه مليانه روايات وذكريات عن زمن كانت الحياه فيه مليانه خير وكانت الناس كلا غير وبيروت وحده من هالمدن اللي عاشت محطات تاريخيه كانو ابطالا رجال منسمين قبضايات بيروت وكلمه قبضايات جايي من قبضاي وهوي تعبير بيستخدمو كتير من الشعوب العربيه ومعناتا الرجل الشجاع والقوي والقبضايات هوي جمع لكلمه قبضاي ومعناتا مجموعه من الرجال اللي عندهن قوه وسلطه علي مجتمعن وفيكن تسمون زعما الاحياء البيروتيه وكلمه زعما جايي من زعيم يعني شخص عندو سلطه ومصاري وعندو ناس بتتبعو وبتهتف باسمو والقبضايات كانوا منتشرين باحياء العاصمه اللبنانيه بيروت قبل الحرب اللبنانيه سنه الالف وتسعميه وخمس وسبعين ألف و تسعمائة و خمسة و سبعون يعني بعز ازدهار لبنان كل حي وشارع مسؤول عنه واحد من القبضايات اللي بيحكي باسم الناس وبيدافع عن مصالح سكانو وبيسعي لتنفيذ مطالبن وكانو القبضايات متفقين علي اصول التعامل مع الناس وبين بعض وبيحافظو عالتقاليد والعادات الاجتماعيه اللي كانت بتتشابه تقريبا بكل المناطق وبين كل الاديان وليكون الشخص قبضاي ومحط ثقه الناس لازم يكون عنده صفات اساسيه ومباديء حقيقيه قليل لتجتمع بنفس الانسان فلازم يكون شهم يعني شجاع وبيدافع عن الشرف وبيتعامل مع الناس بالعدل وما بيفرق بين غني وفقير وما بيقبل حدا يعتدي علي حدا وضروري يكون عندو نخوه وهالكلمه كتير الا معاني حلوه وبتعكس مجتمعاتنا العربيه النخوه يعني المبادره للخدمه والمساعده بدون ما حدا يطلبا فمثلا اذا صار حريقه اصحاب النخوه دغري بيركضو يساعدو ويطفو النار او مثلا اذا في عرس اصحاب النخوه بيساعدو بالتحضير للعزيمه وبالوقوف الي جانب الناس بالافراح والاحزان باختصار النخوه العربيه يعني المبادره للمساعده بدون وقبل ما حدا يطلبا وهيدي من اهم صفات القبضاي وهون كمان ضروري احكي عن كلمه تانيه وهيي الصلحه
C:\Users\user\Desktop\audio\audio\073_episode-19-beiruts-qabadayat\3185656-kabadayat-beirut_chunk0006_000168319-000177539.wav,الصلحه هي القدره علي حل المشاكل بين الناس وتقريب وجهات النظر بين الافراد اللي متزاعلين لحتي تبالاخر يتصالحو
C:\Users\user\Desktop\audio\audio\073_episode-19-beiruts-qabadayat\3185656-kabadayat-beirut_chunk0007_000178759-000189560.wav,والصلحه بتاخد وقت لان القبضايات لازم يزورو الجهتين المتخانقين كذا مره لحتي يسمعو وجهات النظر وبعدين يساهمو بحلا
C:\Users\user\Desktop\audio\audio\073_episode-19-beiruts-qabadayat\3185656-kabadayat-beirut_chunk0008_000193188-000195822.wav,وهيدا الشي اضافي بيكسبن ثقه واحترام بمجتمعن
C:\Users\user\Desktop\audio\audio\073_episode-19-beiruts-qabadayat\3185656-kabadayat-beirut_chunk0009_000196839-000221189.wav,والقبضايات مش بس عندن صفات شخصيه مميزه كمان لازم يكون عندن شكل ومظهر ملفت فكانو يهتمو بلبسن اللي لازم يكون من افضل انواع الحرير والمخمل والجوخ وهودي كلن انواع مختلفه من الاقمشه الغاليه وكانوا بعض الاباديات يحملوا عصايه او خنجر اللي هو سكين
C:\Users\user\Desktop\audio\audio\073_episode-19-beiruts-qabadayat\3185656-kabadayat-beirut_chunk0010_000229639-000254360.wav,مش بهدف القتل او المشاكل بس بهدف الزينه وليكمل المنظر الخارجي اللي بيوحي ولازم يكونو اصحاب كرامه وهيبه كيف ما تحركو يعني اذا مشو بيمشو راسن مرفوع وضهرن جالس واذا حكو بيفخمو الكلمات وما بيحكو الا الضروري والصحيح
C:\Users\user\Desktop\audio\audio\073_episode-19-beiruts-qabadayat\3185656-kabadayat-beirut_chunk0011_000253779-000259948.wav,وبالرغم من شجاعه القبضايات وقوتن الا انن اشخاص بيحرصو علي التقاليد والحرمات
C:\Users\user\Desktop\audio\audio\073_episode-19-beiruts-qabadayat\3185656-kabadayat-beirut_chunk0012_000261779-000269802.wav,وكلمه حرومات يعني التقاليد الخاصه جدا بالمجتمع واللي محرم يعني
C:\Users\user\Desktop\audio\audio\073_episode-19-beiruts-qabadayat\3185656-kabadayat-beirut_chunk0013_000278820-000297779.wav,الباب وبيبعد عنه وبيبرم ظهره كرمال ما يحرج اصحاب البيت وما بيتطلع او مثلا اذا اجت لعندو سيده عندا طلب بيحكي معا بدون ما يتطلع فيا مباشره كدليل احترام للسيده
C:\Users\user\Desktop\audio\audio\073_episode-19-beiruts-qabadayat\3185656-kabadayat-beirut_chunk0014_000300679-000305599.wav,بيقولوا كلمه وبيكرروها علي صوت عالي وهي
C:\Users\user\Desktop\audio\audio\073_episode-19-beiruts-qabadayat\3185656-kabadayat-beirut_chunk0015_000336233-000340040.wav,يا الله يا الله وهيدي ليعرفو سكان البيت انو يفوتو علي غرفن ويتركو صالون البيت للضيف كل شارع من شوارع بيروت عندو قصه بطوليه مع حكايا القبضايات وكانو يجتمعو بالقهاوي ويحكو بامورن ويتشاورو ويلعبو طاوله وكانت قهوه القزاز ببيروت وحده من اللي كانوا ناره يا ولد للصبي اللي بيشتغل بالقهوه صار
C:\Users\user\Desktop\audio\audio\073_episode-19-beiruts-qabadayat\3185656-kabadayat-beirut_chunk0016_000347071-000367871.wav,بكتير مناطق ومن اشهر المناطق البسطه وراس النبع وعين المريسه والاشرفيه وطريق الجديده والمزرعه وبالمزرعه بعد في قهوه زغيره علي مدخل منطقه مار الياس محافظه علي
C:\Users\user\Desktop\audio\audio\073_episode-19-beiruts-qabadayat\3185656-kabadayat-beirut_chunk0017_000369040-000373175.wav,وصور القبضايات معلقه علي حيطانا
C:\Users\user\Desktop\audio\audio\073_episode-19-beiruts-qabadayat\3185656-kabadayat-beirut_chunk0018_000379111-000404659.wav,وبعدهن ولاد القباضيات واحفادن بيجو عليا ياركلو ويتذكرو البطولات القديمه كل مره بقول لازم فوت اقعد واتعرف علين واحكي معن بس برجع بستحي وبمشي لانو هالقهوه ما بيفوت عليا لا بنات ولا ستات وكل قصه العبره يعني درس منتعلم منو
C:\Users\user\Desktop\audio\audio\073_episode-19-beiruts-qabadayat\3185656-kabadayat-beirut_chunk0019_000402059-000429096.wav,ووحده من هالقصص صارت مع شخص بمنطقه البسطه الفوقا وكان اسمو اسطه باولي من اصل يوناني وكان دايما يتحركش بقبضايات البسطه ويزعجن وصار يعمل مشاكل مع الناس ويسرقن وامو تنبهو وتقللو انتبه اذا بقيت تئذي الناس القبضايات راح يقتلوك وفعلا هيك صار
C:\Users\user\Desktop\audio\audio\073_episode-19-beiruts-qabadayat\3185656-kabadayat-beirut_chunk0020_000073088-000075004.wav,اسطه باولي قتلو واحد من قبضايات البسطه
C:\Users\user\Desktop\audio\audio\073_episode-19-beiruts-qabadayat\3185656-kabadayat-beirut_chunk0021_000432160-000458199.wav,فقامت امو قالت عباره صارت مشهوره بين اهالي بيروت عموما وبين اهالي البسطه خصوصا وعم توجه الحكي لابنا اللي مات بتقللو شو بدك بولاد البسطه ما قلتلك يا اسطه اللي ما بيقتلك بالسكين بدو يقتلك بالبلطه وكلمه بلطه هي واحده من الادوات اللي
C:\Users\user\Desktop\audio\audio\073_episode-19-beiruts-qabadayat\3185656-kabadayat-beirut_chunk0022_000462059-000489119.wav,وهون الام عم تخبر ابنا اللي مات انو انت كان لازم تنتبه اكتر وتحذر القبضايات اللي هدفهن الاول والاخير يحامو عن الناس وشخص اخر من قبضايات بيروت كان لقبو دعيس الليل دعيس الليل يعني كانت تنسمع صوت دعساتو بالليل وكان يطلع مع سيفو وياخد من الغني لحتي يعطي الفقير
C:\Users\user\Desktop\audio\audio\073_episode-19-beiruts-qabadayat\3185656-kabadayat-beirut_chunk0023_000488700-000516900.wav,وما فينا نذكر القبضايات بلا ما نذكر شخص اسمو الياس الحلبي وهوي قبضاي كان يوقف بوجه المجرمين والحراميه اللي عم تاذي اهلو وناسو وقدر انو يوقفن عند حدن حماهن وحمي ولادن وخلصن من اكتر من اربعين مجرم وكان الياس الحلبي شهم وكريم وشكلو كتير حلو
C:\Users\user\Desktop\audio\audio\073_episode-19-beiruts-qabadayat\3185656-kabadayat-beirut_chunk0024_000516059-000520749.wav,طويل واسمر وعندو شوارب طوال بيوقف علين النسر
C:\Users\user\Desktop\audio\audio\073_episode-19-beiruts-qabadayat\3185656-kabadayat-beirut_chunk0025_000523374-000542130.wav,علي قوه الشارب اللي فيه يوقف نصر عليه وقد ما كان الياس الحلبي عنده مواقف شهمه حبو الناس وصار بطل ويوم اللي مات مشيت جنازتو بالجميزه الناس اللي
C:\Users\user\Desktop\audio\audio\073_episode-19-beiruts-qabadayat\3185656-kabadayat-beirut_chunk0026_000544732-000553630.wav,وقررو يمرقو قدام قهوه الجميزه اللي قضي فيها الياس كتير من ايام حياتو فخرجو الرجال اصدقاؤو ليودعو
C:\Users\user\Desktop\audio\audio\073_episode-19-beiruts-qabadayat\3185656-kabadayat-beirut_chunk0027_000555316-000571059.wav,وفجاه هني وبره بينهار سقف القهوه وبيوقع علي الطاولات والكراسي الفاضيه مرور هالجنازه انقذ اكتر من خمسين خمسون رجال من الموت وصارت الناس تهتف باسم الياس الحلبي اكتر وصارو يترحمو عليه ويقولو
C:\Users\user\Desktop\audio\audio\073_episode-19-beiruts-qabadayat\3185656-kabadayat-beirut_chunk0028_000572940-000574459.wav,حتي بموتو نجانا من الموت
C:\Users\user\Desktop\audio\audio\073_episode-19-beiruts-qabadayat\3185656-kabadayat-beirut_chunk0029_000576059-000602080.wav,اسماء كتيره بتطلع قدامنا لما نتذكر قبضايات بيروت متل الياس وشاكر نكد بولس العربانيه عبد الرحمن بكداش صالح مكوك راشد دوغان ابو عفيف كريديه وكتير كتير غيرن ما في شك انو هالزمن القديم كان في محبه بين الناس اكتر وكانت الرجوليه الا مفهوم تاني
C:\Users\user\Desktop\audio\audio\073_episode-19-beiruts-qabadayat\3185656-kabadayat-beirut_chunk0030_000015497-000017071.wav,الناس
C:\Users\user\Desktop\audio\audio\073_episode-19-beiruts-qabadayat\3185656-kabadayat-beirut_chunk0031_000163897-000165346.wav,ضروري
C:\Users\user\Desktop\audio\audio\073_episode-19-beiruts-qabadayat\3185656-kabadayat-beirut_chunk0032_000613820-000622400.wav,تضل بيروت وناسا بتمني تكونو ستمتعتو بهالحلقه انا دارين منلتقي بحلقه جديده
C:\Users\user\Desktop\audio\audio\074_episode-18-folktales-from-once-upon-a-time\3083275-folktales-from-once-upon-a-time_chunk0000_000475619-000478239.wav,مرحبا انا دارين حلقه اليوم كتير مميزه وعزيزه علي قلبي وما بستغرب يدمعو عيوني انا وعم خبركن عنا لانو فيا جزء كبير من طفولتي وذكرياتي حلقتنا اليوم عن حكايا شعبيه قديمه تناقلتا الناس من جيل لجيل وسمعوا الكبار متل ما عم يسمعوا الصغار متل ما بتعرفو كل بلد حول العالم عندو قصص شعبيه بيحكوا الناس وبيحفظوا وبكرروا مرات بيزيدو عليا ومرات بتصير غنيه ومرات بتتحول لمسرحيه بس بتبقي بتحمل كتير من صفات هالبلد ومن روحيه المجتمع والبيئه اللي بتخلق فيه مش ضروري تكون حقيقيه بس تكرارا الدائم علي مدار سنين هو اللي بيخليا تكتسب مصداقيه وتعيش وتعيش لزمن طويل اول حكايه رح جربو هلا روحو اسالو حدا من اهاليكن بتعرفو حكايه ابريق الزيت دغري رح تشوفوون ابتسمو كونا كتير مشهوره وبتتمتع بذكي وبدا صبر طويل لتخبرا علي مدار سنين من ستي رح خبرك يا دارين حكايه ابريق الزيت وهي حكايه حلوه كتير وقصتا كتيرغريبه واذا حبيتي او ما حبيتي او عجبك او ما عجبك او بدك او ما بدك رح خبرك ياها لانو حكايه ابريق الزيت حلوه وهلا بعد شوي بدي بلش خبرك ياها لانا طويله وبدا تفتحي دنيكي وتغمضي عينيك لحتي تسمعيا ستي ايه يا تاتا بدي اسمعا يعني عنجد بدك بلش بس ما خبرتيني اي قصه بدك احكيلك مبلا يا تاتا ما اتفقنا تحكيلي حكايه ابريق الزيت طيب هلا بدنا نبلش لانا حكايه حلوه وطويله يا دارين ونضل هيك ليمرق الوقت وستي عم تماطل بالحكي وانا عم رد لحديت ما اتعب ونام وبعدني ما سمعت هالحكايه ومرقت سنين وكبرت وعرفت انو هيدي الطريقه الذكيه بيستعملوا الامهات والجدات ليزهقو الاطفال ويتعبو وينامو يعني هي من الاساس بتلف وبتدور وبتلف وبتدور وما بتخبر القصه ولهيك صارت هالحكايه او جمله حكايه ابريق الزيت مضرب متل لكل شي بيلف و بيدور بارضو بدون ما يوصل لنتيجه فمنقلو متل حكايه ابريق الزيت وبعد ما ماتت ستي ورجعت بذاكرتي لهالقصه رحت دور علي اصلا الحقيقي لشوف اذا فعلا في حكايه حقيقيه وراها والا بس هيك خياليه واكتشفت انو مزبوط في وراها قصه قصيره بتقول انو كان يا مكان بقديم الزمان عيله عندا ابريق زيت قديم قررو يكبوه ويجيبو بدلو ابريق زيت تاني جديد لانو جيرانن هيك عملو قامو كسروه بدل ما يكبوه كسروه ميه شقفه كل ما يصير يهرب من كعبو يعني زيت منيح وبقيو ندمانين علي الابريق القديم اللي كسروه بدون ذنب بس لانو دبت فين الغيره من جيرانن ضحكت بس عرفت هالقصه بس للصراحه بعدني بحن لقصه ستي اكتر وبقول لو بترجع ستي كنت انا بخبرا اصل هالحكايه وبنام بحضنا انا ومبسوطه اني اخيرا قدرت اعرف الخبريه المزبوطه ورا الزيت اما الحكايه الثانيه اللي بدي خبركن عنا فهي كمان وحده من اقدم واشهر القصص اللي اتعرفت عليا علي كبر والحمدلله انو ما بحياتي سمعتا انا وصغيره لاني كتير خويفه قصه ابو كيس او وابو كيس هي قصه شخص كان يمرق علي الضيع بالليل ومعه كيس كبير وبساع كتير وكان يسرق دجاج وحمام وفواكه عن الشجر وكل شيء بيطلع وبعدين صارت الاميات تخوف ولادا بابو كيس وانو الولد اللي بعزب امو بياخدو ابو كيس يعني شو بخبركن قصص مرعبه لهالولاد وبلبنان انعمل فيلم ومسرحيه عن ابو كيس لتكريس هالقصص الشعبيه وابو كيس واسمو ام عدل اللي هي مرا كبيره بالعمر بتحمل كيس خيش علي كتفا وبتبرم بتلقط الولاد المزعجين لتاخدن علي راس الجبل وتتركن ومرات ام عدل بتحط الولاد بتخت كلو ابر ليتوجعو ويبطلو يعذبو اهاليهن وهيك الامهات كانت تستعمل كل الوسائل من القصص المخيفه لحتي الولاد تنام بكير وتصير مطيعه واخر قصه راح خبركن ياها لليوم اللي هي من اقدم القصص اللبنانيه واسما قصه الكانون وهي قصه للكبار اكتر ما هي للصغار كونن الكبار حتي بسهراتن بيحكوا اكتر من القصص اللي هي للاطفال واللي ما بيعرف شو هو الكانون هو مصنوع من حديد سميك والو اربع اجرين وبيولعو فيه جمر بالشتا عليه لحمه ومرات كمان بيحطوه بالمطبخ ليطبخو عليه وهو من زمان كان موجود تقريبا بكل بيت لبناني وضروري وجودو بالشتا كان يا مكان بقديم الزمان ضيعه ما فيها الا شخص وكانت الناس تروح لعندو لحتي يقرالن شي ضروري او يكتبلن مكاتيب لولادن بالغربه بالغربه يعني مسافرين ام سلطان ليكتب مكتوب وقالتلو يا عرض حجي اكتوب هالمكتوب لسلطان الي ابني سلطان امك بتسلم عليك وخالتك بتسلم عليك وبيك بسلم عليك وبدنا منك يا سلطان تبعتلنا كانون جديد لانو كانوني منزوع شوي وقف هيك العرض حجي وانتبه انو هو ما بيعرف يكتب كلمه كانون فكر شوي واكتشف انه ما فيه الا ما بيعرف يكتب كلمه وصار يفكر شو بيعمل شو بيعمل فات عالبيت وجاب كانونو واعطاه لام سلطان وقلا خدي كانوني وما تطلبي من ابنك كانون وما بدي حقو هيدا هديه لالك ببلاش لكان يا عرض حجي اكتوب لابني سلطان مكتوب جديد مرحبا يا سلطان امك بتسلم عليك وبيك بسلم عليك وخالتك بتسلم عليك
C:\Users\user\Desktop\audio\audio\074_episode-18-folktales-from-once-upon-a-time\3083275-folktales-from-once-upon-a-time_chunk0001_000484679-000494889.wav,كان بدي ياك تبعتلي كانون بس العرض حجي اعطاني كانونه فبعات للعرض حجي كانون جديد بدل كانونه
C:\Users\user\Desktop\audio\audio\074_episode-18-folktales-from-once-upon-a-time\3083275-folktales-from-once-upon-a-time_chunk0002_000497239-000509863.wav,يا ام سلطان واحد مش بدك اكتب عشرين كلمه كانون القصه بيداولوها الناس بالصهرات وتحديدا اذا كانوا مولعين
C:\Users\user\Desktop\audio\audio\074_episode-18-folktales-from-once-upon-a-time\3083275-folktales-from-once-upon-a-time_chunk0003_000515500-000542291.wav,عشت بعيده كنا مهاجرين فما كنت اسمع حكايا بشكل دايم بس كانت خالتي وستي يسجلولي شرايط كاسيتات هودي الكاسيتات القديمه اللي بتسمعوون عالمسجله يسجلولي ياهن بصوتن كلن قصص وخبريات وحكايا من الضيعه وكانو يبعتولي ياهن مع اي حدا مسافر فرحتي لما
C:\Users\user\Desktop\audio\audio\074_episode-18-folktales-from-once-upon-a-time\3083275-folktales-from-once-upon-a-time_chunk0004_000548015-000572500.wav,اكيد اكيد بنصه في شريط وكنت قضي شهور من بعدا عم اسمع هالكاسيتات كل ليله لحديت ما يصير صوته يخشخش من كتر الاستعمال وكون انا حفظت هالقصص وصرت قادره عيدا لوحدي هودي كانو ثلاثه من اشهر القصص القديمه بالضيع اللي الن ذكريات عند معظم الناس
C:\Users\user\Desktop\audio\audio\074_episode-18-folktales-from-once-upon-a-time\3083275-folktales-from-once-upon-a-time_chunk0005_000571500-000590700.wav,وبحب اختم بجمله كانت تقولا ستي ريما لما تخلص من حكاياتا هيدي حكايتي اللي حكيتا وبعبكن خبيتا لو كان بيتي قريب كنت بطعميكن زبيب ولو كان بيتي بالساحه كنت بطعميكن تفاحه
C:\Users\user\Desktop\audio\audio\075_episode-17-faraya-and-nearby-attractions\3053650-faraya_chunk0000_000000000-000008735.wav,مرحبا واهلا وسهلا فيكن بحلقه جديده من لانغويج وايف انا لين واليوم رح احكي عن منطقه ببلدي لبنان رح احكي عن فاريا
C:\Users\user\Desktop\audio\audio\075_episode-17-faraya-and-nearby-attractions\3053650-faraya_chunk0001_000014847-000034365.wav,عن طبيعه لبنان الجغرافيه وبعدين حاحكي عن فاريا وين موجوده وبشو بتتميز ومننتقل من بعدا لنتعرف ليه السواح بحبو يجو عفاريا بالشتا وبالصيف و اخر شي حخبركن عن رحلتي عفاريا
C:\Users\user\Desktop\audio\audio\075_episode-17-faraya-and-nearby-attractions\3053650-faraya_chunk0002_000034799-000059889.wav,لبنان هو الدوله الوحيده بالشرق الاوسط يلي بيقدر الزاير فيا يتزلج عالتلج قبل الضهر وينزل يسبح بالبحر بعد الضهر وهيدا بسبب الطقس المعتدل وبسبب قرب الجبل من البحر ولانو مساحه لبنان صغيره والمناطق قريبه من بعضا الجو والطبيعه والمناظر
C:\Users\user\Desktop\audio\audio\075_episode-17-faraya-and-nearby-attractions\3053650-faraya_chunk0003_000062534-000088760.wav,وفاريا هي ضيعه من ضيع لبنان الحلوه يلي بتبعد عن بيروت حوالي ساعه بالسياره مساحتا بتبلغ ثمانية سبعة كيلومتر مربع وبترتفع ألف و ثلاثمائة و خمسون متر عن سطح البحر يعني طقسا بارد بالشتا ومعتدل بالصيف وهي موجوده بمنطقه كسروان جبل لبنان
C:\Users\user\Desktop\audio\audio\075_episode-17-faraya-and-nearby-attractions\3053650-faraya_chunk0004_000087760-000092980.wav,وكرمال هيك فاريا هي مكان مناسب للتزلج
C:\Users\user\Desktop\audio\audio\075_episode-17-faraya-and-nearby-attractions\3053650-faraya_chunk0005_000095457-000100980.wav,وعالمه ومزروعه في شجر الارز وهو منتجه
C:\Users\user\Desktop\audio\audio\075_episode-17-faraya-and-nearby-attractions\3053650-faraya_chunk0006_000102080-000122599.wav,موسم التزلج بلبنان بيبقي لمده اربع شهور من كانون الثاني لنيسان والناس يلي بتحب التزلج بتجي عفاريا من كل العالم لتستمتع بالتزلج بهالمنطقه الحلوه ومن جبال فاريا بتقدر تشوف البحر
C:\Users\user\Desktop\audio\audio\075_episode-17-faraya-and-nearby-attractions\3053650-faraya_chunk0007_000121599-000146860.wav,ويلي بحب يعلم ولادو التزلج ما الو الا يزور حديقه الاطفال للتزلج يلي فيا مدربين بدربو الولاد وبعلموون التزلج من عمر خمس سنين والسياحه بفاريا مش بس بالشتا كمان بالصيف فالناس بتحب تزورا بفصل الصيف لعده اسباب
C:\Users\user\Desktop\audio\audio\075_episode-17-faraya-and-nearby-attractions\3053650-faraya_chunk0008_000150059-000159165.wav,فالحراره فيا بتكون بين ثمانية عشر وخمسة و عشرون درجه مئويه والمنطقه ما فيا
C:\Users\user\Desktop\audio\audio\075_episode-17-faraya-and-nearby-attractions\3053650-faraya_chunk0009_000164779-000169220.wav,يلي بتقدم افخم الاطباق من ثقافات متعدده
C:\Users\user\Desktop\audio\audio\075_episode-17-faraya-and-nearby-attractions\3053650-faraya_chunk0010_000171037-000174460.wav,تلاته لانو فاريا قريبه من بيروت العاصمه
C:\Users\user\Desktop\audio\audio\075_episode-17-faraya-and-nearby-attractions\3053650-faraya_chunk0011_000179779-000194000.wav,بسبب شجر الارز المزروع فيا خمسه الانشطه يلي فيك تعملا بفاريا كتيره ومتنوعه فهي بتتنوع وبتتعدد بين المشي بالطبيعه التخييم التصوير
C:\Users\user\Desktop\audio\audio\075_episode-17-faraya-and-nearby-attractions\3053650-faraya_chunk0012_000196848-000211558.wav,التعرف علي المعالم الاثريه والتاريخيه وعلاجات طبيعيه بالوحل والاعشاب وغيرا مين ما سالت بلبنان كبير وصغير بيعرف فاريا وبحب يزورا
C:\Users\user\Desktop\audio\audio\075_episode-17-faraya-and-nearby-attractions\3053650-faraya_chunk0013_000212928-000215874.wav,هي من اكتر
C:\Users\user\Desktop\audio\audio\075_episode-17-faraya-and-nearby-attractions\3053650-faraya_chunk0014_000218103-000224132.wav,و هلا رح خبركن عن رحلتي عفاريا بالشتويه الماضيه و بشهر كانون التاني
C:\Users\user\Desktop\audio\audio\075_episode-17-faraya-and-nearby-attractions\3053650-faraya_chunk0015_000225639-000253631.wav,بعد ما تلجت الدنيا وصارت كلا بيضا قررت انا ورفقاتي نطلع رحله عفاريا ليوم واحد فمن الصبح بكير جهزنا حالنا ولبسنا تياب تقيله وسميكه للتلج والبرد ومشينا مع طلوع الشمس وكل الطريق كنا عم نسمع اغاني فيروز واكيد رحلتنا ما بتحلا الا بترويقه المناقيش
C:\Users\user\Desktop\audio\audio\075_episode-17-faraya-and-nearby-attractions\3053650-faraya_chunk0016_000253279-000275600.wav,نزلنا عالفرن تروقنا وبعدين كملنا مشوارنا وبعد ساعه ونص تقريبا وصلنا عفاريا والمنظر كان كتير حلو كانت الدني كلا بيضا والشمس كانت عاكسه عالتلج والتلج عم بلمع بس وصلنا انقسمنا لمجموعتين
C:\Users\user\Desktop\audio\audio\075_episode-17-faraya-and-nearby-attractions\3053650-faraya_chunk0017_000274600-000303249.wav,المجموعه الاولي استاجرت سيارات للتزلج والمجموعه التانيه بتعرف تتزلج وانا كنت منن اول شي طلعنا بالتلسياج ونطرنا دورنا بحماس وكان قلبي عم بدق بسرعه كتير بسبب مزيج من الخوف والحماس
C:\Users\user\Desktop\audio\audio\075_episode-17-faraya-and-nearby-attractions\3053650-faraya_chunk0018_000295880-000323920.wav,فكنت خيفانه شوي لانو كنا كتير عم نرتفع عن الارض بس بنفس الوقت كنت متحمسه ومبسوطه لانو عم شوف الناس من تحت كيف عم تلعب وعم تتزلج وبنفس الوقت كنا عم نقدر نشوف المناظر الطبيعيه من جبال وسما صافيه وتلج فاريا الحلو وكل ما كان عم بقرب دورنا كل ما كانو عم بزيدو دقات قلبي
C:\Users\user\Desktop\audio\audio\075_episode-17-faraya-and-nearby-attractions\3053650-faraya_chunk0019_000323279-000341801.wav,وبس اجا دورنا نطينا بحماس واول شي بتسمعو هو صوت حفيف السكيز بالتلج صرنا ننزل بسرعه كبيره من فوق الجبل لتحت ونمرق بين الشجر والحجر والهوا كان كتير قوي وعم بسفق بوجي
C:\Users\user\Desktop\audio\audio\075_episode-17-faraya-and-nearby-attractions\3053650-faraya_chunk0020_000342859-000350880.wav,وهيك قضينا نهارنا بفاريا عم نتزلج وعم نلعب بالتلج ومبسوطين كتير وبس
C:\Users\user\Desktop\audio\audio\075_episode-17-faraya-and-nearby-attractions\3053650-faraya_chunk0021_000354440-000374188.wav,كانت رحله كتير حلوه وقررنا انا ورفقاتي انو اكيد حنعيدا بس هالمره بالصيفيه لنكتشف فاريا بالصيف وهيك بتكون خلصت حلقتنا لليوم وبكون حكيتلكن شوي عن طبيعه لبنان الجغرافيه وعن ضيعه كتير حلوه بلبنان اسما فاريا
C:\Users\user\Desktop\audio\audio\075_episode-17-faraya-and-nearby-attractions\3053650-faraya_chunk0022_000375374-000386859.wav,وحكيتلكن عن رحلتي انا ورفقاتي عفاريا بتمني تكونو حبيتو حلقتنا لليوم ونحنا كالعاده منحب نسمع اقتراحاتكن وتعليقاتكن علي حلقاتنا وانا بشوفكن بحلقه جديده من لانغويج وايف
C:\Users\user\Desktop\audio\audio\075_episode-17-faraya-and-nearby-attractions\3053650-faraya_chunk0023_000388920-000390779.wav,مع السلامه
C:\Users\user\Desktop\audio\audio\076_episode-16-wildfires\2981521-wildfires-of-2019_chunk0000_000000000-000002139.wav,اهلا وسهلا من جديد
C:\Users\user\Desktop\audio\audio\076_episode-16-wildfires\2981521-wildfires-of-2019_chunk0001_000001139-000028812.wav,مستعميننا
C:\Users\user\Desktop\audio\audio\076_episode-16-wildfires\2981521-wildfires-of-2019_chunk0002_000027812-000055484.wav,عاللانغويج
C:\Users\user\Desktop\audio\audio\076_episode-16-wildfires\2981521-wildfires-of-2019_chunk0003_000054484-000082156.wav,وايف
C:\Users\user\Desktop\audio\audio\076_episode-16-wildfires\2981521-wildfires-of-2019_chunk0004_000081156-000108828.wav,
C:\Users\user\Desktop\audio\audio\076_episode-16-wildfires\2981521-wildfires-of-2019_chunk0005_000107828-000135500.wav,
C:\Users\user\Desktop\audio\audio\076_episode-16-wildfires\2981521-wildfires-of-2019_chunk0006_000134500-000162172.wav,
C:\Users\user\Desktop\audio\audio\076_episode-16-wildfires\2981521-wildfires-of-2019_chunk0007_000161172-000188844.wav,
C:\Users\user\Desktop\audio\audio\076_episode-16-wildfires\2981521-wildfires-of-2019_chunk0008_000187844-000215516.wav,
C:\Users\user\Desktop\audio\audio\076_episode-16-wildfires\2981521-wildfires-of-2019_chunk0009_000214516-000242188.wav,
C:\Users\user\Desktop\audio\audio\076_episode-16-wildfires\2981521-wildfires-of-2019_chunk0010_000241188-000268860.wav,
C:\Users\user\Desktop\audio\audio\076_episode-16-wildfires\2981521-wildfires-of-2019_chunk0011_000267860-000295532.wav,
C:\Users\user\Desktop\audio\audio\076_episode-16-wildfires\2981521-wildfires-of-2019_chunk0012_000294532-000322204.wav,
C:\Users\user\Desktop\audio\audio\076_episode-16-wildfires\2981521-wildfires-of-2019_chunk0013_000321204-000348876.wav,
C:\Users\user\Desktop\audio\audio\076_episode-16-wildfires\2981521-wildfires-of-2019_chunk0014_000347876-000375548.wav,
C:\Users\user\Desktop\audio\audio\076_episode-16-wildfires\2981521-wildfires-of-2019_chunk0015_000374548-000402220.wav,
C:\Users\user\Desktop\audio\audio\076_episode-16-wildfires\2981521-wildfires-of-2019_chunk0016_000401220-000428892.wav,
C:\Users\user\Desktop\audio\audio\076_episode-16-wildfires\2981521-wildfires-of-2019_chunk0017_000427892-000455564.wav,
C:\Users\user\Desktop\audio\audio\076_episode-16-wildfires\2981521-wildfires-of-2019_chunk0018_000454564-000482236.wav,
C:\Users\user\Desktop\audio\audio\076_episode-16-wildfires\2981521-wildfires-of-2019_chunk0019_000481236-000508908.wav,
C:\Users\user\Desktop\audio\audio\076_episode-16-wildfires\2981521-wildfires-of-2019_chunk0020_000507908-000535580.wav,معي انا مريم
C:\Users\user\Desktop\audio\audio\076_episode-16-wildfires\2981521-wildfires-of-2019_chunk0021_000004179-000007624.wav,بحلقه جديده رح نحكي فيها من جديد
C:\Users\user\Desktop\audio\audio\076_episode-16-wildfires\2981521-wildfires-of-2019_chunk0022_000011140-000022183.wav,بنهايه صيف ألفان و تسعة عشر اثرت بشكل كبير عمساحات خضره مهمه كتير بالبلد فينا نوصفهم بالكارثه البيئيه حتي
C:\Users\user\Desktop\audio\audio\076_episode-16-wildfires\2981521-wildfires-of-2019_chunk0023_000025717-000051006.wav,الكارثه يعني مصيبه او حدث كبير وسيئ منظمه الاغذيه والزراعه بتعرف او بتوصف الغابه علي انا ارض مساحتا اكتر من خمسة آلاف متر مربع او خمسة دونم فيا شجر بزيد ارتفاعن او طولن عن خمسة امتار وظل شجر او بمعني تاني غطاء نباتي بيتجاوز
C:\Users\user\Desktop\audio\audio\076_episode-16-wildfires\2981521-wildfires-of-2019_chunk0024_000428279-000454140.wav,يعني بزيد عن العشره بالميه او تكون هالمساحه فيا شجر مزروع جديد قادر يوصل لهيدي الارقام بالمستقبل بورقه البرنامج الوطني ألفان و خمسة عشر ألفان و خمسة و عشرون والمقدمه من قبل وزاره الزراعه اللبنانيه بقولو انو الغابات بتشكل ثلاثة عشر اثنان من مساحه لبنان المجمله او الكليه او الكامله واللي هي عشرة آلاف و أربعمائة و اثنان و خمسون كيلومتر مربع وحسب هالورقه او البرنامج هالرقم بحط لبنان ضمن اكتر البلدان اللي فيا غابات بالشرق الاوسط من ناحيه نسبتن من مساحه البلد الكامله ب ثلاثة عشر تشرين الاول ألفان و تسعة عشر وتحديدا بالليل كان لبنان علي موعد مع سلسله او مجموعه حرايق بالغابات تجاوز عددا ال مائة حريق تركزت او صارت اغلب هالحرايق بمنطقه الشوف واقليم الخروب ووصلت لمناطق بالجنوب والشمال ناس علي اللي او حاصرتا النيران كما انا كشفت او بينت لكل المواطنين اللبنانيين مشكله كبيره بتواجهنا بموضوع عجز البلد والجهات المعنيه بالدوله عن مواجهه هالنوع من الكوارث الطبيعيه بقول رئيس جمعيه تنميه الغابات وصيانتا بلبنان انو هالحرايق اللي استمرت لاكتر من ثمانية و أربعون ساعه قضت علي او ضيعت عشرون سنه من جهود او شغل اعاده التشجير بالبلد التشجير يعني زرع شجر جديد مقدمه للمؤتمر سنه ألفان و ثلاثة بقولو انو حرايق الغابات عم تدمر سنويا بين ال وستون وال مائة و أربعون دونم من الغابات حول العالم بتميز بين نوعان من الحرايق الحرايق المؤذيه للبيئه والطبيعه والحرايق الضروريه والمفيده للنظام حرايق ممكن تكون طبيعيه بسبب درجات الحراره العاليه والجفاف او ضربه برق بمكان معين تكون مفتعله يعني انعملت قصدا او عمدا وهاي الحاله عم تكون الاغلب مثلا حدا ولع نار ليخيم بالطبيعه حدا كب سيجاره مش مطفيه نفايات القزاز يعني الزباله المصنوعه من قزاز او glass اللي الناس بكبوها بالطبيعه والالعاب الناريه وغيرا كتير لحد هلا ما انعرف السبب المباشر ورا الحرايق اللي صارت بتشرين ألفان و تسعة عشر بلبنان الدفاع المدني اللبناني وفوج الاطفاء مع متطوعين من كتير مناطق بلبنان وحتي الجيش اللبناني كلن اشتركو باطفاء الحريق مع مساعده خارجيه يعني من برا لبنان وصلت من عده دول كان يعني اللي اجت من قبرص ومع ذلك اغلب الحرايق ضلت ولعانه او مشتعله لحد ما نزل الشتا وبحسب حديثنا باللانغويج وايف مع فوج اطفاء بيروت عن هالموضوع ذكرولنا انو الشتا لعب الدور الاهم والنهائي لاخماد او اطفاء الحريق كليا وبتصريح او حديث لرئيس العمليات بالدفاع المدني اللبناني بيذكر انو بالنسبه الو بشوف انو هالحريق كان الاصعب والاسوا من وقت ما بلش شغل بالدفاع المدني سنه ألف و تسعمائة و واحد و ثمانون الدفاع المدني فقد او خسر احد عناصرو الشاب سليم ابو مجاهد واللي اصيب بازمه قلبيه خلال العمل علي اخماد الحريق توفي بسببا اضافه لعشرات المصابين بحالات الاختناق وضيق بالتنفس او اغماء يعني غابو عن الوعي وحروق طفيفه يعني سطحيه او خفيفه تم علاجن علي الفور من قبل او ليتلقو العلاج اللازم عام ألفان و تسعة قدمت جمعيه اخضر دايم للدوله اللبنانيه تلات طيارات اطفاء الجمعيه جابت حق هالطيارات بعد ما عملت حمله تبرعات كتير كبيره من مواطنين وسياسيين وحتي طلاب المدارس هالطيارات اللي انجمعلا حوالي خمسة عشر مليون دولار ما كانت جزء من عمليه اطفاء الحريق وبعض المسؤولين بالدوله اللبنانيه قالو عنن انن صارو خرده خرده يعني شي منزوع ما فينا نستعملو لان ما بيشتغل انو ما يعني تصليح من سنين لان ما في مصاري غياب هالطيارات عن ساحه مواجهه بكتاب عنوانو اطلس لبنان تحديات جديده من قبل وبالتعاون مع المعهد الفرنسي للشرق الادني بوضح انو خمسة و ثلاثون من مساحه الغابات بلبنان تعرضت لاضرار او خساير ملحوظه يعني واضحه بين سنه ألف و تسعمائة و ستون وألفان و عشرة هالاضرار بتعود اسبابا اما لتقطيع الشجر او لحرايق الغابات وبنفس هالكتاب بقولو انو تم تسجيل ما بين ثمانية آلاف ل ستة عشر ألف عمليه تدخل للدفاع المدني اللبناني سنويا لاطفاء او اخماد حرايق بالغابات حريق تشرين ألفان و تسعة عشر بلبنان قضي علي مئات او ميات الاشجار من الشجر المثمر او المنتج متل شجر الصنوبر والسنديان واللي رفع نسبه الخسائر الاقتصاديه كونو عدد العائلات اللبنانيه اللي بتعتاش من الصنوبر بزيد عن خمسون الف عيله وفق رئيس نقابه عمال ومزارعي الصنوبر بلبنان فخري المصري هالكارثه الطبيعيه بلبنان ترافقت او يعني اجا معا مبادرات اهليه واسعه بكل لبنان تحركت للمساعده ففتح عدد كبير من المواطنين او الناس بيوتن ليستقبلو العيل اللي اضطرت تطلع من بيوتا بسبب النيران
C:\Users\user\Desktop\audio\audio\076_episode-16-wildfires\2981521-wildfires-of-2019_chunk0025_000453140-000475480.wav,ووصل متطوعين باعداد كبيره عالمناطق المتضرره من الحريق للمساعده باي طريقه ممكنه ومعن امدادات كبيره متل الاكل ومي الشرب تقدمت للناس اللي طلعت من بيوتا او لعناصر فوج الاطفاء والدفاع المدني وكل اللي كانو عم يشتغلو عالارض بمواجهه الحريق
C:\Users\user\Desktop\audio\audio\076_episode-16-wildfires\2981521-wildfires-of-2019_chunk0026_000476735-000501980.wav,ومبادرات تانيه طلبت من الناس تتطوع بعمليه اعاده التشجير وهون دوله غانا عرضت علبنان استعدادا للتبرع بشتلات شجر يعني شجر صغير بينزرع بهدف اعاده تشجير المساحات اللي احترقت الازمه او الكارثه قطعت هالمره بس عالاكيد حرايق الغابات رح ترجع تواجهنا بلبنان برايي الشخصي
C:\Users\user\Desktop\audio\audio\076_episode-16-wildfires\2981521-wildfires-of-2019_chunk0027_000503517-000531679.wav,ولان عم بحكي عن شغل اهلي او بشوف انو خطه جديه لتوعيه الناس من كل الاعمار حيال التصرفات الغلط بالطبيعه اللي بتادي للحرايق ممكن تساهم بشكل كتير كبير بتخفيض يعني تقليل عدد الحرايق اللي عم نواجها سنويا وبالتالي تقليل الخسارات اللي عم تسببا بالاضافه للمطالبه بسن قوانين جديه بتعاقب المتسببين بالحرايق
C:\Users\user\Desktop\audio\audio\076_episode-16-wildfires\2981521-wildfires-of-2019_chunk0028_000532539-000539485.wav,وانتو مستمعيننا خبرونا بالتعليقات عالحلقه شو بتشوفو طرق مناسبه لمواجهه او معالجه هالظاهره
C:\Users\user\Desktop\audio\audio\077_episode-15-two-common-proverbs\2924560-two-common-proverbs_chunk0000_000000000-000007183.wav,مرحبا مستمعينا بتمني تكونو كلكن بخير واهلا وسهلا فيكن معي انا مريم بحلقه جديده عاللانغويج وايف
C:\Users\user\Desktop\audio\audio\077_episode-15-two-common-proverbs\2924560-two-common-proverbs_chunk0001_000008840-000024659.wav,بحلقه اليوم رح نحكي قصص ومعاني جديده عن الامتال الشعبيه اللبنانيه الامتال الشعبيه فينا نعتبرا جزء من تراث المجتمع واللغه اللي بيحكيا والمتل هو جمله قصيره
C:\Users\user\Desktop\audio\audio\077_episode-15-two-common-proverbs\2924560-two-common-proverbs_chunk0002_000154111-000180798.wav,او عباره اجت من قصه صارت مع ناس من زمان وصارت الناس من وقتا تستعملا بالاحاديث اليوميه لحتي تذكر بعبره او حكمه العبره هي متل نتيجه لقصه بتساعدنا نتعلم دروس بالحياه من ناس غيرنا مرقو باشيا بتشبه حدث او ظرف عم نعيشو وهالقصص اللي رح نحكين عن الامتال مش بالضروره يكونو مزبوطين او فعلا هيك صارو بس هي قصص انشهرت بين الناس وصار الكل يحكيا عن او هيداك القصه مش رمانه بس قلوب مليانه وقصه هالمتل بتحكي عن شاب وصبيه حبو بعض كتير بهالزمنات وقررو يتزوجو المشكله انو كان في خلافات كتير بين العيلتين ولمن امو للشاب عرفت مين البنت رفضت كليا انو يصير هالزواج الشاب اصر علي خيارو وقال لامو انو اذا ما تزوج البنت اللي حبا ما رح يتزوج طول عمرو بالاخير الام تنازلت عن رفضا لهالزواج وراحت طلبت البنت من اهلا يوم العرس كان من العادات عند هول الناس انو ام العريس تنقي رمانه منيحه وكبيره وتحطا علي باب بيت العرسان حتي العروس تدعس عليا وهي فايته علي بيتا الجديد للعروس يعني ام العريس كانت بتكرهها للعروس جابت رمانه لمن دعست العروس عالرمانه المنزوعه طلعت ريحه بشعه كتير وهون عرفو الناس شو عملت ام العريس وقالو المتل المشهور القصه مش رمانه بس قلوب مليانه يعني القصه مش قصه رمانه بالصدفه طلعت منزوعه بس هي قصه حقد وقلوب مليانه كره تجاه الشخص الاخر وهيك الناس لليوم بتستعملو لهالمتل لتدل علي اي حادثه بتصير وبتبين صدفه او مش قصدا بينما بالحقيقه هي قلوب مليانه عبعض المتل التاني هو عباره عن تلات كلمات كانت النصيحه بجمل اما قصه هالمتل فطويله شوي وبتحكي عن زلمه او رجال بقديم الزمان قرر يسافر بعيد عن بيتو وعيلتو ليفتش علي شغل ورزق رح نسمي هالرجال ادم وبالفعل وصل ادم عمكان بعيد عن ضيعتو ولقي شغل مع تاجر كبير صار يرعي عندو جمال ومواشي
C:\Users\user\Desktop\audio\audio\077_episode-15-two-common-proverbs\2924560-two-common-proverbs_chunk0003_000183411-000209732.wav,مواشي او الماشيه يعني خواريف ومعزه وغيرن وبعد سنين من الشغل شتاق ادم لبيتو وعيلتو فقرر يرجع لعندن بالمال او المصاري اللي جمعن وقبل ما يفل ادم قدملو التاجر هديه عباره عن عدد من الجمال والمواشي لياخدن معو عالضيعه انطلق ادم يمشي بطريق الرجعه وهو عم يقطع صحرا كبيره تحت الشمس القاسيه
C:\Users\user\Desktop\audio\audio\077_episode-15-two-common-proverbs\2924560-two-common-proverbs_chunk0004_000209857-000215806.wav,وبالهوا الناشف اللي عم يطير الرمل علي وجو لقي رجال كبير بالعمر
C:\Users\user\Desktop\audio\audio\077_episode-15-two-common-proverbs\2924560-two-common-proverbs_chunk0005_000242365-000259239.wav,بقولولو شيخ قاعد بخيمه لحالو بهالصحرا فسالو للشيخ شو عم تعمل بهالمكان الفاضي لحالك تحت الشمس القويه رد الشيخ وقلو انا بشتغل بالتجاره طيب تجاره شو قلو الشيخ انا ببيع الناس نصايح فسال ادم الشيخ شو سعر النصيحه نصايح واللي هي جمع كلمه نصيحه بتعني شي منقولو للناس بساعدن يتخطو مشكله او يصلحو شي بحياتن مثلا قلو كل نصيحه حقا جمل ادم انصدم من سعر النصيحه الغالي وقرر يطلب نصيحه ليشوف ليش قيمتا هلاد عاليه اذا ما
C:\Users\user\Desktop\audio\audio\077_episode-15-two-common-proverbs\2924560-two-common-proverbs_chunk0006_000264420-000284679.wav,سهيل هو اسم عربي لنجمه بالسما كانو العرب قديما يستخدموا ليعرفو الاتجاهات والسيل يعني المي الكتيره اللي بتتجمع من الشتا وممكن تصير كانا نهر ماشي انزعج ادم وما فهم كيف ممكن تفيدو هالنصيحه فطلب نصيحه تانيه
C:\Users\user\Desktop\audio\audio\077_episode-15-two-common-proverbs\2924560-two-common-proverbs_chunk0007_000286591-000294679.wav,قلو الشيخ ما تامن لابو عيون زرق وسنان فرق سنان فرق بتعني السنان اللي فيه فراغ او مسافه بيناتن
C:\Users\user\Desktop\audio\audio\077_episode-15-two-common-proverbs\2924560-two-common-proverbs_chunk0008_000298187-000324075.wav,كمان ما مبين الا معني ومن تعصيبو طلب نصيحه تالته فقلو الشيخ نام علي الندم وما تنام علي الدم الندم يعني الشعور السيء اللي بيجيه للانسان اذا عمل شي ما كان لازم او ما كان صح يعملو النصيحه التالته ما كانت احسن من اللي قبلا فاعطي ادم تلات جمال للشيخ وكفي طريقو متضايق كتير لانو اعتبر
C:\Users\user\Desktop\audio\audio\077_episode-15-two-common-proverbs\2924560-two-common-proverbs_chunk0009_000323503-000344528.wav,انو خسرن
C:\Users\user\Desktop\audio\audio\077_episode-15-two-common-proverbs\2924560-two-common-proverbs_chunk0010_000343528-000364553.wav,عالفاضي وبوحده من هالليالي هو ومكفي بطريق الرجعه علي ضيعتو وبيتو وقف ادم يقضي الليله مع ناس حاطين خيم بوادي كبير وهو عم يتامل النجوم شاف نجم سهيل وفورا اتذكر نصيحه الشيخ بالصحرا اللي قلو اذا طلع سهيل ما تامن السيل فراح وخبر الناس اللي بالخيم عن النصيحه وقلن انو لازم فورا يطلعو من الوادي بس الناس ما اقتنعو بنصيحتو قال ادم لحالو حق جمل ومستحيل اني نام بهالوادي فقرر يتركن ويطلع عالجبل
C:\Users\user\Desktop\audio\audio\077_episode-15-two-common-proverbs\2924560-two-common-proverbs_chunk0011_000366899-000372000.wav,وبالفعل اجا شتا كتير قوي ليلتا هدم يعني دمر او خر خيم الناس بالوادي وشردن
C:\Users\user\Desktop\audio\audio\077_episode-15-two-common-proverbs\2924560-two-common-proverbs_chunk0012_000374500-000398399.wav,بعد يومين من المشي وصل ادم علي بيت بمنطقه فاضيه وطلب من اهل البيت يسمحولو ينام عندن ليرتاح فصاحب البيت رحب واهتم في كتير بس بطريقه مريبه يعني طريقه مش طبيعيه خوفتو شوي لادم وبعد شوي لاحظ ادم انو صاحب البيت سنانو فرق وعيونو زرق
C:\Users\user\Desktop\audio\audio\077_episode-15-two-common-proverbs\2924560-two-common-proverbs_chunk0013_000399600-000404739.wav,النصيحه التانيه من الشيخ بالصحراء وقت قاله ما تامن
C:\Users\user\Desktop\audio\audio\077_episode-15-two-common-proverbs\2924560-two-common-proverbs_chunk0014_000406700-000424540.wav,وقت عتمت الدنيا اتحجج ادم انو حابب ينام برا حتي ما يترك الماشيه لحالا وفجاه بالليل بعد ما تاكد صاحب البيت انو ادم نام ضهر لعندو حامل سيف وكان ناوي يهجم علي ادم حتي ياخد منو الماشيه
C:\Users\user\Desktop\audio\audio\077_episode-15-two-common-proverbs\2924560-two-common-proverbs_chunk0015_000426940-000429246.wav,وكان قاعد عطرف عم
C:\Users\user\Desktop\audio\audio\077_episode-15-two-common-proverbs\2924560-two-common-proverbs_chunk0016_000430579-000448540.wav,بحذر يعني هو وشاكك انو ممكن يصير شي فورا ادم صرخ بصاحب البيت وقلو انا اشتريت النصيحه بجمل دفش ادم صاحب البيت عالارض ليدافع عن حالو وبسرعه اخد الجمال والماشيه وفل من المكان وصل ادم
C:\Users\user\Desktop\audio\audio\077_episode-15-two-common-proverbs\2924560-two-common-proverbs_chunk0017_000455190-000459420.wav,ولمن فتح باب بيتو شاف رجال غريب نايم جوا
C:\Users\user\Desktop\audio\audio\077_episode-15-two-common-proverbs\2924560-two-common-proverbs_chunk0018_000462850-000491440.wav,نصيحه الشاخه التالته نام علي الندم وما تنام علي الدم فرجع ادم لورا وضهر من البيت وقرر ينطر لوقت يطلع الصبح ووقت طلعت الشمس شافو الناس وانبسطو كتير برجعتو وقالولو تركتنا فتره كتير طويله شوف ابنك كيف صار شاب وهون بيتفاجا ادم انو ابنو هو الرجال الغريب اللي كان رح يهجم عليه الليله الماضيه
C:\Users\user\Desktop\audio\audio\077_episode-15-two-common-proverbs\2924560-two-common-proverbs_chunk0019_000490679-000503059.wav,سكت ادم وقال بعقلو فعلا كل نصيحه كانت بتسوي يعني بتستحق جمل ومن هون صارت الناس تقول كانت النصيحه بجمل
C:\Users\user\Desktop\audio\audio\077_episode-15-two-common-proverbs\2924560-two-common-proverbs_chunk0020_000504160-000510164.wav,الناس وقت يقدموا نصيحه لشخص وهالشخص يستخف او يستهتر
C:\Users\user\Desktop\audio\audio\077_episode-15-two-common-proverbs\2924560-two-common-proverbs_chunk0021_000512820-000515229.wav,لهون منكون شرحنا بهالحلقه متلين
C:\Users\user\Desktop\audio\audio\077_episode-15-two-common-proverbs\2924560-two-common-proverbs_chunk0022_000516280-000521179.wav,وحكينا قصتن اللي هني القصه مش رمانه بس قلوب مليانه و كانت النصيحه بجمل
C:\Users\user\Desktop\audio\audio\077_episode-15-two-common-proverbs\2924560-two-common-proverbs_chunk0023_000524479-000541733.wav,علي امل انو المره الجاي اللي بتكونو عم تتحدثو فيا مع حدا ويستعمل هالامتال بحكيو تعرفو بالضبط المعني من ممكن كتير مرات نحس انو الامتال هي حكي مش منطقي بس واقعا وبالحياه اليوميه الناس كتير بتستعملن باحاديثا
C:\Users\user\Desktop\audio\audio\077_episode-15-two-common-proverbs\2924560-two-common-proverbs_chunk0024_000542919-000548626.wav,واوقات صعب نفهم شو قصدن بالمتل اذا ما عرفنا القصه اللي اجا منا او رحنا فتشنا عن شرحو
C:\Users\user\Desktop\audio\audio\078_episode-14-sidon-gateway-to-the-south\2860777-sidon_chunk0000_000000000-000024859.wav,مرحبا انا دارين بحلقه اليوم راح نكسدر صوب جنوب لبنان وتحديدا علي منطقه لقبوها ب بوابه الجنوب اللبناني نظرا لجمالها واهميتها وبحرها مليانه تراث وحضاره وناسها اطيب واكرم ناس وهي صيدا المدينه اللبنانيه الحلوه علي الشط اللبناني الجنوبي
C:\Users\user\Desktop\audio\audio\078_episode-14-sidon-gateway-to-the-south\2860777-sidon_chunk0001_000025739-000051200.wav,صيدا هي تالت اكبر المدن بلبنان وبتوقع علي جنوب العاصمه بيروت وبتبعد عنها حوالي خمسة و أربعون كلم يعني خمسة و ثلاثون دقيقه بالسياره اخترت احكي عن صيدا مش بس لجمال موقعها واهميتها بل كمان لانها تعتبر وحده من اقدم مدن العالم وقلعتها البحريه واثارها النادره
C:\Users\user\Desktop\audio\audio\078_episode-14-sidon-gateway-to-the-south\2860777-sidon_chunk0002_000051020-000063983.wav,صيدا منطقه وصل بين جنوب لبنان وبيروت وهي مدينه تجاريه بامتياز وفيها الكتير من الجامعات والمدارس والمستشفيات والعمران عمران يعني
C:\Users\user\Desktop\audio\audio\078_episode-14-sidon-gateway-to-the-south\2860777-sidon_chunk0003_000065120-000068010.wav,هيدا كله بالاضافه
C:\Users\user\Desktop\audio\audio\078_episode-14-sidon-gateway-to-the-south\2860777-sidon_chunk0004_000073092-000097548.wav,صيدون هوي الاسم التاريخي لصيدا و صيدون هي كلمه لاتينيه ويونانيه وما في تفسير واحد لهالاسم منهن بيعتقدوا انو صيدون كلمه مشتقه من كتره السمك علي شواطئها واهلها اللي كانوا يتصيدوا هالسمك وفي نظريه تانيه بتقول انو صيدون ابن كنعان
C:\Users\user\Desktop\audio\audio\078_episode-14-sidon-gateway-to-the-south\2860777-sidon_chunk0005_000096548-000123719.wav,الرجل الفينيقي اسسها سنه ألفان و ثمانمائة سنه قبل الميلاد ولهيك سميت علي اسمه صيدون بس خلينا نوقف شوي عند السنه ألفان و ثمانمائة قبل الميلاد يعني هالمدينه عمرها الاف السنين ولهيك صيدا مش بس مدينه عمرانيه حديثه بل وكمان مدينه تاريخيه اصيله غرقانه بالعديد العديد من الاثار
C:\Users\user\Desktop\audio\audio\078_episode-14-sidon-gateway-to-the-south\2860777-sidon_chunk0006_000123660-000149960.wav,الكنائس المدينه القديمه القلعه البحريه القلعه البريه خان الافرنج الجامع العمري الكبير المينا مرافئ الصيادين والحمامات الاثريه وكتير غيرهن هودي كلهن اسماء معالم تراثيه بعدها موجوده لهلق وبيزوروها الاف السواح سنويا ليشهدوا علي اهميه وروعه هالمدينه
C:\Users\user\Desktop\audio\audio\078_episode-14-sidon-gateway-to-the-south\2860777-sidon_chunk0007_000149619-000153833.wav,كتير شعوب مرقت علي صيده وخلوها
C:\Users\user\Desktop\audio\audio\078_episode-14-sidon-gateway-to-the-south\2860777-sidon_chunk0008_000158139-000184279.wav,وهودي كلهن اسماء لشعوب قديمه سكنوا المنطقه الساحليه للبحر الابيض المتوسط وازدهرت صيدا اكتر كون انفتاحها عالبحر خلاها مكان ممتاز للتجاره البحريه وللصيد وكانت سيده المدن البحريه ولهالسبب طمع فيها الملك المصري ارتحششتا التالت وقرر يدمرها
C:\Users\user\Desktop\audio\audio\078_episode-14-sidon-gateway-to-the-south\2860777-sidon_chunk0009_000183279-000209820.wav,رفضوا الصيداويين وقاموا فضلوا الموت علي الذل ويقال انهن حرقوا المدينه كلها وكل المراكب ومات اكثر من أربعون الف شخص دفاعا عن كرامتهن وبالعوده لاثار هالمنطقه فقلعه صيدا البحريه بتبعد حوالي ثمانون متر عن الشط وهي معبد فينيقي قديم خصص لعباده الالهه القديمين
C:\Users\user\Desktop\audio\audio\078_episode-14-sidon-gateway-to-the-south\2860777-sidon_chunk0010_000208960-000237220.wav,وفيها برج كبير وكتير بوابات وعلي مدخل القلعه في احجار سوداء منحوته بنقوش قديمه هالقلعه البحريه بتظل مليانه بالزوار علي مدار السنه وتحديدا تلاميذ المدارس اللي بيجوا باعداد كبيره ليكتشفوها وبدي اخدكن لنتعرف كمان علي خان الافرنج وكلمه خان بتعني اوتيل و افرنج يعني الاجانب
C:\Users\user\Desktop\audio\audio\078_episode-14-sidon-gateway-to-the-south\2860777-sidon_chunk0011_000236559-000255800.wav,وهالخان بيتبع من ناحيه الهندسه نفس هندسه القلعه البحريه يعني تنيناتهن بيشبهوا بعض بني سنه ألف و سبعمائة و سبعون وكان اول الابنيه اللي بتدل علي النهضه العمرانيه يعني طريقه البناء الحديثه
C:\Users\user\Desktop\audio\audio\078_episode-14-sidon-gateway-to-the-south\2860777-sidon_chunk0012_000258019-000284500.wav,بابو ضخم وكللو قناطر وساحه عملاقه كان فيها نافوره ماي كبيره من زمان وفيه ستة و خمسون غرفه وممرات طويله ورائعه خان الافرنج بطل مفتوح قدام النوام النوام بيقولولهن يعني الناس اللي بيجوا نايمين من برات المدينه خان الافرنج صار مفتوح علي مدار السنه بس للسواح ويقام فيه حاليا كتير من المعارض والحفلات
C:\Users\user\Desktop\audio\audio\078_episode-14-sidon-gateway-to-the-south\2860777-sidon_chunk0013_000283640-000292528.wav,وانا شخصيا عندي محطه سنويه فيه بمهرجان بعملو للاطفال بالجنوب بكرنفال علي وبعدين علي ساحه خان الافرنج
C:\Users\user\Desktop\audio\audio\078_episode-14-sidon-gateway-to-the-south\2860777-sidon_chunk0014_000300482-000308185.wav,منرجع منروح علي سوق صيده القديم القديم بتفوتولوا من حت خان
C:\Users\user\Desktop\audio\audio\078_episode-14-sidon-gateway-to-the-south\2860777-sidon_chunk0015_000311779-000315760.wav,وبعد بتلاقوا فيها مهن وحرف قديمه
C:\Users\user\Desktop\audio\audio\078_episode-14-sidon-gateway-to-the-south\2860777-sidon_chunk0016_000380320-000405320.wav,متل الخياط وصانع القش اللي بيعمل حصاير وكراسي من القش القديم وكمان بتلاقوا محلات فضه ودهب وخبز مرقوق هالسوق القديم ما فيكن تفوتولو الا مشي عالاجرين وبنصحكن تزورو تحديدا خلال شهر رمضان لتستمتعوا باطيب حلو سخن اسمو السحلب السحلب بيقدمولكن ياه علي طاوله خشب قديمه علي جوانب السوق بحطوا السحلب بكاسه صغيره وتحتها جريده وبتصيروا تغطوا الكعك بالحليب الدافي وتشوفوا الحياه الرمضانيه ما اجملها بهالسوق العتيق اما متحف الصابون بصيدا ففيكن تشوفوا بالتفاصيل كيف بيصنعوا صابون زيت الزيتون فيه هالمتحف عباره عن مصنع صابون قديم تم بناؤو بين القرن السابع عشر والتاسع عشر مليان بالاف القطع من الصابون اللي ريحتهن كتير مميزه ومحطوطين بشكل قلعه بنص قاعه متحف الصابون متل ما قلتلكن كيف ما بتبرموا بصيدا بتشوفوا تاريخ وقصص بس كمان ضروري تعرفوا انو اكل السمك واحد من اهم الطقوس اللي لازم تعملوها بصيدا كون الشاطئ البحري كبير ازدهرت مهنه صيد السمك وصاروا السواح لازم ينزلوا ولو مره وحده يدوقوا السمك المشوي علي شط صيدا
C:\Users\user\Desktop\audio\audio\078_episode-14-sidon-gateway-to-the-south\2860777-sidon_chunk0017_000405000-000427079.wav,وصار السمك الصيداوي من اشهر واطيب الاسماك علي كل الشط اللبناني للاسف هالمهنه خفت كتير مع التلوث اللي عم يضرب البحر بس بعد بتلاقوا بسطات سمك بسوق سمك صيدا العتيق وخاصه اذا نزلتوا بكير عند الفجر ومن الاكل راح نروح للحلو
C:\Users\user\Desktop\audio\audio\078_episode-14-sidon-gateway-to-the-south\2860777-sidon_chunk0018_000426079-000451500.wav,فصيدا مدينه مشهوره بحلوياتها الشهيه ومحلات الحلو فيها بتتنافس لتقدم الاشهي للزوار والمهضوم بالموضوع انو في بعض الحلويات اخدت اسمها من اسماء عيل صيدا مثلا عيله السنيوره صار عندها حلو اسمو السنيوره عيله السمره كمان عندها حلو اسمو السمره
C:\Users\user\Desktop\audio\audio\078_episode-14-sidon-gateway-to-the-south\2860777-sidon_chunk0019_000451079-000455480.wav,وهالنوعين من الحلو بعدهن بينعملوا بالصناعه اليدويه كمان
C:\Users\user\Desktop\audio\audio\078_episode-14-sidon-gateway-to-the-south\2860777-sidon_chunk0020_000457179-000459380.wav,المعمول الصغير
C:\Users\user\Desktop\audio\audio\078_episode-14-sidon-gateway-to-the-south\2860777-sidon_chunk0021_000460559-000465480.wav,البقلاوه الكنافه المدقوقه اللوزيه
C:\Users\user\Desktop\audio\audio\078_episode-14-sidon-gateway-to-the-south\2860777-sidon_chunk0022_000468219-000492555.wav,من هون وبتروحوا بتعملوا كسدوره علي كورنيش صيدا من هون لحتي حكينا عن معظم الاشيا بصيدا بس اهم شي هوي شعب وسكان صيدا اللي منسميهن الصيداويين واللي بيحملوا بلهجتهن كتير من حكايات صيدا المميزه خلصت حلقتنا عن صيدا لليوم بتمني تكونوا استمتعتوا فيها انا دارين بحلقه
C:\Users\user\Desktop\audio\audio\079_episode-13-arabized-turkish-words\2796721-arabized-turkish-words-in-the-lebanese-dialect_chunk0000_000000000-000024459.wav,مرحبا لكل مستمعيننا واصدقائنا عاللانغويج وايف بحلقه جديده معي انا مريم رح نتعلم خلالا حوالي سبعه وعشرين سبعة و عشرون مفرده او كلمه محكيه باللهجه اللبنانيه هالمفردات او الكلمات المميز فين انو هني اساسا مش كلمات عربيه بس نحنا منستعملن كانن عربي معربين يعني
C:\Users\user\Desktop\audio\audio\079_episode-13-arabized-turkish-words\2796721-arabized-turkish-words-in-the-lebanese-dialect_chunk0001_000023459-000036315.wav,وهاي الكلمات دخلت عاللغه بسبب احداث مرق فيها لبنان قديما وتحديدا اللي رح نحكي عنن اليوم فاتو علغتنا ايام السيطره العثمانيه علبنان
C:\Users\user\Desktop\audio\audio\079_episode-13-arabized-turkish-words\2796721-arabized-turkish-words-in-the-lebanese-dialect_chunk0002_000037491-000065019.wav,بوقتا لبنان ما كان بعد اسمو لبنان كان هو وسوريا وفلسطين والاردن كلن مع بعض اسمن بلاد الشام قبل تقسيم سايكس بيكو وسايكس بيكو هي اتفاقيه تم توقيعا بين فرنسا وبريطانيا لتقسيم الدول العربيه بيناتن بمنطقه بلاد الشام سنه ألف و تسعمائة و ستة عشر بعد سقوط الدوله او السلطنه العثمانيه
C:\Users\user\Desktop\audio\audio\079_episode-13-arabized-turkish-words\2796721-arabized-turkish-words-in-the-lebanese-dialect_chunk0003_000064680-000074173.wav,فاذا موضوعنا اليوم كلمات تركيه صرنا نحكيا بلهجتنا كانها عربيه الدوله العثمانيه
C:\Users\user\Desktop\audio\audio\079_episode-13-arabized-turkish-words\2796721-arabized-turkish-words-in-the-lebanese-dialect_chunk0004_000076624-000101253.wav,وضمتا لسلطنتا لمده اربع أربعة قرون والقرن هو ميه مائة سنه يعني ضلينا اربع ميه أربعمائة سنه تحت السيطره العثمانيه سنين طويله تركت اثار كتير كبيره عمنطقتنا ومن اثارا اللي ما كتير بعد مننتبهلا اليوم هي الكلمات التركيه اللي تعربت ودخلت عاحادثينا اليوميه كلنا بالبيت عنا شي منقلو قازان
C:\Users\user\Desktop\audio\audio\079_episode-13-arabized-turkish-words\2796721-arabized-turkish-words-in-the-lebanese-dialect_chunk0005_000105760-000118551.wav,ليصير عنا ماي سخنه القازان هي كلمه تركيه وبالعربي معناها سخان المي واذا انقطعت المي منسحب مي عالخزان بشغله منقلا الطرمبه
C:\Users\user\Desktop\audio\audio\079_episode-13-arabized-turkish-words\2796721-arabized-turkish-words-in-the-lebanese-dialect_chunk0006_000120589-000134011.wav,الطرمبه كلمه تركيه بالعربي بتعني مضخه وهي متل موتور زغير بضخ مي عالخزان بالبرد كمان خاصه بالضيع او القري الجبليه منولع نار بشي منقلو صوبا او وجاق
C:\Users\user\Desktop\audio\audio\079_episode-13-arabized-turkish-words\2796721-arabized-turkish-words-in-the-lebanese-dialect_chunk0007_000135320-000137025.wav,وصوبا كمان كلمه تركيه
C:\Users\user\Desktop\audio\audio\079_episode-13-arabized-turkish-words\2796721-arabized-turkish-words-in-the-lebanese-dialect_chunk0008_000138139-000142908.wav,بتدل علي منشغل فيا نار بماده المازوت
C:\Users\user\Desktop\audio\audio\079_episode-13-arabized-turkish-words\2796721-arabized-turkish-words-in-the-lebanese-dialect_chunk0009_000144645-000171619.wav,والا مدخنه موصوله بالسقف حتي تطلع دخنه النار لبرا البيت وبمتل هيك ايام بارده اطيب شي بالاكل هو الشوربه السخنه الشوربه كلمه تركيه بالعربي معناها حساء وهو نوع من الاكل اللي بيجي سائل متل شوربه العدس الفطر او الخضره الشوربه وغيرا من انواع الاكل منطبخن عاده بشي منقلو طنجره
C:\Users\user\Desktop\audio\audio\079_episode-13-arabized-turkish-words\2796721-arabized-turkish-words-in-the-lebanese-dialect_chunk0010_000171059-000175460.wav,وطنجره هي كلمه تركيه الوعاء اللي
C:\Users\user\Desktop\audio\audio\079_episode-13-arabized-turkish-words\2796721-arabized-turkish-words-in-the-lebanese-dialect_chunk0011_000177199-000188585.wav,اذا وصلنا ماخرين عالبيت وعنا شي بدنا نلحقو بعد وقت قصير منقول وصلت عالبيت ماخر وانجا لحقت اكل قبل ما ارجع اضهر
C:\Users\user\Desktop\audio\audio\079_episode-13-arabized-turkish-words\2796721-arabized-turkish-words-in-the-lebanese-dialect_chunk0012_000190759-000208565.wav,انجا كلمه تركيه ومعناها العربي بالكاد او بتعبير عامي تاني يا دوب لحقت اكل بلبنان بدل ما نقول غرفه غالبا منستعمل كلمه اوضه للي هي كمان كلمه تركيه سعر البيت
C:\Users\user\Desktop\audio\audio\079_episode-13-arabized-turkish-words\2796721-arabized-turkish-words-in-the-lebanese-dialect_chunk0013_000210660-000219245.wav,يعني حسب عدد الغرف بالبيت او الغرف بالبيت عاده منحط صور ببرواز منعلقن
C:\Users\user\Desktop\audio\audio\079_episode-13-arabized-turkish-words\2796721-arabized-turkish-words-in-the-lebanese-dialect_chunk0014_000221039-000248440.wav,بهالجمله عنا كلمتين من اللغه التركيه الاولي هي برواز ومنستعملا بمعني اطار او كادر للصوره اما التانيه فهي كلمه رف وللي منستعملا بمعني اللوح الخشب او الحديد للي بيتعلق عالحيط او بالخزانه لنحط علي غراض بس نقرا كتاب بالسهره منقعد ع الكنبايه وضروري نضوي اللمبه
C:\Users\user\Desktop\audio\audio\079_episode-13-arabized-turkish-words\2796721-arabized-turkish-words-in-the-lebanese-dialect_chunk0015_000247820-000254692.wav,اللمبه كلمه تركيه كمان ومعناها بالعربه مصباح او يعني القطعه
C:\Users\user\Desktop\audio\audio\079_episode-13-arabized-turkish-words\2796721-arabized-turkish-words-in-the-lebanese-dialect_chunk0016_000262912-000290940.wav,سفنج بالصالون او بقوضه القعده واذا حبينا نكتب ملاحظات نحنا وعم نقرا منكتبن عشي منقلو دفتر للي هو متل كتاب بس وراقو فاضيه الدفتر كمان كلمه تركيه بس تخلص السهره ويجي وقت النوم منفوت عاوضتنا ومننام عال تخت وفرشه التخت عاده منغطيها بقطعه قماش كبيره منقلا شرشف
C:\Users\user\Desktop\audio\audio\079_episode-13-arabized-turkish-words\2796721-arabized-turkish-words-in-the-lebanese-dialect_chunk0017_000285034-000313386.wav,التخت والشرشف تنيناتن كلمات تركيه اذا اشترينا طاوله جديده او اي غرض بيتركب منستعمل برغي او براغي حتي نوصل القطع ببعض كلمه برغي اجت من التركي وبتعني بالعربي المسمار اللولبي يعني اللي منبرمو حتي يقعد بمكانو بدل ما ندقو
C:\Users\user\Desktop\audio\audio\079_episode-13-arabized-turkish-words\2796721-arabized-turkish-words-in-the-lebanese-dialect_chunk0018_000313440-000322337.wav,واذا كنا عم نستعمل مسمار مندقو بشي بلبنان منقلو شاكوش اللي هو كلمه تركيه بالعربي معناتا مطرقه
C:\Users\user\Desktop\audio\audio\079_episode-13-arabized-turkish-words\2796721-arabized-turkish-words-in-the-lebanese-dialect_chunk0019_000325820-000346339.wav,بلبنان منستخدم كلمه دونم لندل علي مساحه ارض مثلا فمنقول بيتنا بالضيعه معمر بارض مساحتا تلاته ثلاثة دونم وحده هالقياس اخدناها من ايام الدوله العثمانيه وصرنا نستعملا بلبنان وسوريا وفلسطين كل واحد واحد دونم ارض هو الف ألف متر مربع
C:\Users\user\Desktop\audio\audio\079_episode-13-arabized-turkish-words\2796721-arabized-turkish-words-in-the-lebanese-dialect_chunk0020_000346320-000373200.wav,الفلاحين اذا بدن يضهرو عالارض يشتغلو بعد ليله شتا وفي وحل كتير او طين بالارض بيلبسو جزمه الجزمه كمان كلمه تركيه وبتدل علي الحذاء الشتوي العالي واللي غالبا بكون من بلاستيك او مطاط حتي ما يفوت رطوبه ابدا اذا كنت زهقان بالبيت وضايق خلقك بتقرر تطلع لبرا عالطريق اتكزدر اتكزدر
C:\Users\user\Desktop\audio\audio\079_episode-13-arabized-turkish-words\2796721-arabized-turkish-words-in-the-lebanese-dialect_chunk0021_000373174-000383511.wav,هي الفعل الي جاي من كلمه كزدوره اللي اصلا تركي ومنستعملا بلبنان تطلع تتمشي او حتي
C:\Users\user\Desktop\audio\audio\079_episode-13-arabized-turkish-words\2796721-arabized-turkish-words-in-the-lebanese-dialect_chunk0022_000384880-000413820.wav,واذا قبل ما تضهر من البيت امك اصرت تحمل معك شمسيه لان يمكن يصير شتا بتقلا انت وبلكي ما شتت بلكي جاي من كلمه تركيه وبتعني يمكن او لطرح احتمالات اذا حدا عالشارع طلب ندلو عطريق او كيف يوصل عمكان معين اذا كان هالمكان اخر الشارع منقلو بتضلك مكفي دغري بتلاقيه عايدك اليمين
C:\Users\user\Desktop\audio\audio\079_episode-13-arabized-turkish-words\2796721-arabized-turkish-words-in-the-lebanese-dialect_chunk0023_000415491-000421700.wav,دغري كلمه تركيه معناتا هون انو بتضلك ماشي خط واحد لا بتروح يمين ولا شمال كمان كلمه
C:\Users\user\Desktop\audio\audio\079_episode-13-arabized-turkish-words\2796721-arabized-turkish-words-in-the-lebanese-dialect_chunk0024_000429320-000436355.wav,رح خلص هالشغله دغري عالسريع يعني واجي لعندك بس نوقف
C:\Users\user\Desktop\audio\audio\079_episode-13-arabized-turkish-words\2796721-arabized-turkish-words-in-the-lebanese-dialect_chunk0025_000439839-000463619.wav,الدرابزين اجت من كلمه تركيه بتدل علي الحاجز او الاطار الحديد اللي بينحط علي حدود البرنده وهالاطار مندهنو بماده بلبنان منقلا بويا والبويا كمان كلمه تركيه تعربت وبتعني الدهان او الطلاء او الماده الملونه للي منلون فيا الحيطان او الدرابزين من اللغه التركيه
C:\Users\user\Desktop\audio\audio\079_episode-13-arabized-turkish-words\2796721-arabized-turkish-words-in-the-lebanese-dialect_chunk0026_000469559-000492074.wav,الفستان هو نوع من التياب للي بيلبسو البنات والطربوش هو متل طقيه عاليه للرجال متعارف علونو يكون احمر والطربوش اساسا ما كان معروف عنا ولا كنا نلبسو قبل السيطره العثمانيه عبلادنا وبس نبعت الولاد عالمدرسه او حدا يروح عالجامعه او عالشغل بيحمل معو شنطه فيا كتبو او ملفاتو وغراضو كمان كلمه
C:\Users\user\Desktop\audio\audio\079_episode-13-arabized-turkish-words\2796721-arabized-turkish-words-in-the-lebanese-dialect_chunk0027_000500359-000510588.wav,اذا بتعرف حدا بضل نعسان وتعبان وما مالو خلق يتحرك او يعمل اي شي هيدا الشخص بلبنان منقلو تنبل
C:\Users\user\Desktop\audio\audio\079_episode-13-arabized-turkish-words\2796721-arabized-turkish-words-in-the-lebanese-dialect_chunk0028_000650797-000652494.wav,او تمبل وهي كلمه تركيه بتعني شو رايكن لهالحلقه نكتفي بهالكمات اللي شرحناهن ونعيدن مع معناهن حتي ساعدكن تتذكروون منيح القازان هو سخان المي الطرمبه هي مضخه المي الصوبا هي موقده المازوت او الطنجره هي الغرض اللي منطبخ فيه اكل عالنار انجا يعني يا دوب او بالانكليزي barely اوضه يعني غرفه او الرف هو لوح معلق عحيط او بخزانه لنحط علي غراض اللمبه يعني ضو الكهربا او بالانكليزي lamp الكنبايه هي نوع كرسي منقعد عليه او بالانكليزي couch الدفتر هو مجموعه ورق فاضيه بكتاب منكتب علين التخت هو الشي اللي مننام عليه الشرشف هو قطعه القماش اللي منغطي فيا فرشه التخت بلبنان بدل ما الشاكوش هي الاله اللي مندق فيا المسمار او hammer دونم هي مساحه الف واحد صفر متر مربع الجزمه هي الحذاء الشتوي العالي بتعني او بالانكليزي يعني maybe دغري يعني بسرعه او لقدام بنفس الاتجاه درابزين معناها اطار البرنده الحديد او بالانكليزي railing بتعني او الفستان هو نوع لبس نسائي او dress بالانكليزي الشنطه هي الحقيبه ورح زيد هلا كلمه متعلقه بالشنطه وهي الجزدان للي منقولا باللبناني عن الحقيبه او الشنطه النسائيه يعني ال purse او
C:\Users\user\Desktop\audio\audio\079_episode-13-arabized-turkish-words\2796721-arabized-turkish-words-in-the-lebanese-dialect_chunk0029_000656080-000667755.wav,بتمني يكونو شكلو هالكلمات اضافه لالكن كتير حلو نكون عارفين شو هي الكلمات العاميه للي منحكيا بلهجتنا واحاديثنا اليوميه مع انا مش غريبه
C:\Users\user\Desktop\audio\audio\080_episode-12-hamra-street\2736703-hamra-street_chunk0000_000547075-000551700.wav,مرحبا انا دارين واليوم حلقه مميزه عن نجم من نجوم بيروت ما بس هالمره مش عم نحكي عن شخص عم نحكي عن شارع الحمرا بمنطقه راس بيروت اخترت احكي عن شارع الحمرا لانو عايش علي مدار السنه وبكل الاوقات شارع عمل وضجي وشغل بنهار وشارع هالشارع هو الشارع الوحيد اللي ما بنام بكل بيروت ولهيك ما فيك ما توقف عندو وتحكي عنو شارع الحمرا طولو اليوم حوالي ألف و ثلاثمائة متر ببلش من الجهه الشرقيه وتحديدا من حد وزاره السياحه اللبنانيه وبينتهي عند جهه الغرب تحديدا عند دكان قديم ببيروت كان اسمو زاويه ابو طالب يعني شارع الحمرا بيربط راس بيروت بوسط بيروت ولنبلش ب حكايه هالشارع بتقول القصه انو شارع الحمرا بمطلع القرن الخامس عشر ميلادي كان يتردد عليه بني الحمرا اللي هوي لقب لمجموعه من الناس لحتي يبيعو محاصيلن الزراعيه وبوقتا نتيجه اقامه بني الحمرا بهالمنطقه سميت بالاول ب كرم الحمرا وبعدين اختفت كلمه كرم لتصير بس الحمرا الحمرا بلبنان كان شارع صغير بالكاد يمرق فيه حنطور مره وحده باليوم وكبر هالشارع وتطور العمران ببيروت و ضواحيها وصار عندو قصص كتير تنحكي اول بناء عصري علي الطراز الحديث بالحمرا كان بيت بناه بروفيسور سيلي سنه ألف و تسعمائة و ثلاثة و عشرونم وكان وقتا ما في زفت بالشوارع وكرمال هالبيت قامت بلديه بيروت ب تزفيت شارع الحمرا سنه ألف و تسعمائة و ثلاثة و ثلاثون وصار يكتر العمران ببيروت وتكتر الناس اللي اختارت مدينه بيروت كمسكن لالن ومن البيوت صار في بنايات ومحلات ومقاهي ومسارح ليكتمل المشهد الحيوي اللي بيخللي اي شارع يعيش وما فينا نحكي عن الحمرا بلا ما نحكي عن مقاهي الحمرا وكلمه مقهي يعني قهوه او كافيه واللي بيميز المقهي هو انو بكون جزء من قعدتو علي الرصيف بالشارع لحتي يستمتع الناس بمراقبه بعضها وبصير هالرصيف مع الوقت مركز بيجي عليه الادبا والشعرا والفنانين من الصبح للصبح وما فينا نحكي عن المقاهي بلا ما نحكي عن مقهي الهورس شو اللي كان من اشهر المقاهي للمثقفين الهورس شو سكر فصارو يروحو علي كافيه دو باريس اللي كمان سكر بدورو متلو متل كتير مقاهي بالحمرا شارع الحمرا يعد من اهم مظاهر السياحه بلبنان بيجو عليه السواح من مختلف انحاء العالم للاقامه بالاوتيلات الفخمه والتسوق بالمحلات التجاريه الفخمه واكيد لزياره المسارح و المسارح بالحمرا هي جزء من ثقافه هالمدينه وعلي مسافه كل الشارع بيمتد اكتر من مسرح بتنتشر علي جوانب الطريق بالحمرا عدد كبير من المتاجر المتنوعه من الملابس للمجوهرات للاحذيه للطعام والكتب و الحرف اليدويه فاحسن مكان تشتري هدايا تذكاريه هو من محلات شارع الحمرا ببيروت وهالمحلات بتلحق الموضه العالميه وعندا كتير ناس بيقصدوا بتضم عدد كبير من علي بيروت ليكملوا دراستن بهالجامعات مثل الجامعه الامريكيه الجامعه اللبنانيه هالمزيج من التلاميذ بالجامعات والمثقفين و السواح وعامه الشعب والسكان هو اللي بيخلق هالمزيج الحلو و التنوع اللي ممكن يخلي اي مدينه ترجع للحياه الحرب اللبنانيه تركت اثر كبير علي منطقه الحمرا ودارت حرب طاحنه بين الميليشيات اللي سيطرت علي بيروت بالحرب الاهليه سنه ألف و تسعمائة و خمسة و سبعون واكلت الحمرا نصيب كبير من الدمار والقتل و الرصاص اللي بعدو لهلا اثارو موجوده علي كتير من ابنيتا القديمه في كتير من هالابنيه ما بقي معروف مصير اهلا واصحابا وبعضها الاخر استغل رسامين الغرافيتي موهبتن ليرسمو علي حيطانا رسومات لمشاهير لبنانيه متل فيروز وصباح او جمل بيخلدو فيا اقوال حلوه عالميه عن لبنان متل لبنان يا قطعه سما ردني الي بلادي او ام الشرائع بيروت وبالعوده للمسارح بالحمرا ف الحركه المسرحيه ناشطه علي مدار السنه و يمكن من انشط الحركات المسرحيه بالمنطقه العربيه اول مسرح لازم نحكي عنو بالحمرا هوي مسرح البيكاديللي اللي كان من اشهر واول المسارح اللبنانيه واكثرا نشاطا بعدو اسمو متداول بالرغم من انو صرلو سبعة عشر سنه مقفل خشبه مسرح البيكاديللي قدم عليا كتير عروض مميزه من ناحيه الاخراج والتمثيل و احتضنت مسرحيات لبنانيه شهيره وخاصه للاخوين الرحباني متل هاله والملك لولو بترا و العشرات غيرا وكمان مسرحيات عربيه متل مدرسه المشاغبين والواد سيد الشغال وكانت هالعروض تضلا بمسرح البيكاديللي علي اشهر طويله المشاهير يمشوا بشارع الحمره ويتصوروا بين الجماهير ملحم بركات شوشو داليدا عادل امام وفيروز احترق هالمسرح سنه الألفا ومعو احترق جزء كبير من الثقافه اللبنانيه وهلا مسرح البيكاديللي مسكر بانتظار حدا بيعرف قيمه الفن يرممو ويرجعلو عصرو الدهبي و مسرح المدينه كمان هو من اشهر مسارح المدينه اسستو المخرجه والممثله نضال الاشقر واللي يعد حاليا من اشهر منصات العرض ببيروت ولازم احكيلكن عن مكتبه عصام عياد بالحمرا هالزلمه صرلو من سنه ألف و تسعمائة و ثلاثة و سبعون فاتح مكتبتو وكان يسمي الزمن القديم ايام عز الحمرا مكتبه عياد فيا كل الكتب القديمه النادره والكاسيتات لمشاهير المطربين والفنانين عن شارع الحمره وبذكر منهن اغنيه للفنان خالد الهبر خدني معك وديني ع شارع الحمرا خدني معك تحلالي بالحمرا السكره اشرب كاس المحبه بشي قهوه عالرصيف احكي عن انظم شعر لعيون الحلوه البنت السمرا انا سكنت بالحمرا طوال فتره دراستي الجامعيه وبقيت دور علي بيت من بيوت بيروت القديمه لاستاجرو حسيت انو السكن ببيت قديم بخليني حس بهالمدينه اكتر والشي اللي بضحك انو بنص الحمرا كنت فيق علي صوت صياح الديك كل يوم كانو بالجبل كيف و ليش ما بعرف المنبه بصيح وبتذكر كمان يوم اللي قررت كافيه المودكا تسكر ويجي مطرحا محل تياب رحنا كلنا بالجامعه وعملنا مظاهره لحتي تضل المودكا كافيه اللي كنا نقعد عليا ونكتب مشاهد مسرحيه فاتحه بس ما اخدنا تذكار منفضه صغيره بعدا عندي لحديت اليوم كل شكل ولون هني سكان الحمرا وجوهن جديده وقديمه كل يوم الناس شو هني الاماكن اللي راح تشوفو انو شارع الحمرا واحد منن زوروا واستمتعو بفنجان قهوه بالشمس علي رصيف الحمرا بالنهار وبسهره وناس كلن حياه بالليل انا دارين انطروني بحلقه جديده قريبا
C:\Users\user\Desktop\audio\audio\081_episode-11-months-and-seasons-of-the-year\2673052-months-and-seasons-of-the-year_chunk0000_000000000-000013720.wav,مرحبا من جديد مستمعيننا عاللانغويج وايف انا مريم وبحلقتنا اليوم رح نتعلم سوا شهور و فصول السنه بطريقه مسليه واكيد رح تضل بذاكرتكن
C:\Users\user\Desktop\audio\audio\081_episode-11-months-and-seasons-of-the-year\2673052-months-and-seasons-of-the-year_chunk0001_000015104-000029213.wav,من نحنا وصغار بلبنان بقولولنا بكتاب الجغرافيه بالمدرسه لبنان يتمتع بطقس معتدل واربعه فصول في السنه يعني وحده من مميزات موقع لبنان الجغرافيا انه عنده طقس معتدل
C:\Users\user\Desktop\audio\audio\081_episode-11-months-and-seasons-of-the-year\2673052-months-and-seasons-of-the-year_chunk0002_000052380-000061279.wav,الخريف الشتا والربيع رح اوصفلكن شوي عن هالفصول حتي تقدرو تحفظو اسمائن وتعرفو كل واحد اي فصل هو حسب لغاتكن التانيه الصيف اللي هو فصل الشوب واللي بتطلع فيه درجات الحراره كتير الخريف هو فصل معتدل نوعا ما وبتنزل شوي درجات الحراره فيه ورق الشجر
C:\Users\user\Desktop\audio\audio\081_episode-11-months-and-seasons-of-the-year\2673052-months-and-seasons-of-the-year_chunk0003_000066594-000076140.wav,فصل المي والبرد والبرق والرعد والعواصف هو حبيب الكل فصل الخضار
C:\Users\user\Desktop\audio\audio\081_episode-11-months-and-seasons-of-the-year\2673052-months-and-seasons-of-the-year_chunk0004_000078189-000084400.wav,بدوب التلج وببان المرج المرج هو الارض المليانه عشب اخضر
C:\Users\user\Desktop\audio\audio\081_episode-11-months-and-seasons-of-the-year\2673052-months-and-seasons-of-the-year_chunk0005_000085873-000089973.wav,العربي بشكل عام كل شهر بالسنه
C:\Users\user\Desktop\audio\audio\081_episode-11-months-and-seasons-of-the-year\2673052-months-and-seasons-of-the-year_chunk0006_000092379-000110680.wav,اسماء الشهور عنا اجت من اللغه والرزنامه السريانيه الرزنامه هي متل ورقه او مجموعه ورق بتضمن تواريخ الايام والشهور و مواقيت يعني اوقات ومواقيت طلوع الشمس و الغروب لمده سنه
C:\Users\user\Desktop\audio\audio\081_episode-11-months-and-seasons-of-the-year\2673052-months-and-seasons-of-the-year_chunk0007_000109680-000136679.wav,والسريانيه او السريان هني شعب عاشو قديما بمنطقه بلاد الشام وكانو من اقدم الشعوب اللي اعتنقت او امنت بالدين المسيحي وساهمو بنشرو حتي وصل لشرق اسيا اما الامتال عن الشهور اهم ما فيا انا بتعرفنا علي طقس كل شهر و طبيعتو شو رايكن نبلش فين من اول شهر بالسنه
C:\Users\user\Desktop\audio\audio\081_episode-11-months-and-seasons-of-the-year\2673052-months-and-seasons-of-the-year_chunk0008_000087939-000089973.wav,شهر بالسنه
C:\Users\user\Desktop\audio\audio\081_episode-11-months-and-seasons-of-the-year\2673052-months-and-seasons-of-the-year_chunk0009_000139559-000155085.wav,بعرف انو شوي صعب نتذكرا لان منطقيه اكتر يكون اسمو كانون الاول كونو اول شهر بس كانون الاول هو اخر شهر بالسنه يعني شهر اثنا عشر وبهاك كانون الثاني
C:\Users\user\Desktop\audio\audio\081_episode-11-months-and-seasons-of-the-year\2673052-months-and-seasons-of-the-year_chunk0010_000158253-000171860.wav,هني من ولهيك معروف عنن متل بيستعملوه الناس وقت بدن يدلو اديش في شغله مسقعه يعني بارده او حتي ليوصفو بروده اعصاب حدا يعني
C:\Users\user\Desktop\audio\audio\081_episode-11-months-and-seasons-of-the-year\2673052-months-and-seasons-of-the-year_chunk0011_000174746-000184201.wav,فبقولو عنو ابرد من ميه كانون وهيدا بدل عالبرد اللي بصير بكانون لدرجه انو بروده ميتو صارت مضرب متل
C:\Users\user\Desktop\audio\audio\081_episode-11-months-and-seasons-of-the-year\2673052-months-and-seasons-of-the-year_chunk0012_000186440-000193853.wav,والمتل التاني بقول عرس المجانين بكوانين وهي متل مزحه علي انو ما في غير حدا مجنون بيعمل عرسو بهالشهرين اد في
C:\Users\user\Desktop\audio\audio\081_episode-11-months-and-seasons-of-the-year\2673052-months-and-seasons-of-the-year_chunk0013_000198100-000225580.wav,وكلمه كانون بقولو انها مشتقه من كلمه كن باللغه السريانيه مشتقه يعني جايه من وبتعني الثبات والاستقرار لان الناس قديما بهالشهرين كانت تقعد بالبيت وتوقف شغل بالارض والزراعه بسبب قساوه الطقس والعواصف وكانون كمان هي كلمه مستخدمه بالاحاديث اليوميه بتعني موقد النار او الفحم
C:\Users\user\Desktop\audio\audio\081_episode-11-months-and-seasons-of-the-year\2673052-months-and-seasons-of-the-year_chunk0014_000226199-000228079.wav,شباط هو
C:\Users\user\Desktop\audio\audio\081_episode-11-months-and-seasons-of-the-year\2673052-months-and-seasons-of-the-year_chunk0015_000229579-000232580.wav,والمتل عن شباط بقول شباط اللباط
C:\Users\user\Desktop\audio\audio\081_episode-11-months-and-seasons-of-the-year\2673052-months-and-seasons-of-the-year_chunk0016_000233710-000248723.wav,ما علي كلامو رباط والمتل بدل علي تقلبات الطقس الحاده يعني القاسيه بين اجواء الربيع واجواء الشتا البارده وكمان بيستعملوه لهالمتل لمن بدن يحكو عن شخص كتير بغير رايو او مواقفو
C:\Users\user\Desktop\audio\audio\081_episode-11-months-and-seasons-of-the-year\2673052-months-and-seasons-of-the-year_chunk0017_000250779-000277827.wav,وفي عباره تانيه بتنقال عن شباط وهي بشباط رعد و برق بس قد ما شبط ولبط ريحه الصيف فيه وبتعني انو لو قد ما بكون شهر شباط بارد بتضل ريحه دفي الربيع والصيف فيه كونو اخر شهر بفصل الشتا وكلمه شباط بقولو اصلا من كلمه شبط السريانيه وبتعني الضرب او الجلد بالسوط
C:\Users\user\Desktop\audio\audio\081_episode-11-months-and-seasons-of-the-year\2673052-months-and-seasons-of-the-year_chunk0018_000279194-000307420.wav,السوط يعني متل الكرباج او الرياح يعني الهوا القوي كتير تالت شهر بالسنه هو اذار خبي فحماتك الكبار لاذار هيك الناس بتقول كل ما صار موجه برد قويه بهالشهر اللي تقريبا بتلتو التاني ببلش فصل الربيع المتل انقال لان من زمان الناس كانت تتحضر للدفي اللي بدو يجي باذار بما ان الشتا خلص
C:\Users\user\Desktop\audio\audio\081_episode-11-months-and-seasons-of-the-year\2673052-months-and-seasons-of-the-year_chunk0019_000307751-000335739.wav,و تتفاجا بموجات البرد القاسيه اللي تجي بهالشهر فاجا هالمتل ليحذر او ينبه الناس انو ما يشيلو او يضبو الدفايات والسجاد بهالشهر لان البرد بعد ما خلص بقولو انو اصل كلمه اذار اجا من كلمه سريانيه بتدل علي الصوت القوي اللي منسمعو من الرعد والعواصف اما الشهر الرابع بالسنه فهو نيسان
C:\Users\user\Desktop\audio\audio\081_episode-11-months-and-seasons-of-the-year\2673052-months-and-seasons-of-the-year_chunk0020_000335820-000356859.wav,وهو عند اغلب الناس من اجمل شهور السنه شتا نيسان بيحي الانسان هيك قالو عن هالشهر لان الشتا فيه خفيف و بينعش الطبيعه والزرع بيرجع كل شي اخضر وببلش الدفي ومع كل شتوه ريحه تراب الارض بتقوي وبتحلي
C:\Users\user\Desktop\audio\audio\081_episode-11-months-and-seasons-of-the-year\2673052-months-and-seasons-of-the-year_chunk0021_000356959-000372239.wav,اسم نيسان اجا من كلمه نيسانو او نوساني السريانيه وبتعني حسب ما لقيت بالبحث البدايه والحركه ايار هو الشهر الخامس بالسنه وفيه عنو متلين
C:\Users\user\Desktop\audio\audio\081_episode-11-months-and-seasons-of-the-year\2673052-months-and-seasons-of-the-year_chunk0022_000374540-000382519.wav,اول واحد هو بايار بطير الغمار والغمار هو كومه الزرع اللي حصدوه الفلاحين
C:\Users\user\Desktop\audio\audio\081_episode-11-months-and-seasons-of-the-year\2673052-months-and-seasons-of-the-year_chunk0023_000383946-000396375.wav,والمتل بدل عالهوا او الرياح القويه اللي بتجي بايار وبتطير كومات الزرع المحصود او المقطوف يعني بايار ضهر بقراتك من
C:\Users\user\Desktop\audio\audio\081_episode-11-months-and-seasons-of-the-year\2673052-months-and-seasons-of-the-year_chunk0024_000398899-000414339.wav,وهالجمله بتدل انو الدفي اجا والصيف قرب وصار الناس فيها تضهر الحيوانات عندا ترعي يعني تتمشي وتاكل بالبريه والطبيعه كلمه ايار بينحكي بمعنيان لالا انا
C:\Users\user\Desktop\audio\audio\081_episode-11-months-and-seasons-of-the-year\2673052-months-and-seasons-of-the-year_chunk0025_000418019-000438179.wav,وتاني معني هو الزهر ربطا بزهر الربيع بهالشهر اما عن حزيران واللي هو سادس شهر بالسنه بقول المتل بحزيران بصير العجين خمران علي بدايه الشوب وارتفاع او زياده الحراره بحزيران
C:\Users\user\Desktop\audio\audio\081_episode-11-months-and-seasons-of-the-year\2673052-months-and-seasons-of-the-year_chunk0026_000440739-000455720.wav,بيخمر يعني وقت نحط العجينه عطرف ترتاح و نغلفا حتي تنفخ ويزيد حجما وتصير جاهزه للمد والتقطيع والمعروف انو تخمير العجين بدو دفي او شوب
C:\Users\user\Desktop\audio\audio\081_episode-11-months-and-seasons-of-the-year\2673052-months-and-seasons-of-the-year_chunk0027_000457000-000462050.wav,حزيران هي كلمه سريانيه تعني الحنطه يعني
C:\Users\user\Desktop\audio\audio\081_episode-11-months-and-seasons-of-the-year\2673052-months-and-seasons-of-the-year_chunk0028_000464600-000487839.wav,وهو فعلا بحزيران بكون موسم حصاد والحصاد هو قطف المزروعات خاصه القمح شهر تموز هو الشهر السابع بالسنه واد ما بصير فيه شوب قالو انو بتموز بتغلي المي بالكوز والكوز هو تسميه قديمه لل كبايه او اي شي منشرب فيه
C:\Users\user\Desktop\audio\audio\081_episode-11-months-and-seasons-of-the-year\2673052-months-and-seasons-of-the-year_chunk0029_000488380-000511946.wav,وعن اب اللي هو الشهر التامن بالسنه ومن شهور الصيف كمان قالو اب اللهاب كمان دلاله علي الشوب القاسي والهوا السخن اللي بيجي بهالشهر واب اصله من كلمه اب بالسرياني واللي انقال انا بتعني الثمر او الفواكه المستويه يعني اللي صار فينا نقطفا وناكلا
C:\Users\user\Desktop\audio\audio\081_episode-11-months-and-seasons-of-the-year\2673052-months-and-seasons-of-the-year_chunk0030_000513059-000516340.wav,الشهر التاسع بالسنه هو ايلول
C:\Users\user\Desktop\audio\audio\081_episode-11-months-and-seasons-of-the-year\2673052-months-and-seasons-of-the-year_chunk0031_000518064-000531851.wav,و ايلول طرفو بالشتي مبلول والمتل بدل علي انو باخر ايلول الناس كانت تعتبر انو اكيد رح يصير في شتا ولان بتلتو الاخير بفوت فصل الخريف شهر عشره هو
C:\Users\user\Desktop\audio\audio\081_episode-11-months-and-seasons-of-the-year\2673052-months-and-seasons-of-the-year_chunk0032_000537628-000556020.wav,بين تشرين وتشرين لان فعلا دايما بهالشهرين اللي هني المفروض ضمن فصل الخريف وبتنزل فين درجه الحراره وبصير شويه برد فجاه بترجع بتشوب بيناتن و منحس كان ايام الصيف رجعت
C:\Users\user\Desktop\audio\audio\081_episode-11-months-and-seasons-of-the-year\2673052-months-and-seasons-of-the-year_chunk0033_000557980-000561940.wav,برد تشرين احد من يعني اقسي من ضرب السكين
C:\Users\user\Desktop\audio\audio\081_episode-11-months-and-seasons-of-the-year\2673052-months-and-seasons-of-the-year_chunk0034_000564000-000573970.wav,لان اول البرد بكون صعب بس هاي كانت مزبوطه من زمان اما بهالايام غالبا ما عاد عم يجي برد قاسي بتشارين هي كلمه
C:\Users\user\Desktop\audio\audio\081_episode-11-months-and-seasons-of-the-year\2673052-months-and-seasons-of-the-year_chunk0035_000581369-000583907.wav,والاشهر بالترتيب مره
C:\Users\user\Desktop\audio\audio\081_episode-11-months-and-seasons-of-the-year\2673052-months-and-seasons-of-the-year_chunk0036_000585840-000600239.wav,فصول السنه الاربعه هني الصيف الخريف الشتا والربيع اشهر السنه ال اطنعش اثنا عشر بالترتيب هني كانون التاني شباط اذار نيسان ايار حزيران تموز اب ايلول تشرين الاول
C:\Users\user\Desktop\audio\audio\081_episode-11-months-and-seasons-of-the-year\2673052-months-and-seasons-of-the-year_chunk0037_000616440-000618479.wav,تشرين التاني كانون الاول
C:\Users\user\Desktop\audio\audio\081_episode-11-months-and-seasons-of-the-year\2673052-months-and-seasons-of-the-year_chunk0038_000620840-000643756.wav,بالختام بدي قلكن انو بالنسبه الي شهر نيسان هو اجمل شهر للمشواير يعني الضهرات و الرياضه بالطبيعه والبريه مي وخضار ودفي وكل شي بتحتاجوه لتغيرو جو وتنبسطو لهيك شخصيا بنصحكن تجربو هيدا الشهر باجازاتكن الجاي اللي بتنزلو فيا علبنان
C:\Users\user\Desktop\audio\audio\081_episode-11-months-and-seasons-of-the-year\2673052-months-and-seasons-of-the-year_chunk0039_000644840-000653299.wav,وناطره تخبروني بالتعليقات عالحلقه ايه اكتر اشهر بتزورو فيا لبنان وكيف لقيتو الطقس والطبيعه فيا
C:\Users\user\Desktop\audio\audio\082_episode-10-beiteddine\2028096-beiteddine-palace_chunk0000_000000000-000023500.wav,سلامات انا دارين من لبنان اليوم رح نزور منطقه الشوف بجبل لبنان لنتعرف علي احد اهم المزارات السياحيه فيا وهو قصر بيت الدين او اللي كان اسمو من قبل قصر الامير بشير رح بلش بالاول بشويه وصف لمنطقه الشوف واللي هي منطقه جبليه بقلب جبل لبنان
C:\Users\user\Desktop\audio\audio\082_episode-10-beiteddine\2028096-beiteddine-palace_chunk0001_000023516-000039311.wav,بتبعد عن العاصمه بيروت أربعون كيلومتر يعني حوالي ساعه بالسياره خلال مشواركن علي الشوف رح تستمتع و ب منظر اخضر كتير مميز لان الشجر والصنوبر والزيتون بيميز هالطريق منطقه الشوف
C:\Users\user\Desktop\audio\audio\082_episode-10-beiteddine\2028096-beiteddine-palace_chunk0002_000047935-000052060.wav,بعقلين المختاره واكيد بيت الدين اللي فيا قصر بيت الدين
C:\Users\user\Desktop\audio\audio\082_episode-10-beiteddine\2028096-beiteddine-palace_chunk0003_000053700-000074439.wav,وهو احد ابرز ال معالم التاريخيه اللي محافظه علي اصالتا قصر بيت الدين و اختار نقطه بناؤو لانا بترتفع عن البحر ثمانمائة متر يعني الطقس حلو بالصيف و معتدل بالشتا
C:\Users\user\Desktop\audio\audio\082_episode-10-beiteddine\2028096-beiteddine-palace_chunk0004_000074519-000082880.wav,ولان كان سهل يوصلو المي لهالقصر عبر قنوات مي عذبه من ينابيع قريبه اسما ينابيع الصفا
C:\Users\user\Desktop\audio\audio\082_episode-10-beiteddine\2028096-beiteddine-palace_chunk0005_000084339-000109480.wav,وبقي هالقصر مركز حكم للامير بشير الشهابي وبعدين للحكام اللي تعاقبو عليه خلال فتره الحكم الفرنسي علي لبنان لحديت ما اجا الاستقلال سنه ألف و تسعمائة و ثلاثة و أربعون و رحلت ال جيوش الفرنسيه عن لبنان صار هالقصر بعدين المقر الصيفي الرسمي لرئاسه الجمهوريه
C:\Users\user\Desktop\audio\audio\082_episode-10-beiteddine\2028096-beiteddine-palace_chunk0006_000108599-000114873.wav,واول رئيس سكنو كان رئيس الاستقلال الاول الشيخ بشاره الخوري
C:\Users\user\Desktop\audio\audio\082_episode-10-beiteddine\2028096-beiteddine-palace_chunk0007_000116459-000142300.wav,يعني بيطلعو بصيفو ببيت الدين وبشتو ببعبدا اقرب للساحل يعتبر قصر بيت الدين واحد من اهم واشهر المزارات السياحيه بلبنان بسبب بناؤو المميز كاحد اروع نماذج الفن العربي بالقرن التاسع عشر فمن برا بيتميز هالبناء بال حجر اللبناني ومن الداخل كلو زخارف دمشقيه
C:\Users\user\Desktop\audio\audio\082_episode-10-beiteddine\2028096-beiteddine-palace_chunk0008_000141339-000159720.wav,قام ببناؤو مجموعه من اشطر ال مهندسين اللبنانيين واخرين من المهندسين الاوروبيين و فنانين الفسيفساء من دمشق يللي ما بيعرف شو يعني فسيفساء الفسيفساء هي لوحات ملونه صغيره او كبيره
C:\Users\user\Desktop\audio\audio\082_episode-10-beiteddine\2028096-beiteddine-palace_chunk0009_000161575-000183180.wav,من قطع صغيره من الحجاره وبتتركب وبتتلزق لتعمل لوحات مميزه بتشوفوا بال كنايس باوروبا وبتشوفوا ببعض ال بحيرات بالعالم ولانو هالنوع من الفنون صعب كتير وبدو وقت طويل اخد هالقصر عشرات السنين لحتي يخلص بناؤو
C:\Users\user\Desktop\audio\audio\082_episode-10-beiteddine\2028096-beiteddine-palace_chunk0010_000185326-000187771.wav,استوردوه من
C:\Users\user\Desktop\audio\audio\082_episode-10-beiteddine\2028096-beiteddine-palace_chunk0011_000190555-000197584.wav,هالاصر كتير واسعه وكلها نقوش هندسيه حلوه وزخيرف ملونه
C:\Users\user\Desktop\audio\audio\082_episode-10-beiteddine\2028096-beiteddine-palace_chunk0012_000205209-000211419.wav,الدار الخارجيه والدار الوسطي ودار ال حريم يعني الستات
C:\Users\user\Desktop\audio\audio\082_episode-10-beiteddine\2028096-beiteddine-palace_chunk0013_000213499-000234577.wav,بمطرح خاص لوحدن وكنا نسميه بالاضافه لل حمامات والجنينات والمتحف ايه يا جماعه بقلب قصر بيت الدين في متحف تخايلو معي هالمنظر متل قصور الف ليله وليله من خلال
C:\Users\user\Desktop\audio\audio\082_episode-10-beiteddine\2028096-beiteddine-palace_chunk0014_000235139-000262820.wav,بتوصلنا دغري لساحه كبيره طولا مائة و سبعة متار وعرضا خمسة و أربعون متر يعني كتير عريضه منسميا الميدان وبالميدان كانو يمرنو الخيل يعني الاحصنه ويتمرنو العساكر ويعملو حفلات وسهريات تحت ضو القمر بيرجع عنا الطابق الارضي من القصر وهو فعليا اسطبلات الخيل
C:\Users\user\Desktop\audio\audio\082_episode-10-beiteddine\2028096-beiteddine-palace_chunk0015_000262771-000266377.wav,اسطبلات يعني مطرح ما بتاكل و بتنام الاحصنه
C:\Users\user\Desktop\audio\audio\082_episode-10-beiteddine\2028096-beiteddine-palace_chunk0016_000267499-000294380.wav,وهاي الاسطبلات موجوده بكل القصور القديمه بالجبل كونو ما كان في وسائل تنقل الا علي الاحصنه اما الطابق العلوي يعني اللي فوق فكلو غرف وقاعات للضيوف واللي بيميز هالغرف انا كلا بتطل علي نفس المنظر اللي هو الميدان وبقصر بيت الدين في متحف مهم بيحتوي علي عفش و تياب و اسلحه اثريه
C:\Users\user\Desktop\audio\audio\082_episode-10-beiteddine\2028096-beiteddine-palace_chunk0017_000293540-000310380.wav,وكمان في مجموعه من ال فخاريات الفخاريات يعني ادوات مصنوعه من الفخار من عصور قديمه وكمان فيكن تشوفو مجوهرات رائعه الا قصص وحكايات و قيمتا الماديه كتير عاليه
C:\Users\user\Desktop\audio\audio\082_episode-10-beiteddine\2028096-beiteddine-palace_chunk0018_000312674-000327279.wav,بس بعتقد هو تجربه تانيه انكن تشوفوه انا زرت القصر باخر حفله عملتا فيروز ضمن مهرجانات بيت الدين وكانت اول مره بحضرا واول مره بزورو بالعتم قصر بيت
C:\Users\user\Desktop\audio\audio\082_episode-10-beiteddine\2028096-beiteddine-palace_chunk0019_000330359-000331819.wav,حسيتو معلق بال فضا عنجد هاي الكلمه المزبوطه معلق بالفضا
C:\Users\user\Desktop\audio\audio\082_episode-10-beiteddine\2028096-beiteddine-palace_chunk0020_000335230-000363600.wav,الهوا ريحه الورود الاضاءه القمر اللي بيطلع بوجكن من التلال صوت دعساتي علي الحجار كلا اشيا بتنطبع بالذاكره صوروني هون وصوروني هون وابرم و اتفتل بالساحه و انجا لحقت الحفله افتتحت فيروز السهره باغنيتي المفضله اديش كان في ناس ومرق نجمه طايره بالسما فوق المسرح يمكن تقولو عم امزح بس عنجد هيك صار
C:\Users\user\Desktop\audio\audio\082_episode-10-beiteddine\2028096-beiteddine-palace_chunk0021_000362739-000374480.wav,والناس صارت تحمل قداحات وتضوي وتغني شو حلو هالمكان واديش بيستاهل هالقصر يضل فيه فرح فرح كل الوقت هالقصر
C:\Users\user\Desktop\audio\audio\082_episode-10-beiteddine\2028096-beiteddine-palace_chunk0022_000376380-000405188.wav,يقال انو استغرق ثمانون الف يوم بناء واكتر الاقسام اللي اخدو وقت للبناء هني الحمامات اللي يعتبرو من اجمل تحف العالم العربي فبحسب التقاليد الرومانيه الحمام بيتضمن تلات قاعات في قاعه فاتره يعني دافيه خاصه بالتدليك واخر شي القاعه الساخنه اللي بيتحممو فيا
C:\Users\user\Desktop\audio\audio\082_episode-10-beiteddine\2028096-beiteddine-palace_chunk0023_000405119-000432253.wav,يعني الحمامات لوحدن قد شقه بوقتنا هيدا ومتل ما قلتلكن من قبل كل هالغرف بتطل عالساحه من خلال بلاكين منسمين المندلون وهني بيتميزو بطابع الهندسه اللبنانيه ومش بس المندلون هو فريد من نوعو كمان في احدي الغرف اللي مهدايه علي عامود واحد بس منسميا غرفه العامود
C:\Users\user\Desktop\audio\audio\082_episode-10-beiteddine\2028096-beiteddine-palace_chunk0024_000433019-000461019.wav,والي جانبا قاعه كبيره تسمي الخلوه وهيي مكان مخصص لاجتماعات رجال الدين وفي مكان اخر اسمو المشربيه هو بلكون ومكتب خاص للامير بشير وكان يمضي اغلب وقتو هونيك كل الناس ويقال انو لامارتين الشاعر والكاتب الفرنسي المشهور كان كتير مقرب من الامير بشير
C:\Users\user\Desktop\audio\audio\082_episode-10-beiteddine\2028096-beiteddine-palace_chunk0025_000460019-000485359.wav,وكان يجي لعندو كتير زيارات وكان يوثق فيه الامير بشير كتير لدرجه انو سمحلو يقعد بالحرملك مع عيلتو هيدا الحرملك اللي قلتلكن ممنوع يفوت عليه الا الستات الامير بشير سمح ل لامارتين انو يقعد في وكان لامارتين معجب كتير بشجر التوت اللي حوالين القصر واللي
C:\Users\user\Desktop\audio\audio\082_episode-10-beiteddine\2028096-beiteddine-palace_chunk0026_000488785-000499440.wav,ويصدروه لكل وكمان كان لامارتين يطلب ترجمه ابيات الشعر والنثر الموجوده علي الحيطان
C:\Users\user\Desktop\audio\audio\082_episode-10-beiteddine\2028096-beiteddine-palace_chunk0027_000503563-000512900.wav,من الكتاب المقدس ب العهد القديم قصر بيت الدين مفتوح امام الزوار وال سواح علي مدار السنه الناس
C:\Users\user\Desktop\audio\audio\082_episode-10-beiteddine\2028096-beiteddine-palace_chunk0028_000515258-000517201.wav,علي هالمكان
C:\Users\user\Desktop\audio\audio\082_episode-10-beiteddine\2028096-beiteddine-palace_chunk0029_000520824-000523670.wav,الحجريه اللي بتميز
C:\Users\user\Desktop\audio\audio\082_episode-10-beiteddine\2028096-beiteddine-palace_chunk0030_000525980-000550260.wav,المي بساحه كيف ما كبيت كاميرتك بيطلعلك صور رائعه وكيف ما مشيت بتحس بجمال وهيبه هالقصر وبعد ما صار عمر هالقصر اكتر من مئتا سنه صار اخد موقع فني و ثقافي كبير بلبنان فمثلا صار يقام مهرجانات بيت الدين بشكل سنوي بهالقصر
C:\Users\user\Desktop\audio\audio\082_episode-10-beiteddine\2028096-beiteddine-palace_chunk0031_000550400-000574820.wav,وهالمهرجانات بتستقطب الاف الحشود من الناس اللي بعضن بيجي من السفر خصوصي ليحضرو هالحفلات غني بمهرجان بيت الدين اشهر الفنانين من كل العالم متل فيروز التون جون كريس دو برغ وكانت بكل سهره يرجع يعيش هالقصر من جديد وترجع ترقص حجارتو بالفرح
C:\Users\user\Desktop\audio\audio\082_episode-10-beiteddine\2028096-beiteddine-palace_chunk0032_000574659-000586839.wav,اذا زرتو قصر بيت الدين بالصيف ما تستغربو تشوفو عروس و عريس عم يتصورو بساحاتو وما تستغربوا تشوفوا ولاد مبسوطه عم تطير بلونات ملونه
C:\Users\user\Desktop\audio\audio\082_episode-10-beiteddine\2028096-beiteddine-palace_chunk0033_000590359-000611340.wav,واذا قررتو تزوروه بالشتا فرح تدفيكن قاعاتو الحلوه وتستمتعو بمنظر ال تلج بجبل الشوف انشالله كون حمستكن واستفدتو من حلقتنا كانت هالحلقه عن قصر بيت الدين بلبنان انا دارين تابعوني بحلقه جديده قريبا
C:\Users\user\Desktop\audio\audio\083_episode-9-elie-saab\2308607-elie-saab_chunk0000_000000000-000002846.wav,مرحبا مستمعين اهلا وسهلا
C:\Users\user\Desktop\audio\audio\083_episode-9-elie-saab\2308607-elie-saab_chunk0001_000005900-000032823.wav,اليوم رح نحكي عن شخصيه لبنانيه كان الا تاثير كتير كبير علي لبنان علي الصعيد الداخلي وكمان علي الصعيد الخارجي والعالمي عم نحكي عن شخصيه كلنا منعرفا مصمم الازياء العالمي ايلي صعب بحلقه اليوم رح نتعرف اكتر علي مسيره ايلي صعب علي بداياتو ورح نعرف تفاصيل مش كلنا منعرفا
C:\Users\user\Desktop\audio\audio\083_episode-9-elie-saab\2308607-elie-saab_chunk0002_000032340-000048874.wav,رح نرجع شوي بالزمن لورا ونتعرف علي ايلي بطفولتو وبداياتو خلق ايلي صعب باربعه تموز سنه الأربعة و ستون بمنطقه الدامور بلبنان هو الخي الكبير لعيله مالفه من خمس ولاد
C:\Users\user\Desktop\audio\audio\083_episode-9-elie-saab\2308607-elie-saab_chunk0003_000050148-000064985.wav,بلشت تبين عندو موهبه تصميم الازياء علي عمر كتير صغير علي عمر التسع سنين كان يعمل شي مهنوم كان يجيب جرايد يقصقصن ويعمل منن فساطين ويطلب من اخواته البنات
C:\Users\user\Desktop\audio\audio\083_episode-9-elie-saab\2308607-elie-saab_chunk0004_000067180-000076144.wav,بشكل عام اللي بكون عندو موهبه بتبين هيدي الموهبه علي عمر صغير وهون بيجي دور الاهل ليساعدوه يطورا
C:\Users\user\Desktop\audio\audio\083_episode-9-elie-saab\2308607-elie-saab_chunk0005_000080244-000084867.wav,ليدرس تصميم الازياء بس ما كمل دراستو
C:\Users\user\Desktop\audio\audio\083_episode-9-elie-saab\2308607-elie-saab_chunk0006_000085937-000087972.wav,ليفتح اول
C:\Users\user\Desktop\audio\audio\083_episode-9-elie-saab\2308607-elie-saab_chunk0007_000090712-000103424.wav,الاتولييه هو المحل او المتجر اللي بصمم فيه الفساتين وببيعن وهون فينا نقول انو بلش الاحترافيه الي لانو بنفس السنه عمل اول مجموعه
C:\Users\user\Desktop\audio\audio\083_episode-9-elie-saab\2308607-elie-saab_chunk0008_000106174-000117056.wav,كبير من عالم واكدو علي ابداعو وفنو هلا انا ما بستغرب لما اعرف انو لقي نجاح
C:\Users\user\Desktop\audio\audio\083_episode-9-elie-saab\2308607-elie-saab_chunk0009_000118310-000141399.wav,يمكن لانو انا شخصيا معجب بتصاميم ايلي اللي فيي قول عنا انا سهل ممتنع يعني بتبين سامبل او كلاسيكيه الا انو صعب تنفيذا وكمان بحب بايلي انه ما بيعتمد اسلوب التصاميم المجنونه او الغريبه بالعكس بركز علي الاناقه واظهار المراه بطريقه ملفته
C:\Users\user\Desktop\audio\audio\083_episode-9-elie-saab\2308607-elie-saab_chunk0010_000140580-000151220.wav,كتير منكن عندو الفضول يعرف كيف وصل ايلي صعب علي العالميه انا رح خبركن هي المهمه صراحه ما كانت كتير سهله
C:\Users\user\Desktop\audio\audio\083_episode-9-elie-saab\2308607-elie-saab_chunk0011_000153053-000173586.wav,صعب اول مجموعه الو برا كانت بايطاليا وكان هو اول مصمم عربي بيعرض تصاميمو باسبوع الموضه العالمي بروما وهيك قدر يعمل اول خط ملابس جاهزه المعروفه بالريدي تو وير ready to wear بميلانو وبعدا انتقل علي باريس
C:\Users\user\Desktop\audio\audio\083_episode-9-elie-saab\2308607-elie-saab_chunk0012_000173165-000182272.wav,ومن نجاح لنجاح سنه الألفان و اثنان لبس ايلي صعب الممثله العالميه هالي بيري فستان توزيع جوايز الاوسكارز
C:\Users\user\Desktop\audio\audio\083_episode-9-elie-saab\2308607-elie-saab_chunk0013_000183588-000187483.wav,الا انو اناقه وجمال هيدا
C:\Users\user\Desktop\audio\audio\083_episode-9-elie-saab\2308607-elie-saab_chunk0014_000189275-000207881.wav,الفستان اللي معمول من قماشه شفافه بلون البوردو بغطيها ورد الاخضر كان ميه بالميه لايق عليا من حظ ايلي الحلو ربحت هي افضل ممثله هون صار معروف ايلي صعب انه بلبس نجمات هوليوود من ابرز الشخصيات اللي لبست لايلي صعب
C:\Users\user\Desktop\audio\audio\083_episode-9-elie-saab\2308607-elie-saab_chunk0015_000209260-000220141.wav,هني كتير كتار بس انا رح عد بعضن ملكه الاردن الملكه رانيا اميره السويد فكتوريا تايلر سويفت كايتي بيري
C:\Users\user\Desktop\audio\audio\083_episode-9-elie-saab\2308607-elie-saab_chunk0016_000221578-000242075.wav,ريهانا ماريون كوتيار بيونسي انجلينا جولي وكتير غيرن ومن اهم انجازات ايلي صعب هو انضمامو للغرفه الوطنيه للموضه الايطاليه هو اول مصمم ازياء غير ايطالي بيحصل علي هالمنصب وكمان قدر يكون عضو بال Chambre Syndicale de la Haute Couture الفرنسيه
C:\Users\user\Desktop\audio\audio\083_episode-9-elie-saab\2308607-elie-saab_chunk0017_000244726-000267410.wav,علي فكره هيدا انجاز كتير كبير لمصمم غير فرنسي انا شخصيا و براي الموضوعي بقدر قول انو ايلي صعب قدر من خلال موهبتو يوصل اسم لبنان للعالميه لبنان هيدا البلد الصغير وكمان بكن لايلي صعب احترام كتير كبير لانو هو قدر يطور موهبتو بزمن الحرب بلبنان
C:\Users\user\Desktop\audio\audio\083_episode-9-elie-saab\2308607-elie-saab_chunk0018_000266896-000293992.wav,بوقت الشباب اللي بعمرو كانو عم يحملو سلاح اكيد مش كلن بس قسم كتير كبير كان عم يحمل سلاح قبل ما انهي حلقه اليوم بدي اذكر انه ايلي متزوج من كلودين صعب وعندن تلات ولاد ايلي جنيور ساليو ومايكل عم قول هيدي المعلومه لفرجي انه ايلي هو اب مش بس بيزنس مان businessman او فاشن ديزاينر fashion designer
C:\Users\user\Desktop\audio\audio\083_episode-9-elie-saab\2308607-elie-saab_chunk0019_000293474-000301612.wav,والحلو بالخبريه انه زوجتو كلودين وابنه ايلي جونيور بيشتغلو معو بالبزنس شكرا علي استماعكن وانشالله تكونو استمتعتو بالحلقه
C:\Users\user\Desktop\audio\audio\083_episode-9-elie-saab\2308607-elie-saab_chunk0020_000303875-000306739.wav,ترقبوني بحلقه جديده قريبا
C:\Users\user\Desktop\audio\audio\084_episode-8-salwa-al-katrib\2308430-salwa-al-katrib_chunk0000_000000000-000002579.wav,اهلا وسهلا فيكن
C:\Users\user\Desktop\audio\audio\084_episode-8-salwa-al-katrib\2308430-salwa-al-katrib_chunk0001_000004500-000026799.wav,اكيد كلنا منعرف وسامعين بابرز الاسامي لنشهرت بساحه الفن اللبنانيه عبر لسنين في اسامي انشهرت وبعدا مشهوره كتير وعايشي بيناتنا وفي اسامي كمان انشهرت كتير بس جيل الشباب ليوم بطل كتير يسمع عنا
C:\Users\user\Desktop\audio\audio\084_episode-8-salwa-al-katrib\2308430-salwa-al-katrib_chunk0002_000026799-000054580.wav,بدي عرفكن اكتر واحكي عن الفنانه اللبنانيه سلوي القطريب لشتهرت بالتمثيل والغناء بالسبعينات وكانت معروفه بلقب ماي فير لايدي My Fair Lady يعني سيدتي الجميله بالعربي خلونا اول شي ناخد لمحه صغيره عن اصلها ومحل ولادتها كرمال نفهم تاريخها ومسارها الفني بطريقه احسن
C:\Users\user\Desktop\audio\audio\084_episode-8-salwa-al-katrib\2308430-salwa-al-katrib_chunk0003_000054580-000058082.wav,ولدت سلوي القطريب
C:\Users\user\Desktop\audio\audio\084_episode-8-salwa-al-katrib\2308430-salwa-al-katrib_chunk0004_000061580-000079580.wav,وكان بيا هو عازف العود ومغني الموشحات صليبا لقطريب لتعاون بزمانه مع ملحنين مهمين منن محمد عبد الوهاب وامها كان اسما فدوي حيدر ربتها علي العلم والطموح وكانت سلوي الطفله السابعه بين سبع اخوه صبايا وشباب ونقلت
C:\Users\user\Desktop\audio\audio\084_episode-8-salwa-al-katrib\2308430-salwa-al-katrib_chunk0005_000063899-000092360.wav,مع عيلتها عبيروت لمتابعه درسا بمدرسه بالاشرفيه وقتا اضطر بيا
C:\Users\user\Desktop\audio\audio\084_episode-8-salwa-al-katrib\2308430-salwa-al-katrib_chunk0006_000094032-000110786.wav,ينقل بسبب ظروف شغلو وفنو بس ما كملت سلوي دراستا الجامعيه لانو كانت كتير تحب الرياضه وخصصت كل وقتا لهيدي الهوايه فانتسبت لفريق كره المضرب
C:\Users\user\Desktop\audio\audio\084_episode-8-salwa-al-katrib\2308430-salwa-al-katrib_chunk0007_000109786-000124400.wav,او ل تينس Tennis وتاهلت عمنتخب لبنان وحققت كزا بطوله علي صعيد لبنان وكمان شاركت بمباريات رياضيه بالعالم العربي
C:\Users\user\Desktop\audio\audio\084_episode-8-salwa-al-katrib\2308430-salwa-al-katrib_chunk0008_000124040-000140431.wav,وتربت سلوي القطريب ببيت بيعشق الطرب والغنا والصوت الحلو وتاثرت كتير ببيا لعلما اصول الغناء فشجعها هل شي تغني بحفلات كانت تنظمها عيلتها
C:\Users\user\Desktop\audio\audio\084_episode-8-salwa-al-katrib\2308430-salwa-al-katrib_chunk0009_000140460-000161960.wav,وحصل بالصدفه بيوم من الايام انو التقت سلوي القطريب بالمخرج المسرحي والمؤلف الموسيقي روميو لحود لكان بوقتها خطيب وحده من اخواتها وكان عم بفتش علي صوت حلو ليشارك بمسرحيه كان عم يشتغل عليها
C:\Users\user\Desktop\audio\audio\084_episode-8-salwa-al-katrib\2308430-salwa-al-katrib_chunk0010_000161956-000188293.wav,فسمعتو سلوي مقطع صغير بصوتها ونعجب كتير بصوتها المميز والقوي وبطلتها الحلوه وهيك قدرت تفرض موهبتها بزمن نهضه الفن بلبنان والبلاد العربيه فبرز اسم سلوي القطريب وسط اسامي كبار غيرها وعطوها لقب سيده المسرح بفضل حضورها المميز بلمسرح لاستعراضي
C:\Users\user\Desktop\audio\audio\084_episode-8-salwa-al-katrib\2308430-salwa-al-katrib_chunk0011_000189880-000218429.wav,وشكلت بسنه الالف وتسعميه واربعه وسبعين ألف و تسعمائة و أربعة و سبعون مع روميو لحود ديو duo او ثنائي فني شتغلو سوا علي اعمال كتير مميزه فلعبت ادوار البطوله بمسرحيات روميو حد كبار من الفنانين متل انطوان كرباج وملحم بركات وطوني حنا وتعاملت كمان مع كبار الملحنين من بينن زكي ناصيف وايلي الشويري والياس الرحباني
C:\Users\user\Desktop\audio\audio\084_episode-8-salwa-al-katrib\2308430-salwa-al-katrib_chunk0012_000222100-000246893.wav,وقدمت سلوي القطريب أحد عشر عمل مسرحي كان اولن بعنوان سنقف سنقف بلالف وتسعميه واربعه وسبعين ألف و تسعمائة و أربعة و سبعون وكانت هيدي اول طلعه الا وفتحتلها مسار فني طويل ومن الاعمال المسرحيه لشتهرت فيهن كمان كان في بنت الجبل و زمرد و اوكسيجين
C:\Users\user\Desktop\audio\audio\084_episode-8-salwa-al-katrib\2308430-salwa-al-katrib_chunk0013_000248399-000265399.wav,ومن بعد مشاركتها فيهن نزاع صيتها للنجمه الاستعراضيه بلبنان فعرض عليها تلفزيون لبنان لمشاركه بمسلسل شهرزاد لكان بيعتبر محطه مهمه بمسيرتها الفنيه
C:\Users\user\Desktop\audio\audio\084_episode-8-salwa-al-katrib\2308430-salwa-al-katrib_chunk0014_000266893-000295502.wav,صارت معروفه اكتر بالبلاد واجا وقت طلعتها بالفن المسرحي بزمن كانت عم تنما في الحرب الاهليه بلبنان لبلشت بسنه الالف وتسعميه وخمسه وسبعين ألف و تسعمائة و خمسة و سبعون تقريبا بس ما وقفت هل ماساه بوج عملها وقدرت تحصل علي ادوار عديده غيرن بالبلاد العربيه متل الجزائر وقتا شاركت بمهرجان
C:\Users\user\Desktop\audio\audio\084_episode-8-salwa-al-katrib\2308430-salwa-al-katrib_chunk0015_000295288-000316619.wav,الاغنيه العربيه وقد ما شتهرت بعملها المسرحي كمان شتهرت بعملها الغنائي ومن اشهر الاغاني تبعا كان في طال السهر و خذني معك علي درب بعيده و قالوا لي العيد بعيوني و علي نبع المي وغيرن كتار
C:\Users\user\Desktop\audio\audio\084_episode-8-salwa-al-katrib\2308430-salwa-al-katrib_chunk0016_000315820-000339519.wav,والشي الجديد لكتشفتو انا انو غنيه خذني معك ع درب بعيده هي بالاصل بتغنيها سلوي القطريب ما كنت بعرف هل شي قبل لانو في فنانات كتير عملولها كوفر cover لهل غنيه وولا مره خطر عبالي انا غنيه فعلا قديمه هي بتغنيها اكيد سامعين فيا لانو بعدا مشهوره لهلق هي لغنيه لبتقول فيا خدني معك علي درب بعيده مطرح ما كنا ولاد صغار
C:\Users\user\Desktop\audio\audio\084_episode-8-salwa-al-katrib\2308430-salwa-al-katrib_chunk0017_000337606-000356940.wav,ودفي ربيعي بشمس جديده ونسيني يوم اللي صرنا كبار
C:\Users\user\Desktop\audio\audio\084_episode-8-salwa-al-katrib\2308430-salwa-al-katrib_chunk0018_000355940-000377519.wav,اما نوع تاني من الاغاني لكانت تغنيهن هني الاغاني الوطنيه لقدمتهن للبنان واللجيش اللبناني لكانت تعبرلو دايما عن محبتها وتقديرها من خلال اغانيها متل وحدك يا عسكر لبنان و سلمتك الارزه و يا جيش لبنان
C:\Users\user\Desktop\audio\audio\084_episode-8-salwa-al-katrib\2308430-salwa-al-katrib_chunk0019_000377519-000391744.wav,وتزوجت سلوي القطريب بسنه لالف وتسعميه وتسعه وسبعين ألف و تسعمائة و تسعة و سبعون المنتج ناهي لحود لكان خيو لروميو لحود وجابت منو بنت سموها الين
C:\Users\user\Desktop\audio\audio\084_episode-8-salwa-al-katrib\2308430-salwa-al-katrib_chunk0020_000393369-000401212.wav,اوقات بشوف الين لحود علي التلفزيون بس ولا مره فكرت انه ممكن
C:\Users\user\Desktop\audio\audio\084_episode-8-salwa-al-katrib\2308430-salwa-al-katrib_chunk0021_000402234-000424540.wav,طريقه الين كمان بتشتغل بمجال الفن متل امها فاتت شوي بالغنا وبالتمثيل وشاركت بالعديد من المسلسلات عل تيفي TV وكانت سلوي القطريب تحب فنها لدرجه كبيره لانو كانت تعتبرو رساله بتساهم باسعاد الناس
C:\Users\user\Desktop\audio\audio\084_episode-8-salwa-al-katrib\2308430-salwa-al-katrib_chunk0022_000424339-000440720.wav,وكانوا يقولوا عنها انسانه صادقه ومتواضعه ومرحه ونظاميه كمان وقدرت تواكب طموحات المخرج روميو لحود لكانت شخصيتو الفنيه قاسيه وصعبه
C:\Users\user\Desktop\audio\audio\084_episode-8-salwa-al-katrib\2308430-salwa-al-katrib_chunk0023_000440959-000468682.wav,وبرغم شخصيتها المميزه والجريئه كانت سلوي خجوله بنفس لوقت فما كتير فاتت بالجو والمشهد الفني والترفيهي وفضلت تخصص وقتها لعيلتها ووصلت لمحل بالاخر عتبرت في انو مستوي الفن بلبنان كتير كان عم يتدني فبلشت تبعد عن المشهد كلو وتقربت اكتر
C:\Users\user\Desktop\audio\audio\084_episode-8-salwa-al-katrib\2308430-salwa-al-katrib_chunk0024_000467682-000486700.wav,من الله والكنيسه ولسوء الحظ امضت سلوي القطريب الاسبوع الاخير من حياتها بسنه الالفين وتسعه ألفان و تسعة بالمستشفي وفارقت لحياه نتيجه ورم بالدماغ فوتها بغيبوبه لمده تمنتعشر ثمانية عشر يوم
C:\Users\user\Desktop\audio\audio\084_episode-8-salwa-al-katrib\2308430-salwa-al-katrib_chunk0025_000486279-000500393.wav,بس رغم رحيلها فينا من دون شك نقول انها تركت وراها مسيره غنائيه واستعراضيه فريده بتتضمن اجمل الاغاني والمسرحيات لنالت
C:\Users\user\Desktop\audio\audio\084_episode-8-salwa-al-katrib\2308430-salwa-al-katrib_chunk0026_000505063-000511478.wav,عليهن جوايز وميداليات كتيره متل جائزه سعيد عقل وجائزه تقدير للعطاء الفني من مدينه لوس انجلوس وميداليه الاستحقاق الذهبي برتبه
C:\Users\user\Desktop\audio\audio\084_episode-8-salwa-al-katrib\2308430-salwa-al-katrib_chunk0027_000514850-000535780.wav,ضابط من الرئيس السابق ميشال سليمان وهيك فارقتنا سيده خشبه المسرح بس تركت كتير من البصمات الحلوه وراها بتشكركن كتير وخليكن عالسمع معنا وترقبوا موضوع جديد قريبا
C:\Users\user\Desktop\audio\audio\085_episode-7-four-common-proverbs\1851562-four-common-proverbs_chunk0000_000000000-000007260.wav,مرحبا و اهلا وسهلا فيكن من جديد معي انا مريم بحلقه شعبيه وتراثيه عاللانغويج وايف
C:\Users\user\Desktop\audio\audio\085_episode-7-four-common-proverbs\1851562-four-common-proverbs_chunk0001_000008319-000027100.wav,بحلقه اليوم رح نحكي عن الامتال الشعبيه والمتل هو جمله قصيره انحكت بعد قصه صارت مع ناس من زمان وتحولت لعبره او حكمه بيستعملوا الناس لحد اليوم بحياتن اليوميه للتذكير بهيدي العبره
C:\Users\user\Desktop\audio\audio\085_episode-7-four-common-proverbs\1851562-four-common-proverbs_chunk0002_000027100-000049804.wav,العبره هي متل نتيجه لقصه بتساعدنا نتعلم دروس بالحياه من ناس غيرنا مرقو باشيا بتشبه ظروفنا او قصصنا الامتال الشعبيه حاضره ع لسان الكل ولاد شباب كبار بالعمر يعني وين ما كنت وباي نوع من الاحاديث ممكن تسمع هيدي الامتال
C:\Users\user\Desktop\audio\audio\085_episode-7-four-common-proverbs\1851562-four-common-proverbs_chunk0003_000050099-000056672.wav,قبل ما نبلش خلوني الكن انه القصص الي رح اخبركن هي عن
C:\Users\user\Desktop\audio\audio\085_episode-7-four-common-proverbs\1851562-four-common-proverbs_chunk0004_000059290-000067819.wav,هيك صارت بس هي قصص انشهرت بين الناس وصار الكل يحكيا عن هالمتل او هيداك رح نحكي
C:\Users\user\Desktop\audio\audio\085_episode-7-four-common-proverbs\1851562-four-common-proverbs_chunk0005_000072519-000087980.wav,وحبيت اني بلش فيه لان بيحمل معاني كتير حلوه بتدل علي اهميه ال جار ببلادنا ال شرقيه والعلاقه القويه اللي كانت تربط الجيران ببعض لحد ما يصيرو كانن بيت واحد قصه
C:\Users\user\Desktop\audio\audio\085_episode-7-four-common-proverbs\1851562-four-common-proverbs_chunk0006_000093482-000118999.wav,بس ما ذكرو باي بلد او مدينه والقصه بتقول انو كان في زلمه اسمو ابو دف البغدادي جارو وقع ب ازمه ماليه صعبه كتير واضطر يعرض بيتو للبيع حتي يقدر يوفي ديونو وبالفعل عرض الجار بيتو بالف دينار كل الجيران قالو لهالرجال انو بيتو بيسوي خمسميه دينار بس
C:\Users\user\Desktop\audio\audio\085_episode-7-four-common-proverbs\1851562-four-common-proverbs_chunk0007_000118160-000144046.wav,وابو دف كمان رجع حاول يقنع جارو انو البيت بيسوي بس خمسميه جارو لابو دف كان عندو جواب بفاجا كتير وقلو انو هو عم ببيع البيت بخمسميه والجيران بخمسميه تانيه واكدلو لابو دف انو وقت اشتري البيت من عشرين سنه كان يفكر بالجيره يعني الجيران كتير
C:\Users\user\Desktop\audio\audio\085_episode-7-four-common-proverbs\1851562-four-common-proverbs_chunk0008_000146259-000160214.wav,وبالفعل مع السنين ربطتو بجيرانو علاقه صداقه و اخوه و شاف منن كل خير واديش هني اصيلين اصيلين يعني ناس عندا مبادئ واخلاق و شهامه
C:\Users\user\Desktop\audio\audio\085_episode-7-four-common-proverbs\1851562-four-common-proverbs_chunk0009_000163639-000189059.wav,ولمن ولادو تزوجو وبعدو عنو رفض يترك جيرانو وعشرتو معن لانو قيمتن بتسوي قيمه بيتو لمن ابو دف سمع هيدا الحكي تكفل بكل ديون جارو ودفعلو كل شي عليه حتي يضل ببيتو من هون صارت الناس تقول الجار قبل الدار لما بدن يدلو علي اهميه الجيران وكيف انو قيمتن من قيمه البيت ولما بدن يذكرو انو الشخص لازم يوقف حد
C:\Users\user\Desktop\audio\audio\085_episode-7-four-common-proverbs\1851562-four-common-proverbs_chunk0010_000178508-000197197.wav,جيرانو ويساعدن باي ازمه حتي لو قبل بيتو
C:\Users\user\Desktop\audio\audio\085_episode-7-four-common-proverbs\1851562-four-common-proverbs_chunk0011_000198923-000226201.wav,المتل التاني بقول طب الجره عتما بتطلع البنت لاما طب يعني وقع او كب والجره هي متل بريق مي بس معمول او مصنوع من فخار يعني كان المتل حرفيا عم يقول كب البريق عتمو بتطلع البنت بتشبه اما
C:\Users\user\Desktop\audio\audio\085_episode-7-four-common-proverbs\1851562-four-common-proverbs_chunk0012_000219818-000226201.wav,هالمتل بيستعملوه عاده وقت بدن يخبرو اديش البنت طالعه بتشبه اما
C:\Users\user\Desktop\audio\audio\085_episode-7-four-common-proverbs\1851562-four-common-proverbs_chunk0013_000228562-000255199.wav,لبنت باديم الزمان خلينا نحنا ليلي كبرت وتزوجت وحماتا يعني ام زوجا ورح نسميا ناديا كانت تبعتا عال نبع لتعبي جرات المي ليلي انعرف عنا انا بس ترجع من النبع بتتفركش وبتوقع كتير ومرات كانت توقع كل المي اللي بالجرات وتكسرن
C:\Users\user\Desktop\audio\audio\085_episode-7-four-common-proverbs\1851562-four-common-proverbs_chunk0014_000254839-000265625.wav,وبيوم من الايام بعد ما ليلي خلفت وصارت ام وكبرت بنتا شوي قررت حماتا ناديا تغيظا يعني تناكدا او تقهرا
C:\Users\user\Desktop\audio\audio\085_episode-7-four-common-proverbs\1851562-four-common-proverbs_chunk0015_000267200-000288519.wav,وقررت ناديا تبعت بنت ليلي عالنبع بدال ليلي لتفرجي الكل انو بنت ابنا اشطر و اذكي من ليلي راحت البنت الصغيره عالنبع تعبي مي وهي وراجعه تفركشت و كسرت كل الجرات ورجعت لعند ستا ناديا واما ليلي عم تبكي
C:\Users\user\Desktop\audio\audio\085_episode-7-four-common-proverbs\1851562-four-common-proverbs_chunk0016_000288037-000313100.wav,ستا هون ضحكت كتير علي شبه البنت لاما حتي بهالشغله وقالت طب الجره عتما بتطلع البنت لاما تالت متل رح خبركن عنو هو عطي خبزك للخباز ولو اكل نصو وهيدا المتل عاده بتستعملو الناس لتقول انو سلم اي شغله لل خبير فيا ولو اخد نصا كان في
C:\Users\user\Desktop\audio\audio\085_episode-7-four-common-proverbs\1851562-four-common-proverbs_chunk0017_000317559-000344569.wav,وكانت مصلحه بيشتغل فيا من سنين ولمن عجز وما عاد قادر يدير الفرن سلم الشغل لشاب بيشتغل عندو وقلو ال فرن صار الك وخبر الشاب انه هاي مسؤوليه كبيره وحدد وحدد للشاب كم رغيف بتحتاج كل عيله بالحي لان ما لازم يزيد الخبز حتي ما يضطرو يكبوه وما لازم ينقص
C:\Users\user\Desktop\audio\audio\085_episode-7-four-common-proverbs\1851562-four-common-proverbs_chunk0018_000343569-000351459.wav,عن حاجه الناس وقال للشاب انو هو بيحتاج اربع ترغفه خبز كل يوم لالو و لمرتو
C:\Users\user\Desktop\audio\audio\085_episode-7-four-common-proverbs\1851562-four-common-proverbs_chunk0019_000352559-000361619.wav,بعد فتره قرر الشاب يعيد حسابات الفرن ولقي انو الخباز الختيار يعني الكبير بالعمر هو بس ما
C:\Users\user\Desktop\audio\audio\085_episode-7-four-common-proverbs\1851562-four-common-proverbs_chunk0020_000372122-000382990.wav,الشاب ليشتري دجاج من السوق ولان الخباز عندو قن دجاج وهو اللي ببيع للسوق قرر الشاب يزورو ببيتو
C:\Users\user\Desktop\audio\audio\085_episode-7-four-common-proverbs\1851562-four-common-proverbs_chunk0021_000384915-000400326.wav,لمن وصل شاف ب قن الدجاج الكبير يعني قفص الدجاج بس دجاجه وحده فسال مرت الخباز ليش باقي بس وحده له انه هي وزوجها من زمان ما عاد قادرين
C:\Users\user\Desktop\audio\audio\085_episode-7-four-common-proverbs\1851562-four-common-proverbs_chunk0022_000488000-000493480.wav,لهيك كانو معتمدين عالخبز اللي بيجين من الفرن كانت تاكل هي وزوجا رغيفين وتيبس رغيفين لتطعمين للدجاجات لمن الشاب صار يبعتلن بس رغيفين بطل عندا اكل للدجاج وهيك صارو يموتو الدجاجات وضل عندن بس دجاجه وحده قالتلو للشاب بسبب قله خبرتك وغلطتك بال تقدير حرمت الحي كلو من الدجاج يا ابني عطي خبزك للخباز ولو اكل نصو المتل الرابع و الاخير اللي نحكي قصتو هلا هو رجعت حليمه لعادتا القديمه وقت حدا يكون معروف عنه عاده او ويحاول يغيرا بس ما قصه حاتم الطائي هو شاعر عربي قديم كان معروف كتير بالكرم مع انو كان وضعو المادي علي ادو يعني ما لدرجه انو مره اجا لعندو ضيوف جوعانين بوقت كان في جفاف لان ما عم ينزل شتا والزراعه ما عم تنتج منيح فالناس ما عندا شي تاكلو لهيك ومن كرمو دبح الفرس اللي عندو يعني حصانو حتي يطعمين
C:\Users\user\Desktop\audio\audio\085_episode-7-four-common-proverbs\1851562-four-common-proverbs_chunk0023_000495000-000520320.wav,وهيك صار مضرب متل بالكرم مرتو لحاتم كان اسما حليمه وما كانت متلو كانت مثلا تبخل كتير بالسمنه اللي بتحطا بالاكل السمنه هي دهن متل الزبده مثلا بس بيعملوا من لبن المعزه او البقر وهي بتزيد دسامه الاكل وبالنسبه لبعض الناس بتزيد طيبتو كمان من
C:\Users\user\Desktop\audio\audio\085_episode-7-four-common-proverbs\1851562-four-common-proverbs_chunk0024_000527168-000539799.wav,فقلا انو جدودن حكو انو كل ملعقه سمنه بحطا الانسان بالاكل بتزيد يوم بعمرو وهيك صارت حليمه كل يوم تزيد السمنه بالاكل وصار اكلا اطيب يوم بعد يوم
C:\Users\user\Desktop\audio\audio\085_episode-7-four-common-proverbs\1851562-four-common-proverbs_chunk0025_000543917-000564960.wav,ما بتزعل حليمه عليه بتصير تتمني الموت وبترجع بتصير تنقص السمنه بالاكل حتي ينقص عمرا هون الناس قالو المتل المعروف رجعت حليمه لعادتا القديمه لهون منكون غطينا او شرحنا بهالحلقه اربع امتال مع قصصن اللي هني الجار قبل الدار طب الجره عتما بتطلع البنت لاما عط خبزك للخباز ولو اكل نصو و رجعت حليمه لعادتا القديمه
C:\Users\user\Desktop\audio\audio\085_episode-7-four-common-proverbs\1851562-four-common-proverbs_chunk0026_000579299-000585419.wav,علي امل انو المره الجاي اللي بتكونو عم تتحدثو فيا مع حدا ويستعمل هالامتال بحكيو
C:\Users\user\Desktop\audio\audio\085_episode-7-four-common-proverbs\1851562-four-common-proverbs_chunk0027_000587005-000598919.wav,تعرفو بالضبط شو قصدو من اللي قالو بالخلاصه في كتير امتال بتحكيا الناس بالاحاديث اليوميه لتعبر عن مواقف او عبره بالحياه
C:\Users\user\Desktop\audio\audio\085_episode-7-four-common-proverbs\1851562-four-common-proverbs_chunk0028_000600365-000608199.wav,من السياق او وفي منن صعب الواحد يفهمن بدون ما يعرف القصه اللي اجو منا عبره درس نتعلم مثل الجار دار قيمه جره ام تم بنت خبز الخباز خبير عاده
C:\Users\user\Desktop\audio\audio\086_episode-6-modern-poetry-scene\2027394-modern-poetry-scene_chunk0000_000000000-000025192.wav,اهلا وسهلا فيكن مستمعيننا معي انا صبا متل ما بتعرفو تاريخ لبنان معروف بالادباء و الشعراء يلي منحبن وبعدنا منفتخر فين لهلا متل سعيد عقل وجبران خليل جبران وموسي شعيب و غيرن كتار المجتمع اللبناني كتير بشجع هيدا النوع من الثقافه
C:\Users\user\Desktop\audio\audio\086_episode-6-modern-poetry-scene\2027394-modern-poetry-scene_chunk0001_000024719-000049979.wav,والجيل الصاعد يلي هو جيل الشباب ابدا ما عم بقصر باحياء هيدا الفن الجميل وبتذكيرنا فيه هيك بلشت المجلات الادبيه تشتغل مع الشباب والصبايا اللبنانيين بالالفين وطنعش ألفان و اثنا عشر علي احياء الشعر المعاصر بالمناطق اللبنانيه من جديد يلي هو
C:\Users\user\Desktop\audio\audio\086_episode-6-modern-poetry-scene\2027394-modern-poetry-scene_chunk0002_000053220-000081000.wav,فقدمت المجلات الادبيه منصات مطبوعه متل الكتب المجلات ومجموعات شعريه وعملو المساهمين ليساعدو بهال مشروع
C:\Users\user\Desktop\audio\audio\086_episode-6-modern-poetry-scene\2027394-modern-poetry-scene_chunk0003_000064900-000083400.wav,منشورات اجتماعيه متوفره بهدف بناء مشهد للشعر وتنميتو تاسست كذا مجموعه للمشاركه بهالمشروع او مبادره متل ما بسموا بس مش كلن ضاينو لوقت طويل
C:\Users\user\Desktop\audio\audio\086_episode-6-modern-poetry-scene\2027394-modern-poetry-scene_chunk0004_000083220-000101379.wav,اليوم بدي خبركن اكتر عن المجموعات اللي بلشت من كم سنه و نجحت او فشلت او بعدا صامده بالالفين وتسعطعش ألفان و تسعة عشر اول مبادره بدي احكي عنا اسما راستد رادشز Rusted Radishes
C:\Users\user\Desktop\audio\audio\086_episode-6-modern-poetry-scene\2027394-modern-poetry-scene_chunk0005_000101220-000126279.wav,وهي عباره عن مجله ادبيه وفنيه تاسست بسنه الالفين وطنعش ألفان و اثنا عشر علي ايد السيدتين ريما رنتيسي وكرستال هوفمان من قسم اللغه الانكليزيه بجامعه بيروت الامريكيه الAUB بهدف خلق مساحه لكل الكتاب الناشئين و المؤلفين يلي بينتمو للبنان
C:\Users\user\Desktop\audio\audio\086_episode-6-modern-poetry-scene\2027394-modern-poetry-scene_chunk0006_000127421-000152240.wav,و قدرو ينشرو اعمال متنوعه بتصدر من قبل الدول المجاوره للبنان وحتي مهجرين الدياسبورا diaspora وبس تطورت اكتر هالمبادره فتحو مجال لبلدان الشرق الاوسط و افريقيا الشماليه بالمشاركه كرمال ما لقيو ضروره ب حصر هيدا الشي بحدود لبنان وبس
C:\Users\user\Desktop\audio\audio\086_episode-6-modern-poetry-scene\2027394-modern-poetry-scene_chunk0007_000152639-000177934.wav,بالنهايه كل هيدي التاثيرات و الثقافات وتاريخا بتلتقي و بيتوحد صوتا بقلب لبنان فبتشتغل هالمجموعه مع كتاب وشعرا و مترجمين كتار لينشرو اعمال فنيه و روايات مصوره واشعار بتقدرو تلاقوون بالمجله المطبوعه تبعن او تحضروا لايف دغري بل افينتس يلي بنظموا
C:\Users\user\Desktop\audio\audio\086_episode-6-modern-poetry-scene\2027394-modern-poetry-scene_chunk0008_000180220-000202532.wav,ومن المبادرات يلي كانت تصير كمان وكانت من المفضلين عندي اسما ل بويتري بوت Poetry Pot وهي عباره عن مجموعه شعريه اسسا شاعر اسمو مجد شدياق بالالفين وسطعش ألفان و ستة عشر ببيروت لخلق حديث مفتوح للشعر المعاصر من
C:\Users\user\Desktop\audio\audio\086_episode-6-modern-poetry-scene\2027394-modern-poetry-scene_chunk0009_000201532-000209619.wav,خلال تنظيم افينتس و ورش عمل بتعكس افكارا و رؤيتا لهالمجموعه الشعريه
C:\Users\user\Desktop\audio\audio\086_episode-6-modern-poetry-scene\2027394-modern-poetry-scene_chunk0010_000210717-000220806.wav,شعريه مسائيه مره كل شهر بقدمها مش دياء بالاضافه للعدد من اعضاء المجموعه
C:\Users\user\Desktop\audio\audio\086_episode-6-modern-poetry-scene\2027394-modern-poetry-scene_chunk0011_000221903-000249106.wav,باللغه الانكليزيه والعربيه كمان وباخر العرض بيعطو وقت للعالم من الجمهور تطلع عال مسرح وتقرا شعرا او حتي تغني غنيه كنت جرب احضر بويتري بوت كل مره بيعملو عرض فيا في جزء صغير بتذكرو من شعر لبنت اسما ريم بتقول فيه
C:\Users\user\Desktop\audio\audio\086_episode-6-modern-poetry-scene\2027394-modern-poetry-scene_chunk0012_000248106-000253223.wav,بمد ايدي ع شواطئ بيتي عشواطئ صيدا
C:\Users\user\Desktop\audio\audio\086_episode-6-modern-poetry-scene\2027394-modern-poetry-scene_chunk0013_000382930-000401519.wav,شواطئ صور شواطئ جبيل وبصير اضحك بضحك لانو ما في حدا غيري مقدس وما حدا غيري فيه يمشي عالمي و يتفرج علي عالم عاكس صورتو بنفسو ب عتمتو وبضوو هو اطول من هيك اكيد بس هيدا الجزء اللي بعدو علقان براسي لهلا ومره من المرات يلي كنت موجوده فيا صورني حدا من المصورين بلا ما انتبه وبعد شويه وقت بلاقي صورتي علي غلاف واحد من العروض يلي عملوا وكتير انبسطت لما شفتا لانو حسيت اني عضو مهم من مجتمع بحب الفن والشعر ودايما بجرب يساهم بحضورو بس للاسف ما كان مشوار ل بويتري بوت كتير طويل ووقفو يقدمو عروض بالالفين وتمنطعش ألفان و ثمانية عشر تقريبا اما من المبادرات المشابهه اللي تشكلت بهالنطاق وبعدا مستمره لهلا Sidewalk Beirut او رصيف واسستا الشاعره ميسان ناصر من كم سنه بعد ما استوحت الفكره من عرض للميكروفون المفتوح يعني ل اوبن مايك Open Mic وقتا كانت عم تدرس بباريس وبس رجعت علبنان طرحت الفكره علي كافيه اسمو رواق كرمال تقدر تقدم فيه هي ومجموعتا عروض لرصيف بيروت هونيك و فعلا بعد اول كم عرض تبين انو هالمبادره بلشت تنجح وانو في كتير عالم تحمست عالفكره وصارو يروحو يحضرو هالعروض بشكل دايم و بينعد رصيف بيروت من اول العروض للميكروفون المفتوح يلي انعمل بلبنان اللي بيعطي لمين ما كان كل اسبوع فرصه ليسجل اسمو قبل العرض ويطلع عالمسرح ليقرا شعرو او فنو شو ما كان نوعو وبكل امسيه من امسيات العروض بيستضيفو ضيف جديد كمان ولهلا بسنه الالفين وتسعطعش ألفان و تسعة عشر بعدو رصيف بيروت صامد وجمهورو عم يكبر مع الايام
C:\Users\user\Desktop\audio\audio\086_episode-6-modern-poetry-scene\2027394-modern-poetry-scene_chunk0014_000401339-000427177.wav,هالمبادرات الادبيه والشعريه اللي حكينا عنا وغيرا بعد قدرت تحيي ذكري الشعر بلبنان بطريقتا المعاصره والجديده وهيدا الشي ساعد بانو يرجعو الشباب يهتمو بهيك نوع من الفن يلي تميز فيه لبنان عبر التاريخ وبادخال فكره الميكروفون المفتوح و تعريف المجتمع عليا
C:\Users\user\Desktop\audio\audio\086_episode-6-modern-poetry-scene\2027394-modern-poetry-scene_chunk0015_000426820-000439166.wav,صار في استعداد عنا بالمجتمع انو نحكي ونفتح مواضيع كانت تعتبر محظوره او تابو وكانو يقولولنا انو عيب ينحكا فيا
C:\Users\user\Desktop\audio\audio\086_episode-6-modern-poetry-scene\2027394-modern-poetry-scene_chunk0016_000443420-000448838.wav,بس كانت الاجيال الاكبر معوده تقرا وتسمع شعر
C:\Users\user\Desktop\audio\audio\086_episode-6-modern-poetry-scene\2027394-modern-poetry-scene_chunk0017_000451019-000456420.wav,فبفضل الادب والشعر المعاصر يلي عم بشاركو في اجيال الشباب
C:\Users\user\Desktop\audio\audio\086_episode-6-modern-poetry-scene\2027394-modern-poetry-scene_chunk0018_000457664-000462516.wav,وعي اكتر حول مواضيع مهمه ما منحكي كتير
C:\Users\user\Desktop\audio\audio\086_episode-6-modern-poetry-scene\2027394-modern-poetry-scene_chunk0019_000465859-000488679.wav,والقاء الشعر عبر الميكروفون المفتوح بيعطي للعالم الجراه ليشاركو الجمهور بتجارب قطعو فيا او مواضيع حساسه متل العنف والتحرش الجنسي بهالطريقه بيخدم الشعر ب اسلوبو المعاصر بنشر التوعيه بالمجتمع كمان
C:\Users\user\Desktop\audio\audio\086_episode-6-modern-poetry-scene\2027394-modern-poetry-scene_chunk0020_000488859-000511899.wav,كتير تعودنا نسمع اشعار عن الحب و السعاده وما في شك انو بكونو كتير حلوين بس الحلو بهالمبادرات انو بتسمح للشعرا يعبرو عن مشاعر ويخبرونا عن تجارب واقعيه وهيك منقدر نسمع عن التجارب الحلوه و المره كمان
C:\Users\user\Desktop\audio\audio\086_episode-6-modern-poetry-scene\2027394-modern-poetry-scene_chunk0021_000511640-000519619.wav,بتشكركن كتير وخليكن عالسمع معنا و ترقبو موضوع جديد قريبا
C:\Users\user\Desktop\audio\audio\087_episode-5-three-popular-music-festivals\2027244-three-popular-music-festivals_chunk0000_000000000-000017893.wav,مرحبا مستمعين اهلا وسهلا فيكن بحلقه جديده معكن احمد اليوم رح نحكي عن موضوع انا شخصيا بتحمس احكي عنو يمكن لانو رح يكون عندي الفرصه خبركن عن كذا تجربه خاصه فيا ذكريات حلوي متعلقه بهالموضوع
C:\Users\user\Desktop\audio\audio\087_episode-5-three-popular-music-festivals\2027244-three-popular-music-festivals_chunk0001_000019256-000029899.wav,اليوم رح احكي عن ثلاثة من اهم المهرجانات الفنيه بلبنان اللي ما بينحصر نجاحن علي الصعيد الوطني وبس انما كمان علي الصعيد الدولي
C:\Users\user\Desktop\audio\audio\087_episode-5-three-popular-music-festivals\2027244-three-popular-music-festivals_chunk0002_000034736-000037452.wav,مهرجان بيت الدين
C:\Users\user\Desktop\audio\audio\087_episode-5-three-popular-music-festivals\2027244-three-popular-music-festivals_chunk0003_000039340-000041726.wav,اول مهرجان رح
C:\Users\user\Desktop\audio\audio\087_episode-5-three-popular-music-festivals\2027244-three-popular-music-festivals_chunk0004_000045829-000065200.wav,هيدا المهرجان بصير بمدينه بيبلوس واللي كمان معروفه بمدينه جبيل الساحليه اللبنانيه المطله علي البحر الابيض المتوسط هيدي المدينه اللي عمرا الاف السنين وبحب كمان خبركن انو مدينه بيبلوس اختيرت عاصمه السياحه العربيه سنه ألفان و ستة عشر
C:\Users\user\Desktop\audio\audio\087_episode-5-three-popular-music-festivals\2027244-three-popular-music-festivals_chunk0005_000066739-000069599.wav,تحديدا حد المعبد
C:\Users\user\Desktop\audio\audio\087_episode-5-three-popular-music-festivals\2027244-three-popular-music-festivals_chunk0006_000072440-000094940.wav,بالنسبه لالي اختيار هيدا الموقع كتير مهم لانو بخلي الجمهور يجي كرمال السياحه مش بس كرمال الحفلات الموسيقيه بتتنوع حفلات مهرجان بيبلوس بين الموسيقي الرومانسيه وموسيقي الروك والموسيقي الشعبيه وبتستضيف فنانين لبنانيه عرب وعالميه
C:\Users\user\Desktop\audio\audio\087_episode-5-three-popular-music-festivals\2027244-three-popular-music-festivals_chunk0007_000094239-000116680.wav,وللسنه السبعة عشر علي التوالي يعني من سنه الألفان و ثلاثة استضاف المهرجان حوالي المائة فنان من كافه الدول اكتر شي بيلفتني هوي انو ولا سنه التغي المهرجان او تم تاجيلو حتي باصعب الظروف الامنيه بلبنان اللي اوقات كانت تبعد كيلومترات قليله عن المسرح
C:\Users\user\Desktop\audio\audio\087_episode-5-three-popular-music-festivals\2027244-three-popular-music-festivals_chunk0008_000116419-000132062.wav,كمان بيتميز هيدا المهرجان بتلبيه كل الفئات العمريه والاذواق الكلاسيكيه والعصريه لهيدا السبب عدد كبير من اهالي المدينه ومن المغتربين واللبنانيه بكافه المناطق بينطرو هيدا المهرجان
C:\Users\user\Desktop\audio\audio\087_episode-5-three-popular-music-festivals\2027244-three-popular-music-festivals_chunk0009_000133940-000162580.wav,انا شخصيا واحد منن وكان الي كذا تجربه بقدر خبركن انو كانو من احلي اللحظات اللي عشتا انا حضرت الفنانه العالميه سيا والفنان الفرنسي فلورون بانيه ببيبلوس وما بقدر قول عن الحفلتان الا انو كانو اكتر من ناجحين بتمني لو بقدر عدد كل الفنانين اللي شاركو بمهرجان بيبلوس بس عددن كتير كبير كرمال هيك رح عد بعضن
C:\Users\user\Desktop\audio\audio\087_episode-5-three-popular-music-festivals\2027244-three-popular-music-festivals_chunk0010_000164580-000177899.wav,اليساندرو سافينا مغني الاوبيرا الايطالي فرقه سكوربيونز لانا دل راي فرقه وان ريبابليك جون لجند سيا والتون جون
C:\Users\user\Desktop\audio\audio\087_episode-5-three-popular-music-festivals\2027244-three-popular-music-festivals_chunk0011_000182660-000187960.wav,فرنسيس كابريل ستروماييه جوليان كليرك ميراي ماتيوه ومات بوكورا
C:\Users\user\Desktop\audio\audio\087_episode-5-three-popular-music-festivals\2027244-three-popular-music-festivals_chunk0012_000189940-000196459.wav,فرقه مشروع ليلي المسرحيه الغنائيه دون كيشوت مارسيل خليفه والموسيقي غي مانوكيان
C:\Users\user\Desktop\audio\audio\087_episode-5-three-popular-music-festivals\2027244-three-popular-music-festivals_chunk0013_000200740-000228693.wav,طبيعه موقعه الا انه ما بيقل اهميه عن مهرجان بيبلوس عم نحكي عن مهرجان بيت الدين اللي بيعتبر واحد من مهرجانات الصف الاول بالشرق الاوسط هيدا المهرجان بيصير بقصر بيت الدين السياحي بمنطقه الشوف هيدا القصر اللي عمرو ميات السنين واللي صعب نقدر نوصف جمالو كل ما اطلع علي قصر بيت الدين بسرح وبحس حالي اول مره بشوفو
C:\Users\user\Desktop\audio\audio\087_episode-5-three-popular-music-festivals\2027244-three-popular-music-festivals_chunk0014_000217100-000243100.wav,هيدا القصر بيتالف من مزيج من الحجر اللبناني ببنيتوالخارجيه وفن الزخارف الدمشقيه من داخلو وكمان بيتميز بحدايق كبيره وبساحه واسعه اسما الميدان
C:\Users\user\Desktop\audio\audio\087_episode-5-three-popular-music-festivals\2027244-three-popular-music-festivals_chunk0015_000242699-000260279.wav,تم افتتاح اول موسم لمهرجان بيت الدين بصيف الألف و تسعمائة و خمسة و ثمانون خلال الحرب اللبنانيه وكان الهدف منو اثبات الايمان بالدور الثقافي اللبناني وقوه الفن حتي باصعب ظروف الحرب سنه
C:\Users\user\Desktop\audio\audio\087_episode-5-three-popular-music-festivals\2027244-three-popular-music-festivals_chunk0016_000262720-000283693.wav,استلمت السيده نورا جنبلاط اداره لجنه مهرجان بيت الدين وصارت تزيد شهرتو علي الصعيد الداخلي لحتي صار مهرجان عالمي مع تادم السنين وضل هالمهرجان يتوسع سنه بعد سنه فوصل عدد الجمهور المشارك في للواحد و خمسون صفر شخص بسنه الألفان و ثلاثة
C:\Users\user\Desktop\audio\audio\087_episode-5-three-popular-music-festivals\2027244-three-popular-music-festivals_chunk0017_000285972-000293679.wav,من وقتا وصار كل سنه بيحضر هالعدد الكبير وبشارك بالمهرجان اهم الفنانين العالميه
C:\Users\user\Desktop\audio\audio\087_episode-5-three-popular-music-festivals\2027244-three-popular-music-festivals_chunk0018_000292679-000318531.wav,رقي
C:\Users\user\Desktop\audio\audio\087_episode-5-three-popular-music-festivals\2027244-three-popular-music-festivals_chunk0019_000317531-000343383.wav,هالحفل
C:\Users\user\Desktop\audio\audio\087_episode-5-three-popular-music-festivals\2027244-three-popular-music-festivals_chunk0020_000342383-000368235.wav,
C:\Users\user\Desktop\audio\audio\087_episode-5-three-popular-music-festivals\2027244-three-popular-music-festivals_chunk0021_000367235-000393088.wav,
C:\Users\user\Desktop\audio\audio\087_episode-5-three-popular-music-festivals\2027244-three-popular-music-festivals_chunk0022_000392088-000417940.wav,وسحر قصرو بيجذب فنانين مهمين للمشاركه في منن كاظم الساهر ماجده الرومي فيروز شارل ازنافور فرقه كراكلا ماريا كاري غارو باتريسيا كاس ريكي مارتن دام دو وفي شي حلو بدي اخبركنيه هيد السنه كانت مفاجاه افتتاح الدوره ال العالمي غابرييل يارد الحاصل علي اوسكار افضل موسيقي لفيلم انكليش بايشنت بمشاركه الصوت الرائع ياسمينه جنبلاط هيي بتكون حفيده الفنانه الكبيره اسمهان اجتمعو بليله بتحمل عنوان لقاء علي شرق جديد اخر مهرجان بدي احكي عنو هوي الاقدم بين التلاتي مهرجان بعلبك الدولي بلش مهرجان بعلبك سنه الألف و تسعمائة و خمسة و خمسون وحصل علي شعبيه كبيره من كافه الدول بصير بالاكروبول الروماني القديم بمدينه بعلبك اللي بعدا محافظه علي معلما السياحي واثاراتا الرومانيه الجاز والموسيقي العالميه الحديثه نشا مهرجان بعلبك وحصل علي دعم وتشجيع من الرئيس اللبناني السابق كميل شمعون اللي كان بدو ياكد علي دور لبنان بتطوير الثقافه والحضاره وكمان موقع هيدا المهرجان بين هياكل واثارات مدينه بعلبك كان الو تاثير كبير علي ضخامه الاعمال الفنيه اللي في بين جمال مدينه بعلبك والفن اللي خلال الحرب اللبنانيه توقف المهرجان لمده اثنان و عشرون سنه
C:\Users\user\Desktop\audio\audio\087_episode-5-three-popular-music-festivals\2027244-three-popular-music-festivals_chunk0023_000415040-000427355.wav,ضمن هالسنين قدمت لجنه المهرجان كتاب من ثلاثمائة صفحه بيحمل تاريخ وصور لاهم الحفلات اللي اقيمت ببعلبك بالاضافه لشهادات من الفنانين اللي
C:\Users\user\Desktop\audio\audio\087_episode-5-three-popular-music-festivals\2027244-three-popular-music-festivals_chunk0024_000434399-000454619.wav,جوني هاليداي نينا سيمون ستينغ ميكا فيروز ابراهيم معلوف ام كلثوم بن هاربر وفرقه ديب بربل شكرا علي استماعكن وانشالله تكونو استمتعتو بالحلقه ترقبوني بحلقه جديده قريبا
C:\Users\user\Desktop\audio\audio\088_episode-4-proverb-a-handful-of-lentils\1978534-expression-a-handful-of-lentils_chunk0000_000000000-000018940.wav,مرحبا واهلا وسهلا فيكن بحلقه جديده من لانغويج وايف اليوم رح نحكي عن قصه مثل لبناني معروف و معظمنا سامع فيه بس ما منعرف شو قصتو فخلونا اليوم نتعرف سوا اكثر عن هيدا المثل ومن وين اجا و ايمتا بينقال
C:\Users\user\Desktop\audio\audio\088_episode-4-proverb-a-handful-of-lentils\1978534-expression-a-handful-of-lentils_chunk0001_000022999-000047159.wav,يلي بيعرف بيعرف ويلي ما بيعرف بيقول كف عدس كان يا ما كان بقديم الزمان بضيعه صغيره من ضيع لبنان شاب وصبيه كانو جيران حبو بعضن و تعلقو ببعضن كتير لدرجه انو اتفقو يتزوجو بس كان في مشكله كبيره وهي انو بيا للصبيه ما كان بيعرف بهيدا الحب
C:\Users\user\Desktop\audio\audio\088_episode-4-proverb-a-handful-of-lentils\1978534-expression-a-handful-of-lentils_chunk0002_000046159-000060879.wav,و كان بنفس الوقت عم بخططلا لحياه تانيه و مع حدا تاني مع مين مع ابن عما يلي كان البي حاسو انو مناسب لبنتو وحيعيشا حياه حلوه وحتكون مبسوطه ومرتاحه معو
C:\Users\user\Desktop\audio\audio\088_episode-4-proverb-a-handful-of-lentils\1978534-expression-a-handful-of-lentils_chunk0003_000062119-000073900.wav,عرف الشاب والصبيه بهالخبريه وكانت صدمه قويه احتارو شو بدن يعملو وشو حيصير بمستقبلن وحبن الكبير
C:\Users\user\Desktop\audio\audio\088_episode-4-proverb-a-handful-of-lentils\1978534-expression-a-handful-of-lentils_chunk0004_000075860-000088208.wav,انو احسن طريقه هي انو يتلاقوا علي سطح ب حجه انو هي طالعه تنقي العدس من ال بحص والقش لتخزنن للمونه وكان الشاب طالع تيساعدا
C:\Users\user\Desktop\audio\audio\088_episode-4-proverb-a-handful-of-lentils\1978534-expression-a-handful-of-lentils_chunk0005_000091026-000096725.wav,عم يتلاقوا علي السطح و حبن عم
C:\Users\user\Desktop\audio\audio\088_episode-4-proverb-a-handful-of-lentils\1978534-expression-a-handful-of-lentils_chunk0006_000098640-000112599.wav,بيعرف بهيدا الحب ولا بهيدا بس لسوء حظن بيوم من الايام بشوفا ابن عما للصبيه بال صدفه مع حبيبا علي السطح
C:\Users\user\Desktop\audio\audio\088_episode-4-proverb-a-handful-of-lentils\1978534-expression-a-handful-of-lentils_chunk0007_000245076-000248673.wav,وبسرعه راح خبر بيا يللي جن و خوت من هالخبريه وبلا تفكير طلع علي السطح ناوي علي هالشاب المسكين الشاب و ارتعب و و اهل الضيعه محترين شو عامل هالشاب حتي لحقوا البي واستغربو اهل الضيعه انو معقول معقول لاحقو كرمال سرق منو كف عدس هرب الشاب و اختفي و ما عاد حدا لا سمع فيه ولا شافو وصار البي يسمع اهل الضيعه عم بلوموه وعم بالفو قصص وحكايات عن هالخبريه بس ما كان حدا بيعرف شو هي القصه الحقيقيه يلي البي ما خبرا لحدا لانو كان بيعتقد انو هيدا الحب السري باثر علي سمعتو و سمعه بنتو وصورتن بالضيعه فهو ما كان لاحقو كرمال سرق منو كف عدس وصار كل ما البي يسمع حدا عم يحكي او عم يسالو بالقصه بقلو يلي بيعرف بيعرف ويلي ما بيعرف بقول كف عدس وهيك ومن وقتا صار المثل بينقال وقت الناس تحكي شو عم بتشوف بلا ما تعرف الحقيقه ويلي بيعرف بيعرف و يلي ما بيعرف بقول كف عدس وهلا خليني خبركن شوي عن قصه صارت معنا عن هيدا المثل من سنتين تقريبا انخطبت بنت جيرانا والجيران ما في غير بشوفو هيدا العريس عم يفتح باب السياره لخطيبتو كل ما بدا تطلع او تنزل من السياره وبقولو مش قليله هالعروس طالعلا حظ ومش بعيده تكون عاملتلو سحر انو علي شو كل هيدا الحب و الاهتمام انو معقول كل ما بدا تطلع وتنزل من السياره بدو يفتحلا الباب بيعرفوه انو باب السياره ما بيفتح الا لانو كان الباب منزوع فالعروس ما فيا تفتحو لحالا وهيك بس وصل للعروس خبر شو عم بقولو الجيران تنهدت وقالت ايه يلي بيعرف بيعرف و يلي ما بيعرف بقول كف عدس
C:\Users\user\Desktop\audio\audio\088_episode-4-proverb-a-handful-of-lentils\1978534-expression-a-handful-of-lentils_chunk0008_000255039-000272040.wav,وهيك منكون حكينا شوي اليوم عن المثل اللبناني المعروف وحكينا شو القصه ومن وين اجا وايمتا بينقال بتمنا تكونو حبيتو حلقتنا لليوم ونحنا كالعاده منحب نسمع اقترحاتكن وتعليقاتكن علي حلقاتنا و انا لين وبشوفكن بحلقه جديده من لانغويج وايف
C:\Users\user\Desktop\audio\audio\088_episode-4-proverb-a-handful-of-lentils\1978534-expression-a-handful-of-lentils_chunk0009_000275320-000277619.wav,مع السلامه
C:\Users\user\Desktop\audio\audio\089_episode-3-jeita-grotto-caves\2026740-jeita-grotto-caves_chunk0000_000012470-000013995.wav,The Jeita Grotto Arabic مغاره جعيتا is one of Lebanon s most famous natural wonders It is a world
C:\Users\user\Desktop\audio\audio\089_episode-3-jeita-grotto-caves\2026740-jeita-grotto-caves_chunk0001_000238284-000249967.wav,renowned system of interconnected limestone caves spanning about تسعة kilometers parts of which are only accessible by boat Jeita Grotto is one of the most spectacular places in the world to see stalactites and stalagmites Dareen tells us about the magnificent caves and her first visit to see them when she was a child سلامات يا حلوين انا داريم من هالبلد اللي كتير مميز بطبيعتو وبناسو وبطقسو الحلو لهيك اليوم اخترت عرفكن علي وحده من اشهر معالمو السياحيه اللي اسما مغاره جعيتا ب مغاره جعيتا يمكن ما بتعرفو هالمغاره كانت علي قائمه ال مرشحين للوصول لعجايب الدني الطبيعيه السبعه بس لانو لبنان بلد صغير من ناحيه عدد سكانو فما قدرت نسبه التصويت انو تنجحا وما قدرت هالمغاره تربح هلا بس خبركن شوي عن هالمغاره من المغاره كونا حلوه و ساحره بشكل غريب رح تعرفو اديش هالمغاره كان عندا حظوظ انا توصل لعجايب الدني السبعه وما زبطت مغاره جعيطه بتبعد عن بيروت عاصمه لبنان حوالي وخلال مشواركن لحتي توصلو لهالمغاره رح تمرقو بكتير مطارح حلوه بلبنان وواحد منن وادي اسمو وادي نهر الكلب الاثري اللي اصلا بحد ذاتو من اجمل ال وديان الطبيعيه بلبنان وطقسو دايما حلو فما في مشكله اذا زرتوا بالصيف او بالشتا قصه كتير مهضومه لما كان في مستكشف اميركاني اسمو ويليام طومسون عم يتصيد بالوادي وشاف فتحه هيك بالجبل عم يضهر منا مي كانا نبع فرفع بارودتو و قوص بنص هالفتحه وسمع انو هالرصاصه راحت مسافه طويله وعملت صدي قوي واكتشف انو في مغاره عميقه بهالمكان بس بوقتا مش كتير اهتمو وبقيت هالمغاره نايمه بدون ما حدا يعرفا تقريبا لحتي بعدين علما الطبيعه اكتشفوا سنه ألف و تسعمائة و ثمانية و خمسون مكونه من وحده صخريه يعني بتفوتولا مشي علي الاجرين والتانيه مائيه يعني بتستعينو بالقوارب الصغيره لحتي تتفرجو عليا هلا الجزء الصخري مكون من نوع من الصخور اللي منقلو الكارستي وهيدا النوع ب تتشكل منو معظم جبال لبنان هيدا الصخر او الحجر اللي بيميزو انو بصير يدوب مع المي والشتا وبتصير تتكون المغاره وبعد ملايين ملايين السنين بتصير هالصخور تاخد اشكال رائعه و ناعمه وتلمع متل كانا شمع دايب بنصو حبات كريستال ايدكن علي الصخور بس هني حجر طبيعي ميه بالميه هالجزء الصخري من المغاره طولا حوال اثنان كيلومتر بتتخيلو اثنان كيلومتر بس الزوار ما بيقدرو يفوتو علي اكتر من ثمانمائة متر لانو جوا بخف الاكسيجين اللي منتنفسو ومنكون عم نعرض حالنا للخطر اما الجزء المائي من مغاره جعيتا فهو حوالي أربعة كيلومتر اوف عنجد شو كبيره وهالجزء من المغاره بتفوتولو متل ما قلتلكن او بالمراكب او شخاتير صغيره معموله من الخشب الخفيف وزنا خفيف كتير ومرات شخاتير تانيه بتنفخ بالهوا كرمال ما تاذي الصخور علي اكتر من بعد ما يتاكدو انكن لابسين سترات الهوا المنفوخه اللي بتحميكن من الغرق لانو مرات المي بتكون كتير غميقه هالمغاره بس مئتا متر لسنه ألفان و تسعة عشر بس طولا الاساسي هو تسعة الاف متر يعني تسعة كيلومتر عنجد من اكبر واجمل ال عجايب اللي بتصنعا الطبيعه هي هالمسافه الكبيره واللي بعدا لليوم محافظه علي رونقا وروعتا و اصالتا
C:\Users\user\Desktop\audio\audio\089_episode-3-jeita-grotto-caves\2026740-jeita-grotto-caves_chunk0002_000252924-000259545.wav,تحدت كتير عوامل مش بس طبيعيه كمان اجتماعيه وخاصه بعد الحروب وبقيت هالمغاره صامده
C:\Users\user\Desktop\audio\audio\089_episode-3-jeita-grotto-caves\2026740-jeita-grotto-caves_chunk0003_000263579-000283266.wav,وقامت الدوله عملت جنينات طبيعيه ومواقف سيارات ورجعت الناس تزورا من سنه ألف و تسعمائة و خمسة و تسعون بعد ما كانت تسكرت تخيلو لحوالي العشرين سنه من قبل بس حتي هالزيارات فيها كتير
C:\Users\user\Desktop\audio\audio\089_episode-3-jeita-grotto-caves\2026740-jeita-grotto-caves_chunk0004_000288559-000295109.wav,لانو نحنا لما نفوت عليا حراره جسمنا بتخليا تتاثر وبيصير يطلع نباتات وحشيش منسميين ال طحالب
C:\Users\user\Desktop\audio\audio\089_episode-3-jeita-grotto-caves\2026740-jeita-grotto-caves_chunk0005_000298105-000306000.wav,هني زيتهم اللي منشوفهم علي صخور البحر منصير نشوفهم علي صخور المغاره وبالتالي بتصير
C:\Users\user\Desktop\audio\audio\089_episode-3-jeita-grotto-caves\2026740-jeita-grotto-caves_chunk0006_000309820-000325410.wav,وكمان ما بيسمحو العلما انو تلمسو هالصخور بالايدين لانو مع مرور الوقت منكون عم ننقل جراثيم ولهيدا السبب في عمال بيقومو بتنضيف هالصخور دايما بمواد خاصه بترجعلا لمعتا ولونا اللي متل العاج
C:\Users\user\Desktop\audio\audio\089_episode-3-jeita-grotto-caves\2026740-jeita-grotto-caves_chunk0007_000331056-000335608.wav,لازم يكون كتير خفيف كرمال ما منشان هيك
C:\Users\user\Desktop\audio\audio\089_episode-3-jeita-grotto-caves\2026740-jeita-grotto-caves_chunk0008_000338340-000343525.wav,من زمان كتير قبل ما يتطور العلم كانت الدوله فيديو كليبات
C:\Users\user\Desktop\audio\audio\089_episode-3-jeita-grotto-caves\2026740-jeita-grotto-caves_chunk0009_000346660-000370091.wav,وافلام وثائقيه بقلب هالمغاره بس بعدين لما اكتشفو انها عم تتاثر وقفو هالشي وصار مش مسموح الا تحت شروط كتير قاسيه ولوقت كتير محدد للحفاظ عليا انا بتذكر لما رحت زرتا كنت بعدني بال مدرسه يا الله شو كانت ذكرياتي حلوه هونيك
C:\Users\user\Desktop\audio\audio\089_episode-3-jeita-grotto-caves\2026740-jeita-grotto-caves_chunk0010_000369480-000397079.wav,الطقس كتير حلو شويه برد بس حلو وكنت عم امشي مع اصحابي اللي كانو كتير مندهشين فيا دهاليز وطلعات ونزلات وما حدا عم يحكي مع حدا قد ما فيا سحر وليك قديش صرلي سنين طويله ما رجعت زرتا بس بعدني بذكر اني كتير انبسطت هونيك وانو في لحظات بتتفاجئو من العجايب اللي ممكن تعملا الطبيعه بالارض
C:\Users\user\Desktop\audio\audio\089_episode-3-jeita-grotto-caves\2026740-jeita-grotto-caves_chunk0011_000398340-000403220.wav,ما وصلت العجايب الدنيا السابعه بس هي اكيد
C:\Users\user\Desktop\audio\audio\089_episode-3-jeita-grotto-caves\2026740-jeita-grotto-caves_chunk0012_000404733-000406506.wav,علي لبنان
C:\Users\user\Desktop\audio\audio\089_episode-3-jeita-grotto-caves\2026740-jeita-grotto-caves_chunk0013_000408420-000415279.wav,بتمني تكونو حطيتو مغاره جعيتا علي ليسته مشاريعكن لهالسنه وشكرا كتير لانكن سمعتوني وانشالله تكونو تسليتو
C:\Users\user\Desktop\audio\audio\089_episode-3-jeita-grotto-caves\2026740-jeita-grotto-caves_chunk0014_000418200-000420200.wav,تابعوني بحلقه
C:\Users\user\Desktop\audio\audio\090_episode-2-chouwen-lake\1790926-chouwen-lake_chunk0000_000000000-000005941.wav,مرحبا واهلا وسهلا فيكن معي انا مريم بحلقه جديده و ممتعه عاللانغويج وايف
C:\Users\user\Desktop\audio\audio\090_episode-2-chouwen-lake\1790926-chouwen-lake_chunk0001_000007760-000036220.wav,شهر العسل هو شي كتير ناس حول العالم بتحلم فيه والمعروف انو شهر العسل هو سفره حلوه بيختاروا بعض العرسان حسب ميولن او شو بحبو البلد عشره ايام او اكتر مباشره بعد زواجن حتي يغيرو جو و يكسرو الروتين ذكري بتضل معن كل العمر
C:\Users\user\Desktop\audio\audio\090_episode-2-chouwen-lake\1790926-chouwen-lake_chunk0002_000035380-000062163.wav,من كم شهر لورا انا كمان كنت عم خطط لشهر العسل قبل زواجي وبعد شويه احاديث انا وخطيبي يعني زوجي هلا توصلنا انو نحنا ما بدنا نسافر بدنا نعمل شهرعسلنا سياحه بلبنان ومش اسبوع وولا عشره ايام لاء رح تكون علي مده اطول بكتير نحنا منقرر ايمتا بتخلص
C:\Users\user\Desktop\audio\audio\090_episode-2-chouwen-lake\1790926-chouwen-lake_chunk0003_000062875-000090478.wav,ليش لنسافر حتي نشوف جمال العالم ونحنا بلدنا بعدنا مش مكتشفينو ولا منعرفو منيح بحلقه اليوم رح خبركن عن اخر مشوار طلعناه انا وزوجي هالصيفيه كجزء من شهر عسلنا اللي ما خلص واللي كان مسير جبلي بمحميه جبل موسي وتحديدا عند بحيره شوان بشمال لبنان بالصدفه ويوم سبت بالليل
C:\Users\user\Desktop\audio\audio\090_episode-2-chouwen-lake\1790926-chouwen-lake_chunk0004_000090071-000110809.wav,شفنا صوره عالانترنت لبحيره خياليه ب وادي
C:\Users\user\Desktop\audio\audio\090_episode-2-chouwen-lake\1790926-chouwen-lake_chunk0005_000109809-000130547.wav,بين جبال خضره كتير تحت عنوان جنه
C:\Users\user\Desktop\audio\audio\090_episode-2-chouwen-lake\1790926-chouwen-lake_chunk0006_000129547-000154139.wav,شوان عند نهر ابراهيم البحيره هي بركه مي بس علي ومتل ما تعودنا انا وزوجي منحب المغامره وانو نكتشف المناطق ونوصلا بسيارتنا علي خرايط غوغل وبدون مساعده من حدا ما كتير لقينا معلومات عن المنطقه او كيف الوضع فوق بس تاني يوم الساعه سبعه الصبح انطلقنا من بيروت قاصدين البحيره خلوني احكيلكن شوي عن المنطقه وعن نهر ابراهيم اللي يعتبر من اشهر الانهار بشمال لبنان هالنهر بيبلغ طولو واحد و ثلاثون كم و بينبع من مغاره افقا ونبع العاقوره افقا والعاقوره هني من اجمل الضيع السياحيه بشمال لبنان كمان بحيره شوان هي جزء من النهر و بتوقع ضمن محميه جبل موسي
C:\Users\user\Desktop\audio\audio\090_episode-2-chouwen-lake\1790926-chouwen-lake_chunk0007_000154000-000173399.wav,المسافه بين بيروت واخر نقطه بتوصلا السياره قبل البحيره هي ثمانية و أربعون كلم يعني اذا ما في عجقات سير عالطريق بتاخد شي ساعه وعشر دقايق بالسياره وقت وصلنا استقبلنا مارسيل اللي هو المسؤول عن المحميه
C:\Users\user\Desktop\audio\audio\090_episode-2-chouwen-lake\1790926-chouwen-lake_chunk0008_000175380-000197999.wav,وخبرنا عن المحميه اكتر وهون دفعنا دخوليه قيمتا ثمانية آلاف ليره لبنانيه للشخص الواحد اخدنا الاكل والمي بالشنط عالضهر وبلشنا المسير الجبلي من بوابه المحميه حوالي ساعه مشي متوسطه الصعوبه بين طلعات ونزلات بالجبل والوادي
C:\Users\user\Desktop\audio\audio\090_episode-2-chouwen-lake\1790926-chouwen-lake_chunk0009_000197800-000225580.wav,واخيرا بتبلش تنكشف قدامكن ميه البحيره الزرقا وسط جبلين مليانين خضار عالطريق في اكتر من نبع مي طبيعي بتقدرو ترتاحو عندن و تشربو مي بارده عم تنزل من قلب الصخور وفي بعدين مرتبه من حديد و خشب مبنيه من قبل المحميه حتي تاخدو احلي صوره تذكاريه من فوق مع البحيره
C:\Users\user\Desktop\audio\audio\090_episode-2-chouwen-lake\1790926-chouwen-lake_chunk0010_000224580-000242807.wav,والجبال وبعدا بتكفو المسير شي ربع ساعه لتوصلو ل درج طويل بين الشجر بنهايتو بتبلش ضفه البحيره قعدنا عالضفه تحت الشجر وحطينا ترويقتنا اللي حملناها معنا بالشنط حد المي الزرقا النضيفه
C:\Users\user\Desktop\audio\audio\090_episode-2-chouwen-lake\1790926-chouwen-lake_chunk0011_000242839-000265959.wav,احترمنا قانون المحميه بمنع السباحه بالبحيره للحفاظ علي نضافتا وبسبب تيار المي القوي واللي للاسف اغلب الناس مش متايده فيه القعده كانت عنجد روعه الهويات مع الشمس والمي بهالخضار فعلا متل ما كان مكتوب هي جنه شوان
C:\Users\user\Desktop\audio\audio\090_episode-2-chouwen-lake\1790926-chouwen-lake_chunk0012_000265980-000293540.wav,وتقريبا عند نص النهار بلشت كتير وفود سياحيه توصل وعجقت فقررنا نرجع وطريق الرجعه كانت نفس المسار الجبلي اللي نزلنا منو اكيد التعب بهالرحله كان كتير بس تعب حلو وعنجد بيستحق لاكتشاف كل هالجمال ببلد متل لبنان مساحتو يمكن صغيره بس فيا كتير جنات مخبايه
C:\Users\user\Desktop\audio\audio\090_episode-2-chouwen-lake\1790926-chouwen-lake_chunk0013_000254122-000255711.wav,متايده
C:\Users\user\Desktop\audio\audio\091_episode-1-mezza\1637659-untitled-episode_chunk0000_000000000-000017420.wav,اهلا وسهلا فيكن ب حلقه جديده من لانغويج وايف انا لين واليوم رح نحكي عن موضوع كتير مهم بال ثقافه اللبنانيه موضوع بمثل لبنان بصوره كتير حلوه بقلب لبنان و بالخارج كمان حنحكي شوي عن المازه اللبنانيه
C:\Users\user\Desktop\audio\audio\091_episode-1-mezza\1637659-untitled-episode_chunk0001_000019389-000042496.wav,كتير منا سامع بالمازه اللبنانيه بس كتير ما بيعرف شو يعني مازه وهلا وبكم دقيقه رح احكي شوي عن هيدا الموضوع حنحكي شو يعني مازه لبنانيه وشو هي الاطباق يلي بتكون المازه اللبنانيه ولشو بترمز وبعدين حاحكي شوي عن حالي وقول شو اكتر طبق انا بحبو بالمازه وليش
C:\Users\user\Desktop\audio\audio\091_episode-1-mezza\1637659-untitled-episode_chunk0002_000044299-000053739.wav,اول شي شو هيي المازه اللبنانيه اللبنانيه هي عباره عن اطباق اكل ووجبات خفيفه
C:\Users\user\Desktop\audio\audio\091_episode-1-mezza\1637659-untitled-episode_chunk0003_000054784-000064930.wav,بتتقدم علي ال سفره قبل ما تتقدم الوجبه الرئيسيه والهدف منا انو تهيئ القاعد علي السفره وتفتحلو نفسو لبعدين ياكل الوجبه الرئيسيه
C:\Users\user\Desktop\audio\audio\091_episode-1-mezza\1637659-untitled-episode_chunk0004_000066674-000092800.wav,بتتالف المازه اللبنانيه من كتير اطباق وبتتعدد ب مكوناتا ففي منا معمول بخضرا وفي منا معمول ب لحمه وفي اطباق تانيه معموله من لحمه و خضرا ومن اكتر اطباق المازه اللبنانيه المشهوره والمعروفه منذكر بابا غنوج متبل بحمص ورق عنب بزيت بطاطا حره هندبه
C:\Users\user\Desktop\audio\audio\091_episode-1-mezza\1637659-untitled-episode_chunk0005_000091800-000102317.wav,فتوش وتبوله وكمان ما مننسي الكبه يلي بتتنوع بين الكبه المقليه الكبه النيه والكبه المشويه وغيرها كتير
C:\Users\user\Desktop\audio\audio\091_episode-1-mezza\1637659-untitled-episode_chunk0006_000103360-000108917.wav,ويلي بميز المازه اللبنانيه كمان هي عباره عن اكتر
C:\Users\user\Desktop\audio\audio\091_episode-1-mezza\1637659-untitled-episode_chunk0007_000110559-000117839.wav,هي عباره عن رمز اجتماعي بتقرب وبتقوي ال علاقه بين الرفقه والاهل والاصحاب
C:\Users\user\Desktop\audio\audio\091_episode-1-mezza\1637659-untitled-episode_chunk0008_000215936-000226242.wav,و بتخلق ذكريات كتير حلوه فشو في شي ممكن يقوي العلاقه بين الرفقه والاهل غير انو ياكلو علي سفره وحده ومن نفس الاطباق فهيك منلاقي بكل جمعه لبنانيه حلوه في مازه شخصيا بحب الميزه اللبنانيه واكتر طبق بالمازه اللبنانيه بحبو هوي التبوله ليه لانو من اربع سنين كانت اول مره بطلع فيا علي ضيعتي قرايبين بيي عزمونا عالضيعه وبوقتا كانت اول مره بزور فيا ضيعتي الحلوه وبتعرف علي اهلا ال كرما و الحلوين وعلي اكلا الطيب بهيداك النهار كنا معزومين علي الغدا ووقت نقول غدا لبناني اكيد منفكر مازه المازه اللبنانيه هي جزء ما بيتجزا من السفره اللبنانيه كان صحن وليلي ما بيعرف التبوله هي نوع من المازه اللبنانيه محضرا من خضرا وبتحتوي علي بقدونس بندوره برغل حامض نعنع بصل اخضر زيت زيتون وملح حطيناها بهيدا الصحن كانت كلها مقطفه من فهي خضرا طبيعيه عضويه او بالانكليزي organic قطفنا الخضرا سوا وحضرنا صحن التبوله و تشاركنا باكلو وما بنسي هيدا النهار ابدا لانو كانت الاجواء حلوه والتبوله كانت طيبه والحلو بالمازه اللبنانيه انو بتخلق ذكريات كتير حلوه لانا بتكون بالجمعات والاجواء الحلوه فلهلا كل ما بدوق صحن التبوله بتذكر هيدا النهار
C:\Users\user\Desktop\audio\audio\091_episode-1-mezza\1637659-untitled-episode_chunk0009_000227793-000253380.wav,هي الطبق المفضل عندي وهيك منكون حكينا اليوم شوي عن المازه اللبنانيه وعلي شو ب تحتوي و ايمتي ومع مين بتتاكل ولشو بترمز وبكون حكيت شوي عن حالي وخبرتكن عن طبقي المفضل بالمازه اللبنانيه ولي هو طبقي المفضل ولهون بتكون خلصت حلقتنا لليوم
C:\Users\user\Desktop\audio\audio\091_episode-1-mezza\1637659-untitled-episode_chunk0010_000252380-000266299.wav,ونحنا متل العاده منحب دايما نسمع اقترحاتكن وتعليقاتكن علي حلقاتنا بتمني تكون عجبتكن حلقتنا وبتمني شوفكن بحلقات جديده من لانغويج وايف شكرا كتير ومع السلامه
